ad_url,advertiser,category,relevant,status_active,start,end,days,target_gender,target_age_min,target_age_max,target_locations,eu_total_reach,pct_female,pct_male,pct_unknown,pct_18-24,pct_25-34,pct_35-44,pct_45-54,pct_55-64,pct_65+,F_18-24,F_25-34,F_35-44,F_45-54,F_55-64,F_65+,M_18-24,M_25-34,M_35-44,M_45-54,M_55-64,M_65+,angles,primary_text,landing_url
https://www.facebook.com/ads/library/?id=1275023818033998,Deroli Cosmetics,A. Ingrown-hair treatment (direct),True,False,2026-04-19,2026-04-23,5,All,18,65,Bulgaria,11204,93.2,6.1,0.7,54.5,35.4,6.6,2.2,0.8,0.6,5577,3550,617,195,64,53,257,247,93,40,16,9,dynamic/catalog (copy not visible),{{product.brand}},https://derolibg.com/products/smooth-roller
https://www.facebook.com/ads/library/?id=1315126500473191,Deroli Cosmetics,A. Ingrown-hair treatment (direct),True,False,2026-04-19,2026-04-22,4,All,18,65,Bulgaria,2085,69.9,29.3,0.8,44.1,34.4,12.3,5.7,2.3,1.3,726,490,140,77,34,21,206,238,117,43,15,5,failed/painful alternatives; mechanism/education; fast-result promise; discount/urgency,"Враснали косми, тъмни петна и раздразнена кожа след депилация –  три проблема, с които всяка жена се е борила поне веднъж.  Повечето решения са болезнени, скъпи или просто не работят.  Нашата формулата с BHA, AHA и PHA прониква дълбоко в порите, освобождава враснали косми и изглажда кожата само за 7 дни – без болка, без посещение при козметик, без компромиси.  98% от жените виждат видима разлика още в първата седмица. Подходящ за бикини зона, крака и подмишници.  Пазарувай тук: https://derolibg.",https://derolibg.com/products/smooth-roller
https://www.facebook.com/ads/library/?id=1272228545102742,Deroli Cosmetics,A. Ingrown-hair treatment (direct),True,False,2026-04-19,2026-04-22,4,All,18,65,Bulgaria,300,75.6,24.1,0.3,21.8,28.1,19.5,15.5,9.6,5.6,52,62,47,34,21,13,13,23,12,13,8,4,dynamic/catalog (copy not visible),{{product.brand}},https://derolibg.com/products/smooth-roller
https://www.facebook.com/ads/library/?id=944891101631684,Deroli Cosmetics,A. Ingrown-hair treatment (direct),True,False,2026-04-19,2026-04-19,1,All,18,65,Bulgaria,5,80.0,0.0,20.0,0.0,0.0,0.0,0.0,60.0,40.0,0,0,0,0,2,2,0,0,0,0,0,0,dynamic/catalog (copy not visible),,https://derolibg.com/products/smooth-roller
https://www.facebook.com/ads/library/?id=1658061775509838,Deroli Cosmetics,A. Ingrown-hair treatment (direct),True,False,2026-04-19,2026-04-21,3,All,18,65,Bulgaria,18,27.8,72.2,0.0,33.3,50.0,0.0,5.6,5.6,5.6,1,2,0,1,0,1,5,7,0,0,1,0,shame/hiding & confidence; failed/painful alternatives; fast-result promise; summer/beach,"Уморена ли си да криеш кожата си?  От враснали косми по бикини зоната, от тъмните петна по краката, от раздразнението след всяка депилация – неща, с които не трябва да се примиряваш.  Заслужаваш кожа, която показваш с увереност – на плажа, в интимни моменти, всеки ден. Не след сложни и скъпи процедури, а с едно просто нанасяне на ден от вкъщи.  Един рол-он. Седем дни. Толкова е просто.  Пазарувай тук: https://derolibg.com/products/smooth-roller",http://derolibg.com/
https://www.facebook.com/ads/library/?id=1502043934927778,Deroli Cosmetics,A. Ingrown-hair treatment (direct),True,False,2026-05-04,2026-05-05,2,Women,18,65,Bulgaria,17,100.0,0.0,0.0,29.4,52.9,17.6,0.0,0.0,0.0,5,9,3,0,0,0,0,0,0,0,0,0,dynamic/catalog (copy not visible),{{product.brand}},https://derolibg.com/products/smoothing-solution
https://www.facebook.com/ads/library/?id=1277157651292625,Deroli Cosmetics,A. Ingrown-hair treatment (direct),True,True,2026-05-04,2026-10-06,156,Women,18,65,Bulgaria,23255,94.2,5.2,0.6,40.1,33.3,18.3,6.3,1.5,0.5,8871,7256,3945,1316,306,101,320,408,269,136,49,19,dynamic/catalog (copy not visible),{{product.brand}},https://derolibg.com/products/smoothing-solution
https://www.facebook.com/ads/library/?id=1420963646502602,Deroli Cosmetics,A. Ingrown-hair treatment (direct),True,True,2026-05-04,2026-10-03,153,Women,18,65,Bulgaria,556,96.1,3.5,0.4,26.9,35.7,26.2,8.1,2.2,0.9,143,189,136,41,10,3,2,4,6,3,2,2,dynamic/catalog (copy not visible),{{product.brand}},https://derolibg.com/products/smoothing-solution
https://www.facebook.com/ads/library/?id=4335667636751697,Deroli Cosmetics,A. Ingrown-hair treatment (direct),True,True,2026-05-04,2026-10-05,155,Women,18,65,Bulgaria,35101,94.0,5.5,0.6,42.9,36.9,14.7,4.2,0.9,0.4,14370,12171,4791,1326,280,125,617,760,368,137,31,19,dynamic/catalog (copy not visible),{{product.brand}},https://derolibg.com/products/smoothing-solution
https://www.facebook.com/ads/library/?id=1272999705036195,Deroli Cosmetics,A. Ingrown-hair treatment (direct),True,False,2026-05-04,2026-08-28,117,Women,18,65,Bulgaria,39983,89.7,9.5,0.7,32.1,35.1,22.3,8.0,1.8,0.7,11900,12415,7743,2758,603,227,716,1458,1066,415,98,36,dynamic/catalog (copy not visible),{{product.brand}},https://derolibg.com/products/smoothing-solution
https://www.facebook.com/ads/library/?id=2114944995746890,Deroli Cosmetics,A. Ingrown-hair treatment (direct),True,False,2026-05-04,2026-05-05,2,Women,18,65,Bulgaria,220,92.7,7.3,0.0,46.4,26.4,18.6,6.4,1.8,0.5,99,54,36,11,3,1,3,4,5,3,1,0,dynamic/catalog (copy not visible),{{product.brand}},https://derolibg.com/products/smoothing-solution
https://www.facebook.com/ads/library/?id=1686005882750535,Deroli Cosmetics,A. Ingrown-hair treatment (direct),True,False,2026-05-04,2026-05-05,2,Women,18,65,Bulgaria,982,91.8,7.4,0.8,50.4,37.4,9.0,2.0,0.6,0.5,464,326,80,17,5,4,24,36,7,3,1,1,dynamic/catalog (copy not visible),{{product.brand}},https://derolibg.com/products/smoothing-solution
https://www.facebook.com/ads/library/?id=946734571517749,Deroli Cosmetics,A. Ingrown-hair treatment (direct),True,True,2026-05-04,2026-10-06,156,Women,18,65,Bulgaria,34468,94.5,4.9,0.6,38.5,38.4,15.5,5.5,1.5,0.6,12557,12311,4893,1716,433,186,423,650,350,148,63,18,dynamic/catalog (copy not visible),{{product.brand}},https://derolibg.com/products/smoothing-solution
https://www.facebook.com/ads/library/?id=951623180938096,Deroli Cosmetics,A. Ingrown-hair treatment (direct),True,True,2026-05-04,2026-10-04,154,Women,18,65,Bulgaria,10542,93.9,5.6,0.6,45.6,34.9,13.7,4.3,1.0,0.5,4530,3399,1326,403,88,48,194,222,102,40,13,8,dynamic/catalog (copy not visible),{{product.brand}},https://derolibg.com/products/smoothing-solution
https://www.facebook.com/ads/library/?id=35134290669548934,Deroli Cosmetics,A. Ingrown-hair treatment (direct),True,True,2026-05-05,2026-10-06,155,Women,18,65,Bulgaria,39257,95.9,3.7,0.4,43.2,34.7,14.9,5.3,1.4,0.4,16187,12887,5433,1900,494,148,430,473,299,145,46,21,dynamic/catalog (copy not visible),{{product.brand}},https://derolibg.com/products/smoothing-solution
https://www.facebook.com/ads/library/?id=26610984555252096,Deroli Cosmetics,A. Ingrown-hair treatment (direct),True,True,2026-05-07,2026-10-03,150,Women,18,65,Bulgaria,744,95.1,4.6,0.3,33.1,38.6,21.3,5.4,0.8,0.8,238,263,150,37,5,5,5,18,6,3,1,1,dynamic/catalog (copy not visible),{{product.brand}},https://derolibg.com/products/smoothing-solution
https://www.facebook.com/ads/library/?id=1024217403456991,Deroli Cosmetics,A. Ingrown-hair treatment (direct),True,True,2026-06-20,2026-10-06,109,Women,18,65,Bulgaria,6932,91.8,7.6,0.6,35.1,40.4,19.0,4.5,0.6,0.4,2362,2689,1243,302,39,23,162,229,126,27,3,3,failed/painful alternatives; mechanism/education; fast-result promise; discount/urgency,"Враснали косми, тъмни петна и раздразнена кожа след депилация –  три проблема, с които всяка жена се е борила поне веднъж.  Повечето решения са болезнени, скъпи или просто не работят.  Нашата формулата с BHA, AHA и PHA прониква дълбоко в порите, освобождава враснали косми и изглажда кожата само за 7 дни – без болка, без посещение при козметик, без компромиси.  98% от жените виждат видима разлика още в първата седмица. Подходящ за бикини зона, крака и подмишници.  Пазарувай тук: https://derolibg.",https://derolibg.com/products/smoothing-solution
https://www.facebook.com/ads/library/?id=1029734312805937,Deroli Cosmetics,A. Ingrown-hair treatment (direct),True,True,2026-06-20,2026-10-06,109,Women,18,65,Bulgaria,50425,91.2,8.3,0.5,32.7,42.2,19.2,4.7,0.8,0.4,15064,19145,8692,2128,338,161,1150,1846,854,227,36,21,failed/painful alternatives; mechanism/education; fast-result promise; discount/urgency,"Враснали косми, тъмни петна и раздразнена кожа след депилация –  три проблема, с които всяка жена се е борила поне веднъж.  Повечето решения са болезнени, скъпи или просто не работят.  Нашата формулата с BHA, AHA и PHA прониква дълбоко в порите, освобождава враснали косми и изглажда кожата само за 7 дни – без болка, без посещение при козметик, без компромиси.  98% от жените виждат видима разлика още в първата седмица. Подходящ за бикини зона, крака и подмишници.  Пазарувай тук: https://derolibg.",https://derolibg.com/products/smoothing-solution
https://www.facebook.com/ads/library/?id=2301460510639874,Deroli Cosmetics,A. Ingrown-hair treatment (direct),True,False,2026-08-03,2026-08-07,5,Women,18,65,Bulgaria,7256,93.7,5.8,0.5,21.8,39.7,27.1,8.8,2.0,0.6,1499,2655,1825,584,137,35,67,181,108,49,7,5,failed/painful alternatives; mechanism/education; fast-result promise; discount/urgency,"Враснали косми, тъмни петна и раздразнена кожа след депилация –  три проблема, с които всяка жена се е борила поне веднъж.  Повечето решения са болезнени, скъпи или просто не работят.  Нашата формулата с BHA, AHA и PHA прониква дълбоко в порите, освобождава враснали косми и изглажда кожата само за 7 дни – без болка, без посещение при козметик, без компромиси.  98% от жените виждат видима разлика още в първата седмица. Подходящ за бикини зона, крака и подмишници.  Пазарувай тук: https://derolibg.",https://derolibg.com/products/smoothing-solution
https://www.facebook.com/ads/library/?id=1471051168376414,Deroli Cosmetics,A. Ingrown-hair treatment (direct),True,False,2026-08-03,2026-08-07,5,Women,18,65,Bulgaria,24275,93.5,6.0,0.5,23.0,36.9,28.4,9.2,1.9,0.6,5256,8265,6316,2034,401,134,234,544,439,167,46,13,failed/painful alternatives; mechanism/education; fast-result promise; discount/urgency,"Враснали косми, тъмни петна и раздразнена кожа след депилация –  три проблема, с които всяка жена се е борила поне веднъж.  Повечето решения са болезнени, скъпи или просто не работят.  Нашата формулата с BHA, AHA и PHA прониква дълбоко в порите, освобождава враснали косми и изглажда кожата само за 7 дни – без болка, без посещение при козметик, без компромиси.  98% от жените виждат видима разлика още в първата седмица. Подходящ за бикини зона, крака и подмишници.  Пазарувай тук: https://derolibg.",https://derolibg.com/products/smoothing-solution
https://www.facebook.com/ads/library/?id=1553004756499926,Deroli Cosmetics,A. Ingrown-hair treatment (direct),True,True,2026-08-06,2026-10-06,62,Women,18,65,Bulgaria,3632,93.0,6.5,0.5,23.7,35.1,28.8,9.6,2.1,0.8,846,1249,1028,337,71,24,54,83,68,30,9,5,failed/painful alternatives; mechanism/education; fast-result promise; discount/urgency,"Враснали косми, тъмни петна и раздразнена кожа след депилация –  три проблема, с които всяка жена се е борила поне веднъж.  Повечето решения са болезнени, скъпи или просто не работят.  Нашата формулата с BHA, AHA и PHA прониква дълбоко в порите, освобождава враснали косми и изглажда кожата само за 7 дни – без болка, без посещение при козметик, без компромиси.  98% от жените виждат видима разлика още в първата седмица. Подходящ за бикини зона, крака и подмишници.  Пазарувай тук: https://derolibg.",https://derolibg.com/products/smoothing-solution
https://www.facebook.com/ads/library/?id=1603053431394356,Deroli Cosmetics,A. Ingrown-hair treatment (direct),True,False,2026-08-06,2026-08-20,15,Women,18,65,Bulgaria,53125,91.7,7.7,0.6,22.3,34.1,27.9,12.0,2.8,0.9,11244,16764,13886,5967,1341,414,759,1584,1136,494,145,45,failed/painful alternatives; mechanism/education; fast-result promise; discount/urgency,"Враснали косми, тъмни петна и раздразнена кожа след депилация –  три проблема, с които всяка жена се е борила поне веднъж.  Повечето решения са болезнени, скъпи или просто не работят.  Нашата формулата с BHA, AHA и PHA прониква дълбоко в порите, освобождава враснали косми и изглажда кожата само за 7 дни – без болка, без посещение при козметик, без компромиси.  98% от жените виждат видима разлика още в първата седмица. Подходящ за бикини зона, крака и подмишници.  Пазарувай тук: https://derolibg.",https://derolibg.com/products/smoothing-solution
https://www.facebook.com/ads/library/?id=1420882626630383,Deroli Cosmetics,A. Ingrown-hair treatment (direct),True,True,2026-08-06,2026-10-06,62,Women,18,65,Bulgaria,1203,91.2,8.4,0.3,24.1,34.0,27.4,11.5,2.0,0.9,280,380,307,125,22,10,16,37,30,17,3,1,failed/painful alternatives; mechanism/education; fast-result promise; discount/urgency,"Враснали косми, тъмни петна и раздразнена кожа след депилация –  три проблема, с които всяка жена се е борила поне веднъж.  Повечето решения са болезнени, скъпи или просто не работят.  Нашата формулата с BHA, AHA и PHA прониква дълбоко в порите, освобождава враснали косми и изглажда кожата само за 7 дни – без болка, без посещение при козметик, без компромиси.  98% от жените виждат видима разлика още в първата седмица. Подходящ за бикини зона, крака и подмишници.  Пазарувай тук: https://derolibg.",https://derolibg.com/products/smoothing-solution
https://www.facebook.com/ads/library/?id=1622593279581302,Deroli Cosmetics,A. Ingrown-hair treatment (direct),True,False,2026-08-06,2026-08-15,10,Women,18,65,Bulgaria,51192,93.5,6.0,0.5,30.0,39.6,21.7,6.9,1.3,0.5,14557,18844,10338,3184,600,240,674,1269,719,309,75,29,failed/painful alternatives; mechanism/education; fast-result promise; discount/urgency,"Враснали косми, тъмни петна и раздразнена кожа след депилация –  три проблема, с които всяка жена се е борила поне веднъж.  Повечето решения са болезнени, скъпи или просто не работят.  Нашата формулата с BHA, AHA и PHA прониква дълбоко в порите, освобождава враснали косми и изглажда кожата само за 7 дни – без болка, без посещение при козметик, без компромиси.  98% от жените виждат видима разлика още в първата седмица. Подходящ за бикини зона, крака и подмишници.  Пазарувай тук: https://derolibg.",https://derolibg.com/products/smoothing-solution
https://www.facebook.com/ads/library/?id=4387115234834729,Deroli Cosmetics,A. Ingrown-hair treatment (direct),True,True,2026-08-14,2026-10-05,53,Women,18,65,Bulgaria,810,89.4,10.2,0.5,27.9,30.5,27.7,10.5,2.8,0.6,209,226,200,78,21,5,20,25,28,9,2,0,failed/painful alternatives; mechanism/education; fast-result promise; discount/urgency,"Враснали косми, тъмни петна и раздразнена кожа след депилация –  три проблема, с които всяка жена се е борила поне веднъж.  Повечето решения са болезнени, скъпи или просто не работят.  Нашата формулата с BHA, AHA и PHA прониква дълбоко в порите, освобождава враснали косми и изглажда кожата само за 7 дни – без болка, без посещение при козметик, без компромиси.  98% от жените виждат видима разлика още в първата седмица. Подходящ за бикини зона, крака и подмишници.  Пазарувай тук: https://derolibg.",https://derolibg.com/products/smoothing-solution
https://www.facebook.com/ads/library/?id=1069278385675428,Deroli Cosmetics,A. Ingrown-hair treatment (direct),True,True,2026-08-18,2026-10-02,46,Women,18,65,Bulgaria,3078,89.3,10.3,0.4,33.5,38.6,20.4,6.1,1.1,0.4,963,1064,561,169,27,11,80,139,75,22,6,1,failed/painful alternatives; mechanism/education; fast-result promise; discount/urgency,"Враснали косми, тъмни петна и раздразнена кожа след депилация –  три проблема, с които всяка жена се е борила поне веднъж.  Повечето решения са болезнени, скъпи или просто не работят.  Нашата формулата с BHA, AHA и PHA прониква дълбоко в порите, освобождава враснали косми и изглажда кожата само за 7 дни – без болка, без посещение при козметик, без компромиси.  98% от жените виждат видима разлика още в първата седмица. Подходящ за бикини зона, крака и подмишници.  Пазарувай тук: https://derolibg.",https://derolibg.com/products/smoothing-solution
https://www.facebook.com/ads/library/?id=1999094070805646,Deroli Cosmetics,A. Ingrown-hair treatment (direct),True,False,2026-08-18,2026-08-28,11,Women,18,65,Bulgaria,24763,93.3,5.9,0.8,35.3,38.2,19.0,5.8,1.2,0.5,8229,8742,4385,1328,272,104,418,621,278,99,28,15,failed/painful alternatives; mechanism/education; fast-result promise; discount/urgency,"Враснали косми, тъмни петна и раздразнена кожа след депилация –  три проблема, с които всяка жена се е борила поне веднъж.  Повечето решения са болезнени, скъпи или просто не работят.  Нашата формулата с BHA, AHA и PHA прониква дълбоко в порите, освобождава враснали косми и изглажда кожата само за 7 дни – без болка, без посещение при козметик, без компромиси.  98% от жените виждат видима разлика още в първата седмица. Подходящ за бикини зона, крака и подмишници.  Пазарувай тук: https://derolibg.",https://derolibg.com/products/smoothing-solution
https://www.facebook.com/ads/library/?id=1654637272895648,Deroli Cosmetics,A. Ingrown-hair treatment (direct),True,True,2026-08-18,2026-09-28,42,Women,18,65,Bulgaria,52,90.4,7.7,1.9,17.3,34.6,38.5,9.6,0.0,0.0,8,16,18,5,0,0,1,1,2,0,0,0,failed/painful alternatives; mechanism/education; fast-result promise; discount/urgency,"Враснали косми, тъмни петна и раздразнена кожа след депилация –  три проблема, с които всяка жена се е борила поне веднъж.  Повечето решения са болезнени, скъпи или просто не работят.  Нашата формулата с BHA, AHA и PHA прониква дълбоко в порите, освобождава враснали косми и изглажда кожата само за 7 дни – без болка, без посещение при козметик, без компромиси.  98% от жените виждат видима разлика още в първата седмица. Подходящ за бикини зона, крака и подмишници.  Пазарувай тук: https://derolibg.",https://derolibg.com/products/smoothing-solution
https://www.facebook.com/ads/library/?id=1738644290792121,Deroli Cosmetics,A. Ingrown-hair treatment (direct),True,True,2026-08-18,2026-10-01,45,Women,18,65,Bulgaria,245,93.9,5.3,0.8,25.6,39.0,27.6,7.3,0.4,0.0,59,89,64,18,1,0,2,7,4,0,0,0,dynamic/catalog (copy not visible),{{product.brand}},https://derolibg.com/products/smoothing-solution
https://www.facebook.com/ads/library/?id=1563307325445887,Deroli Cosmetics,A. Ingrown-hair treatment (direct),True,True,2026-08-18,2026-10-02,46,Women,18,65,Bulgaria,48,91.7,4.2,4.2,16.7,39.6,33.3,10.4,0.0,0.0,8,16,15,5,0,0,0,1,1,0,0,0,failed/painful alternatives; mechanism/education; fast-result promise; discount/urgency,"Враснали косми, тъмни петна и раздразнена кожа след депилация –  три проблема, с които всяка жена се е борила поне веднъж.  Повечето решения са болезнени, скъпи или просто не работят.  Нашата формулата с BHA, AHA и PHA прониква дълбоко в порите, освобождава враснали косми и изглажда кожата само за 7 дни – без болка, без посещение при козметик, без компромиси.  98% от жените виждат видима разлика още в първата седмица. Подходящ за бикини зона, крака и подмишници.  Пазарувай тук: https://derolibg.",https://derolibg.com/products/smoothing-solution
https://www.facebook.com/ads/library/?id=1038139255496638,Deroli Cosmetics,A. Ingrown-hair treatment (direct),True,False,2026-08-18,2026-08-28,11,Women,18,65,Bulgaria,11907,92.9,6.5,0.6,24.4,35.4,26.1,10.6,2.6,0.9,2753,3905,2882,1164,279,89,136,293,208,92,30,14,failed/painful alternatives; mechanism/education; fast-result promise; discount/urgency,"Враснали косми, тъмни петна и раздразнена кожа след депилация –  три проблема, с които всяка жена се е борила поне веднъж.  Повечето решения са болезнени, скъпи или просто не работят.  Нашата формулата с BHA, AHA и PHA прониква дълбоко в порите, освобождава враснали косми и изглажда кожата само за 7 дни – без болка, без посещение при козметик, без компромиси.  98% от жените виждат видима разлика още в първата седмица. Подходящ за бикини зона, крака и подмишници.  Пазарувай тук: https://derolibg.",https://derolibg.com/products/smoothing-solution
https://www.facebook.com/ads/library/?id=2432836083793711,Deroli Cosmetics,A. Ingrown-hair treatment (direct),True,True,2026-08-18,2026-10-03,47,Women,18,65,Bulgaria,24,91.7,8.3,0.0,41.7,25.0,25.0,8.3,0.0,0.0,10,5,6,1,0,0,0,1,0,1,0,0,failed/painful alternatives; mechanism/education; fast-result promise; discount/urgency,"Враснали косми, тъмни петна и раздразнена кожа след депилация –  три проблема, с които всяка жена се е борила поне веднъж.  Повечето решения са болезнени, скъпи или просто не работят.  Нашата формулата с BHA, AHA и PHA прониква дълбоко в порите, освобождава враснали косми и изглажда кожата само за 7 дни – без болка, без посещение при козметик, без компромиси.  98% от жените виждат видима разлика още в първата седмица. Подходящ за бикини зона, крака и подмишници.  Пазарувай тук: https://derolibg.",https://derolibg.com/products/smoothing-solution
https://www.facebook.com/ads/library/?id=901015179339813,Deroli Cosmetics,A. Ingrown-hair treatment (direct),True,True,2026-08-18,2026-09-28,42,Women,18,65,Bulgaria,69,94.3,5.7,0.0,21.4,35.7,22.9,14.3,4.3,1.4,14,25,16,9,2,0,1,0,0,1,1,1,dynamic/catalog (copy not visible),{{product.brand}},https://derolibg.com/products/smoothing-solution
https://www.facebook.com/ads/library/?id=1001243686284101,Deroli Cosmetics,A. Ingrown-hair treatment (direct),True,True,2026-08-19,2026-09-24,37,Women,18,65,Bulgaria,21,100.0,0.0,0.0,23.8,33.3,33.3,9.5,0.0,0.0,5,7,7,2,0,0,0,0,0,0,0,0,dynamic/catalog (copy not visible),{{product.brand}},https://derolibg.com/products/smoothing-solution
https://www.facebook.com/ads/library/?id=28280220198331415,Deroli Cosmetics,A. Ingrown-hair treatment (direct),True,True,2026-08-20,2026-09-10,22,Women,18,65,Bulgaria,6,100.0,0.0,0.0,16.7,50.0,33.3,0.0,0.0,0.0,1,3,2,0,0,0,0,0,0,0,0,0,dynamic/catalog (copy not visible),{{product.brand}},https://derolibg.com/products/smoothing-solution
https://www.facebook.com/ads/library/?id=1564411391334983,Deroli Cosmetics,A. Ingrown-hair treatment (direct),True,False,2026-08-27,2026-08-29,3,Women,18,65,Bulgaria,5638,93.9,5.6,0.5,34.3,40.8,18.3,5.2,0.9,0.6,1896,2211,1001,284,34,27,85,144,62,16,15,6,failed/painful alternatives; mechanism/education; fast-result promise; discount/urgency,"Враснали косми, тъмни петна и раздразнена кожа след депилация –  три проблема, с които всяка жена се е борила поне веднъж.  Повечето решения са болезнени, скъпи или просто не работят.  Нашата формулата с BHA, AHA и PHA прониква дълбоко в порите, освобождава враснали косми и изглажда кожата само за 7 дни – без болка, без посещение при козметик, без компромиси.  98% от жените виждат видима разлика още в първата седмица. Подходящ за бикини зона, крака и подмишници.  Пазарувай тук: https://derolibg.",https://derolibg.com/products/smoothing-solution
https://www.facebook.com/ads/library/?id=1309720747734185,Deroli Cosmetics,A. Ingrown-hair treatment (direct),True,False,2026-08-27,2026-08-29,3,Women,18,65,Bulgaria,1554,94.4,5.1,0.5,28.3,32.5,24.7,10.0,3.2,1.4,418,464,365,139,44,20,12,32,15,14,4,1,failed/painful alternatives; mechanism/education; fast-result promise; discount/urgency,"Враснали косми, тъмни петна и раздразнена кожа след депилация –  три проблема, с които всяка жена се е борила поне веднъж.  Повечето решения са болезнени, скъпи или просто не работят.  Нашата формулата с BHA, AHA и PHA прониква дълбоко в порите, освобождава враснали косми и изглажда кожата само за 7 дни – без болка, без посещение при козметик, без компромиси.  98% от жените виждат видима разлика още в първата седмица. Подходящ за бикини зона, крака и подмишници.  Пазарувай тук: https://derolibg.",https://derolibg.com/products/smoothing-solution
https://www.facebook.com/ads/library/?id=1706982660796460,Deroli Cosmetics,A. Ingrown-hair treatment (direct),True,True,2026-10-01,2026-10-06,6,All,18,65,Bulgaria,1510,91.1,8.3,0.6,28.4,34.1,25.6,8.5,2.5,0.9,398,471,346,119,32,13,26,44,40,10,6,0,failed/painful alternatives; mechanism/education; fast-result promise,"Знаеш ли защо враснали косми се появяват отново след всяка депилация?  Проблемът не е в начина, по който се депилираш – а в порите, запушени с мъртви клетки, които пречат на косъма да излезе нормално.  Deroli™ - Smooth Roller съдържа три вида клинично доказани киселини: BHA прониква дълбоко в порите и освобождава враснали косми, AHA ексфолира мъртвите клетки от повърхността, а PHA хидратира и обновява дори най-чувствителната кожа. Ниацинамидът избистря тъмните петна, а Алое успокоява раздразнени",https://derolibg.com/products/smoothing-solution
https://www.facebook.com/ads/library/?id=1066995442837630,Deroli Cosmetics,A. Ingrown-hair treatment (direct),True,True,2026-10-01,2026-10-06,6,All,18,65,Bulgaria,531,93.2,5.9,0.9,31.9,33.8,24.8,7.8,1.5,0.2,157,169,124,37,5,1,10,9,5,4,3,0,shame/hiding & confidence; failed/painful alternatives; fast-result promise; summer/beach,"Уморена ли си да криеш кожата си?  От враснали косми по бикини зоната, от тъмните петна по краката, от раздразнението след всяка депилация – неща, с които не трябва да се примиряваш.  Заслужаваш кожа, която показваш с увереност – на плажа, в интимни моменти, всеки ден. Не след сложни и скъпи процедури, а с едно просто нанасяне на ден от вкъщи.  Един рол-он. Седем дни. Толкова е просто.  Поръчай тук: https://derolibg.com/products/smoothing-solution",https://derolibg.com/products/smoothing-solution
https://www.facebook.com/ads/library/?id=1801512997854582,Deroli Cosmetics,A. Ingrown-hair treatment (direct),True,True,2026-10-01,2026-10-06,6,All,18,65,Bulgaria,158,93.0,7.0,0.0,17.1,32.9,40.5,8.2,0.6,0.6,26,49,57,13,1,1,1,3,7,0,0,0,shame/hiding & confidence; failed/painful alternatives; fast-result promise; summer/beach,"Уморена ли си да криеш кожата си?  От враснали косми по бикини зоната, от тъмните петна по краката, от раздразнението след всяка депилация – неща, с които не трябва да се примиряваш.  Заслужаваш кожа, която показваш с увереност – на плажа, в интимни моменти, всеки ден. Не след сложни и скъпи процедури, а с едно просто нанасяне на ден от вкъщи.  Един рол-он. Седем дни. Толкова е просто.  Поръчай тук: https://derolibg.com/products/smoothing-solution",https://derolibg.com/products/smoothing-solution
https://www.facebook.com/ads/library/?id=1763489551754055,Deroli Cosmetics,A. Ingrown-hair treatment (direct),True,False,2026-10-01,2026-10-05,5,All,18,65,Bulgaria,5424,88.6,10.7,0.7,34.3,41.1,18.6,4.7,0.8,0.4,1702,1975,864,223,36,16,145,249,139,32,10,4,failed/painful alternatives; mechanism/education; fast-result promise; discount/urgency,"Враснали косми, тъмни петна и раздразнена кожа след депилация –  три проблема, с които всяка жена се е борила поне веднъж.  Повечето решения са болезнени, скъпи или просто не работят.  Нашата формулата с BHA, AHA и PHA прониква дълбоко в порите, освобождава враснали косми и изглажда кожата само за 7 дни – без болка, без посещение при козметик, без компромиси.  98% от жените виждат видима разлика още в първата седмица. Подходящ за бикини зона, крака и подмишници.  Пазарувай тук: https://derolibg.",https://derolibg.com/products/smoothing-solution
https://www.facebook.com/ads/library/?id=1580431803886169,Deroli Cosmetics,A. Ingrown-hair treatment (direct),True,True,2026-10-01,2026-10-06,6,All,18,65,Bulgaria,1693,90.3,9.4,0.3,20.4,32.6,30.7,12.6,2.9,0.9,326,508,465,196,40,15,21,49,61,21,9,0,shame/hiding & confidence; failed/painful alternatives; fast-result promise; summer/beach,"Уморена ли си да криеш кожата си?  От враснали косми по бикини зоната, от тъмните петна по краката, от раздразнението след всяка депилация – неща, с които не трябва да се примиряваш.  Заслужаваш кожа, която показваш с увереност – на плажа, в интимни моменти, всеки ден. Не след сложни и скъпи процедури, а с едно просто нанасяне на ден от вкъщи.  Един рол-он. Седем дни. Толкова е просто.  Поръчай тук: https://derolibg.com/products/smoothing-solution",https://derolibg.com/products/smoothing-solution
https://www.facebook.com/ads/library/?id=1521859699957366,Deroli Cosmetics,A. Ingrown-hair treatment (direct),True,True,2026-10-01,2026-10-06,6,All,18,65,Bulgaria,246,93.1,6.1,0.8,29.7,37.0,21.1,10.2,1.6,0.4,70,87,45,24,3,0,3,3,6,1,1,1,shame/hiding & confidence; failed/painful alternatives; fast-result promise; summer/beach,"Уморена ли си да криеш кожата си?  От враснали косми по бикини зоната, от тъмните петна по краката, от раздразнението след всяка депилация – неща, с които не трябва да се примиряваш.  Заслужаваш кожа, която показваш с увереност – на плажа, в интимни моменти, всеки ден. Не след сложни и скъпи процедури, а с едно просто нанасяне на ден от вкъщи.  Един рол-он. Седем дни. Толкова е просто.  Поръчай тук: https://derolibg.com/products/smoothing-solution",https://derolibg.com/products/smoothing-solution
https://www.facebook.com/ads/library/?id=40038101975789171,Deroli Cosmetics,A. Ingrown-hair treatment (direct),True,True,2026-10-06,2026-10-06,1,All,18,65,Bulgaria,43,90.7,9.3,0.0,37.2,37.2,18.6,4.7,2.3,0.0,15,16,5,2,1,0,1,0,3,0,0,0,mechanism/education; social proof/reviews,"Бръсненето не трябва да значи враснали косъмчета и тъмни точици 🙌  ⭐ 4,9 от над 100 ревюта.  Един рол-он, три задачи 👇  🧪 3 ексфолиращи киселини премахват мъртвите клетки и помагат за намаляване на врасналите косъмчета.  ✨ Ниацинамид + екстракт от сладък корен подпомагат изсветляването на тъмните следи.  🌿 Алое вера + алантоин успокояват зачервяването.  💬 „Петната избледняха, кожата ми е мека и равномерна.“ — Далия Д.  ⏱️ Нанасяш. Оставяш. Без изплакване.  👉 https://derolibg.com/products/smoothi",https://derolibg.com/products/smoothing-solution
https://www.facebook.com/ads/library/?id=1659117398969991,Deroli Cosmetics,A. Ingrown-hair treatment (direct),True,True,2026-10-06,2026-10-06,1,All,18,65,Bulgaria,11,90.0,0.0,10.0,20.0,40.0,30.0,10.0,0.0,0.0,2,4,2,1,0,0,0,0,0,0,0,0,mechanism/education; social proof/reviews,"Бръсненето не трябва да значи враснали косъмчета и тъмни точици 🙌  ⭐ 4,9 от над 100 ревюта.  Един рол-он, три задачи 👇  🧪 3 ексфолиращи киселини премахват мъртвите клетки и помагат за намаляване на врасналите косъмчета.  ✨ Ниацинамид + екстракт от сладък корен подпомагат изсветляването на тъмните следи.  🌿 Алое вера + алантоин успокояват зачервяването.  💬 „Петната избледняха, кожата ми е мека и равномерна.“ — Далия Д.  ⏱️ Нанасяш. Оставяш. Без изплакване.  👉 https://derolibg.com/products/smoothi",https://derolibg.com/products/smoothing-solution
https://www.facebook.com/ads/library/?id=1112142581292268,Deroli Cosmetics,A. Ingrown-hair treatment (direct),True,True,2026-10-06,2026-10-06,1,All,18,65,Bulgaria,101,89.0,10.0,1.0,34.0,31.0,28.0,4.0,3.0,0.0,32,27,23,4,3,0,1,4,5,0,0,0,mechanism/education; social proof/reviews,"Бръсненето не трябва да значи враснали косъмчета и тъмни точици 🙌  ⭐ 4,9 от над 100 ревюта.  Един рол-он, три задачи 👇  🧪 3 ексфолиращи киселини премахват мъртвите клетки и помагат за намаляване на врасналите косъмчета.  ✨ Ниацинамид + екстракт от сладък корен подпомагат изсветляването на тъмните следи.  🌿 Алое вера + алантоин успокояват зачервяването.  💬 „Петната избледняха, кожата ми е мека и равномерна.“ — Далия Д.  ⏱️ Нанасяш. Оставяш. Без изплакване.  👉 https://derolibg.com/products/smoothi",https://derolibg.com/products/smoothing-solution
https://www.facebook.com/ads/library/?id=1622602142648545,Deroli Cosmetics,A. Ingrown-hair treatment (direct),True,True,2026-10-06,2026-10-06,1,All,18,65,Bulgaria,1,100.0,0.0,0.0,0.0,0.0,0.0,0.0,100.0,0.0,0,0,0,0,1,0,0,0,0,0,0,0,mechanism/education; social proof/reviews,"Бръсненето не трябва да значи враснали косъмчета и тъмни точици 🙌  ⭐ 4,9 от над 100 ревюта.  Един рол-он, три задачи 👇  🧪 3 ексфолиращи киселини премахват мъртвите клетки и помагат за намаляване на врасналите косъмчета.  ✨ Ниацинамид + екстракт от сладък корен подпомагат изсветляването на тъмните следи.  🌿 Алое вера + алантоин успокояват зачервяването.  💬 „Петната избледняха, кожата ми е мека и равномерна.“ — Далия Д.  ⏱️ Нанасяш. Оставяш. Без изплакване.  👉 https://derolibg.com/products/smoothi",https://derolibg.com/products/smoothing-solution
https://www.facebook.com/ads/library/?id=1426778409542660,Deroli Cosmetics,A. Ingrown-hair treatment (direct),True,True,2026-10-06,2026-10-06,1,All,18,65,Bulgaria,50,92.0,8.0,0.0,32.0,34.0,26.0,6.0,2.0,0.0,15,15,12,3,1,0,1,2,1,0,0,0,mechanism/education; social proof/reviews,"Бръсненето не трябва да значи враснали косъмчета и тъмни точици 🙌  ⭐ 4,9 от над 100 ревюта.  Един рол-он, три задачи 👇  🧪 3 ексфолиращи киселини премахват мъртвите клетки и помагат за намаляване на врасналите косъмчета.  ✨ Ниацинамид + екстракт от сладък корен подпомагат изсветляването на тъмните следи.  🌿 Алое вера + алантоин успокояват зачервяването.  💬 „Петната избледняха, кожата ми е мека и равномерна.“ — Далия Д.  ⏱️ Нанасяш. Оставяш. Без изплакване.  👉 https://derolibg.com/products/smoothi",https://derolibg.com/products/smoothing-solution
https://www.facebook.com/ads/library/?id=1573702593602409,LUMI,A. Ingrown-hair treatment (direct),True,False,2025-10-16,2025-12-15,61,All,18,65,Bulgaria,18348,90.8,8.1,1.1,45.9,38.4,11.2,3.1,0.9,0.6,7745,6349,1828,492,138,92,565,623,210,64,18,13,fast-result promise; discount/urgency,"Единственият продукт, който премахва врастнали косми, изсветлява петна и успокоява кожата за 7 дни! Формулата с BHA, AHA и екстракт от Алое нежно ексфолира, изсветлява и успокоява кожата. Само за 7 дни тя става по-гладка, по-равномерна и без раздразнения.  🧖‍♀️ Премахва врастналите косъмчета ✨ Изсветлява тъмните петна и белези 🌿 Успокоява зачервяванията 💧 Хидратира и изглажда кожата  Намалението приключва след 4 часа! Поръчай сега от: lumibg.com/ingrown",https://lumibg.com/products/lumi-ingrown
https://www.facebook.com/ads/library/?id=659567140298473,LUMI,A. Ingrown-hair treatment (direct),True,False,2025-10-16,2025-12-12,58,All,18,65,Bulgaria,70324,90.7,8.2,1.1,44.0,41.0,10.8,2.9,0.8,0.5,28466,26435,6891,1837,469,313,2369,2411,736,230,69,46,fast-result promise; discount/urgency,"Единственият продукт, който премахва врастнали косми, изсветлява петна и успокоява кожата за 7 дни! Формулата с BHA, AHA и екстракт от Алое нежно ексфолира, изсветлява и успокоява кожата. Само за 7 дни тя става по-гладка, по-равномерна и без раздразнения.  🧖‍♀️ Премахва врастналите косъмчета ✨ Изсветлява тъмните петна и белези 🌿 Успокоява зачервяванията 💧 Хидратира и изглажда кожата  Намалението приключва след 4 часа! Поръчай сега от: lumibg.com/ingrown",https://lumibg.com/products/lumi-ingrown
https://www.facebook.com/ads/library/?id=1401753841308669,LUMI,A. Ingrown-hair treatment (direct),True,False,2025-12-04,2025-12-23,20,All,18,65,Bulgaria,61182,89.7,8.6,1.8,47.9,39.9,8.7,2.5,0.6,0.4,25998,21430,4658,1328,301,204,2212,2164,524,176,48,32,fast-result promise; discount/urgency,"Единственият продукт, който премахва врастнали косми, изсветлява петна и успокоява кожата за 7 дни! Формулата с BHA, AHA и екстракт от Алое нежно ексфолира, изсветлява и успокоява кожата. Само за 7 дни тя става по-гладка, по-равномерна и без раздразнения.  🧖‍♀️ Премахва врастналите косъмчета ✨ Изсветлява тъмните петна и белези 🌿 Успокоява зачервяванията 💧 Хидратира и изглажда кожата  Намалението приключва след 4 часа! Поръчай сега от: lumibg.com/ingrown",https://lumibg.com/products/lumi-ingrown
https://www.facebook.com/ads/library/?id=1234925171824996,LUMI,A. Ingrown-hair treatment (direct),True,False,2025-12-12,2025-12-20,9,All,18,65,Bulgaria,17995,72.6,26.5,0.9,53.5,37.6,6.1,1.8,0.5,0.4,7091,4727,806,239,75,56,2405,1947,270,87,15,23,fast-result promise; discount/urgency,"Единственият продукт, който премахва врастнали косми, изсветлява петна и успокоява кожата за 7 дни! Формулата с BHA, AHA и екстракт от Алое нежно ексфолира, изсветлява и успокоява кожата. Само за 7 дни тя става по-гладка, по-равномерна и без раздразнения.  🧖‍♀️ Премахва врастналите косъмчета ✨ Изсветлява тъмните петна и белези 🌿 Успокоява зачервяванията 💧 Хидратира и изглажда кожата  Намалението приключва след 4 часа! Поръчай сега от: lumibg.com/ingrown",https://lumibg.com/products/lumi-ingrown
https://www.facebook.com/ads/library/?id=888041993906593,LUMI,A. Ingrown-hair treatment (direct),False,False,2025-12-17,2026-01-11,26,All,18,65,Bulgaria,31113,95.7,3.4,0.9,1.0,5.4,22.8,37.2,24.1,9.5,238,1543,6724,11016,7175,2819,49,115,231,367,206,82,fast-result promise,"Стегни зоната под очите за 60 секунди. Кремът на LUMI свива торбичките, изглажда линиите и стяга кожата за минути, без бял слой и подходящ за всеки тон.  💜 Моментален лифтинг ефект 💜 Заличава бръчки, фини линии и подпухналост 💜 Перфектен за носене под грим  Поръчай в следващите 4 часа от: lumibg.com/instant-firming",https://lumibg.com/products/instant-firming
https://www.facebook.com/ads/library/?id=1381651713506956,LUMI,A. Ingrown-hair treatment (direct),False,False,2025-12-17,2026-01-11,26,All,18,65,Bulgaria,77899,95.6,3.1,1.3,0.9,16.0,48.4,26.7,6.2,1.8,620,12019,36543,19895,4619,1333,77,428,934,757,215,61,fast-result promise,"Стегни зоната под очите за 60 секунди. Кремът на LUMI свива торбичките, изглажда линиите и стяга кожата за минути, без бял слой и подходящ за всеки тон.  💜 Моментален лифтинг ефект 💜 Заличава бръчки, фини линии и подпухналост 💜 Перфектен за носене под грим  Поръчай в следващите 4 часа от: lumibg.com/instant-firming",https://lumibg.com/products/instant-firming
https://www.facebook.com/ads/library/?id=2422785978138132,LUMI,A. Ingrown-hair treatment (direct),True,False,2025-12-20,2026-01-19,31,All,18,65,Bulgaria,119478,92.0,6.9,1.1,39.0,43.9,13.3,2.9,0.5,0.3,43443,49147,15012,3229,565,354,3311,3659,1036,271,59,58,fast-result promise; discount/urgency,"Единственият продукт, който премахва врастнали косми, изсветлява петна и успокоява кожата за 7 дни! Формулата с BHA, AHA и екстракт от Алое нежно ексфолира, изсветлява и успокоява кожата. Само за 7 дни тя става по-гладка, по-равномерна и без раздразнения.  🧖‍♀️ Премахва врастналите косъмчета ✨ Изсветлява тъмните петна и белези 🌿 Успокоява зачервяванията 💧 Хидратира и изглажда кожата  Намалението приключва след 4 часа! Поръчай сега от: lumibg.com/ingrown",https://lumibg.com/products/lumi-ingrown
https://www.facebook.com/ads/library/?id=3851543598471733,LUMI,A. Ingrown-hair treatment (direct),True,False,2025-12-31,2026-01-19,20,All,18,65,Bulgaria,88773,90.9,7.7,1.4,41.8,40.8,13.0,3.3,0.7,0.4,34498,33189,10624,2696,531,300,2458,3044,985,287,77,40,fast-result promise; discount/urgency,"Единственият продукт, който премахва врастнали косми, изсветлява петна и успокоява кожата за 7 дни! Формулата с BHA, AHA и екстракт от Алое нежно ексфолира, изсветлява и успокоява кожата. Само за 7 дни тя става по-гладка, по-равномерна и без раздразнения.  🧖‍♀️ Премахва врастналите косъмчета ✨ Изсветлява тъмните петна и белези 🌿 Успокоява зачервяванията 💧 Хидратира и изглажда кожата  Намалението приключва след 4 часа! Поръчай сега от: lumibg.com/ingrown",https://lumibg.com/products/lumi-ingrown
https://www.facebook.com/ads/library/?id=877554278582843,LUMI,A. Ingrown-hair treatment (direct),False,False,2026-01-10,2026-01-23,14,All,18,65,Bulgaria,20595,94.2,4.2,1.6,1.5,17.0,44.9,27.6,6.8,2.2,278,3255,8747,5311,1284,423,27,165,309,246,80,29,fast-result promise,"Стегни зоната под очите за 60 секунди. Кремът на LUMI свива торбичките, изглажда линиите и стяга кожата за минути, без бял слой и подходящ за всеки тон.  💜 Моментален лифтинг ефект 💜 Заличава бръчки, фини линии и подпухналост 💜 Перфектен за носене под грим  Поръчай в следващите 4 часа от: lumibg.com/instant-firming",https://lumibg.com/products/instant-firming
https://www.facebook.com/ads/library/?id=1222402456128579,LUMI,A. Ingrown-hair treatment (direct),True,False,2026-01-15,2026-02-03,20,All,18,65,Bulgaria,35741,90.5,8.3,1.2,45.4,39.3,11.2,3.0,0.6,0.4,14613,12245,3545,951,194,130,1078,1335,342,97,23,24,fast-result promise; discount/urgency,"Единственият продукт, който премахва врастнали косми, изсветлява петна и успокоява кожата за 7 дни! Формулата с BHA, AHA и екстракт от Алое нежно ексфолира, изсветлява и успокоява кожата. Само за 7 дни тя става по-гладка, по-равномерна и без раздразнения.  🧖‍♀️ Премахва врастналите косъмчета ✨ Изсветлява тъмните петна и белези 🌿 Успокоява зачервяванията 💧 Хидратира и изглажда кожата  Намалението приключва след 4 часа! Поръчай сега от: lumibg.com/ingrown",https://lumibg.com/products/lumi-ingrown
https://www.facebook.com/ads/library/?id=1138987758139088,LUMI,A. Ingrown-hair treatment (direct),True,False,2026-01-19,2026-02-12,25,All,18,65,Bulgaria,70575,91.3,7.9,0.8,41.0,39.6,14.0,3.9,1.0,0.5,27494,25913,9225,2595,649,336,1929,2576,870,233,62,42,fast-result promise; discount/urgency,"Единственият продукт, който премахва врастнали косми, изсветлява петна и успокоява кожата за 7 дни! Формулата с BHA, AHA и екстракт от Алое нежно ексфолира, изсветлява и успокоява кожата. Само за 7 дни тя става по-гладка, по-равномерна и без раздразнения.  🧖‍♀️ Премахва врастналите косъмчета ✨ Изсветлява тъмните петна и белези 🌿 Успокоява зачервяванията 💧 Хидратира и изглажда кожата  Намалението приключва след 4 часа! Поръчай сега от: lumibg.com/ingrown",https://lumibg.com/products/lumi-ingrown
https://www.facebook.com/ads/library/?id=1558964905364199,LUMI,A. Ingrown-hair treatment (direct),True,False,2026-02-02,2026-04-30,88,All,18,65,Bulgaria,130450,88.4,10.7,0.9,26.2,38.6,24.0,8.3,2.1,0.8,30715,43838,26940,9190,2312,917,2598,5410,3759,1474,385,143,fast-result promise; discount/urgency,"Единственият продукт, който премахва врастнали косми, изсветлява петна и успокоява кожата за 7 дни! Формулата с BHA, AHA и екстракт от Алое нежно ексфолира, изсветлява и успокоява кожата. Само за 7 дни тя става по-гладка, по-равномерна и без раздразнения.  🧖‍♀️ Премахва врастналите косъмчета ✨ Изсветлява тъмните петна и белези 🌿 Успокоява зачервяванията 💧 Хидратира и изглажда кожата  Намалението приключва след 4 часа! Поръчай сега от: lumibg.com/ingrown",https://lumibg.com/products/lumi-ingrown
https://www.facebook.com/ads/library/?id=25901502902843634,LUMI,A. Ingrown-hair treatment (direct),True,False,2026-02-12,2026-03-05,22,All,18,65,Bulgaria,78637,91.3,8.0,0.7,43.5,40.8,11.1,3.2,0.9,0.5,32122,29184,7803,2261,607,371,2104,2890,921,248,94,59,fast-result promise; discount/urgency,"Единственият продукт, който премахва врастнали косми, изсветлява петна и успокоява кожата за 7 дни! Формулата с BHA, AHA и екстракт от Алое нежно ексфолира, изсветлява и успокоява кожата. Само за 7 дни тя става по-гладка, по-равномерна и без раздразнения.  🧖‍♀️ Премахва врастналите косъмчета ✨ Изсветлява тъмните петна и белези 🌿 Успокоява зачервяванията 💧 Хидратира и изглажда кожата  Намалението приключва след 4 часа! Поръчай сега от: lumibg.com/ingrown",https://lumibg.com/products/lumi-ingrown
https://www.facebook.com/ads/library/?id=3594968063986071,LUMI,A. Ingrown-hair treatment (direct),True,False,2026-02-19,2026-08-07,170,All,18,65,Bulgaria,260032,90.8,8.0,1.1,32.5,40.3,19.3,6.1,1.3,0.6,80846,99803,47620,14923,3124,1305,6208,8872,4592,1673,409,189,dynamic/catalog (copy not visible),{{product.brand}},https://lumibg.com/products/lumi-ingrown
https://www.facebook.com/ads/library/?id=1299129028935876,LUMI,A. Ingrown-hair treatment (direct),True,False,2026-02-26,2026-07-30,155,All,18,65,Bulgaria,235123,93.0,6.2,0.9,28.3,35.0,23.7,9.6,2.5,0.9,63488,77292,52075,21030,5393,1958,3123,5262,3902,1679,535,195,fast-result promise; discount/urgency,"Единственият продукт, който премахва врастнали косми, изсветлява петна и успокоява кожата за 7 дни! Формулата с BHA, AHA и екстракт от Алое нежно ексфолира, изсветлява и успокоява кожата. Само за 7 дни тя става по-гладка, по-равномерна и без раздразнения.  🧖‍♀️ Премахва врастналите косъмчета ✨ Изсветлява тъмните петна и белези 🌿 Успокоява зачервяванията 💧 Хидратира и изглажда кожата  Намалението приключва след 4 часа! Поръчай сега от: lumibg.com/ingrown",https://lumibg.com/products/lumi-ingrown
https://www.facebook.com/ads/library/?id=26390557380632070,LUMI,A. Ingrown-hair treatment (direct),True,False,2026-03-17,2026-04-23,38,All,18,65,Bulgaria,98085,93.0,5.4,1.6,36.1,43.7,15.2,3.9,0.7,0.4,33080,39800,13606,3368,609,367,1499,2246,1068,378,78,34,fast-result promise; discount/urgency,"Единственият продукт, който премахва врастнали косми, изсветлява петна и успокоява кожата за 7 дни! Формулата с BHA, AHA и екстракт от Алое нежно ексфолира, изсветлява и успокоява кожата. Само за 7 дни тя става по-гладка, по-равномерна и без раздразнения.  🧖‍♀️ Премахва врастналите косъмчета ✨ Изсветлява тъмните петна и белези 🌿 Успокоява зачервяванията 💧 Хидратира и изглажда кожата  Намалението приключва след 4 часа! Поръчай сега от: lumibg.com/ingrown",https://lumibg.com/products/lumi-ingrown
https://www.facebook.com/ads/library/?id=1302228438511250,LUMI,A. Ingrown-hair treatment (direct),True,False,2026-04-13,2026-08-15,125,All,18,65,Bulgaria,176716,90.6,8.2,1.2,34.6,42.5,17.2,4.4,0.9,0.5,55862,68218,27235,6813,1368,720,4218,6123,2953,901,207,114,fast-result promise; discount/urgency,"Единственият продукт, който премахва врастнали косми, изсветлява петна и успокоява кожата за 7 дни! Формулата с BHA, AHA и екстракт от Алое нежно ексфолира, изсветлява и успокоява кожата. Само за 7 дни тя става по-гладка, по-равномерна и без раздразнения.  🧖‍♀️ Премахва врастналите косъмчета ✨ Изсветлява тъмните петна и белези 🌿 Успокоява зачервяванията 💧 Хидратира и изглажда кожата  Намалението приключва след 4 часа! Поръчай сега от: lumibg.com/ingrown",https://lumibg.com/products/lumi-ingrown
https://www.facebook.com/ads/library/?id=1938630626853036,LUMI,A. Ingrown-hair treatment (direct),True,False,2026-05-26,2026-07-25,61,All,18,65,Bulgaria,24282,92.8,6.1,1.1,35.0,35.7,19.3,6.9,2.2,0.9,8095,8127,4387,1537,488,204,371,561,334,154,51,22,fast-result promise; discount/urgency,"Единственият продукт, който премахва врастнали косми, изсветлява петна и успокоява кожата за 7 дни! Формулата с BHA, AHA и екстракт от Алое нежно ексфолира, изсветлява и успокоява кожата. Само за 7 дни тя става по-гладка, по-равномерна и без раздразнения.  🧖‍♀️ Премахва врастналите косъмчета ✨ Изсветлява тъмните петна и белези 🌿 Успокоява зачервяванията 💧 Хидратира и изглажда кожата  Намалението приключва след 4 часа! Поръчай сега от: lumibg.com/ingrown",https://lumibg.com/products/lumi-ingrown
https://www.facebook.com/ads/library/?id=1521763295944998,LUMI,A. Ingrown-hair treatment (direct),True,False,2026-07-31,2026-08-18,19,All,18,65,Bulgaria,68183,91.4,7.8,0.8,23.2,34.7,28.3,10.7,2.3,0.8,14848,21606,17585,6473,1368,465,770,1860,1630,783,225,84,fast-result promise; discount/urgency,"Единственият продукт, който премахва врастнали косми, изсветлява петна и успокоява кожата за 7 дни! Формулата с BHA, AHA и екстракт от Алое нежно ексфолира, изсветлява и успокоява кожата. Само за 7 дни тя става по-гладка, по-равномерна и без раздразнения.  🧖‍♀️ Премахва врастналите косъмчета ✨ Изсветлява тъмните петна и белези 🌿 Успокоява зачервяванията 💧 Хидратира и изглажда кожата  Намалението приключва след 4 часа! Поръчай сега от: lumibg.com/ingrown",https://lumibg.com/products/lumi-ingrown
https://www.facebook.com/ads/library/?id=2444799539362203,LUMI,A. Ingrown-hair treatment (direct),True,False,2026-08-18,2026-09-05,19,All,18,65,Bulgaria,59403,89.8,8.5,1.7,35.4,36.3,19.2,6.9,1.6,0.7,19740,19721,10284,3658,807,348,1225,1987,1262,478,150,60,fast-result promise; discount/urgency,"Единственият продукт, който премахва врастнали косми, изсветлява петна и успокоява кожата за 7 дни! Формулата с BHA, AHA и екстракт от Алое нежно ексфолира, изсветлява и успокоява кожата. Само за 7 дни тя става по-гладка, по-равномерна и без раздразнения.  🧖‍♀️ Премахва врастналите косъмчета ✨ Изсветлява тъмните петна и белези 🌿 Успокоява зачервяванията 💧 Хидратира и изглажда кожата  Намалението приключва след 4 часа! Поръчай сега от: lumibg.com/ingrown",https://lumibg.com/products/lumi-ingrown
https://www.facebook.com/ads/library/?id=1549834522782616,LUMI,A. Ingrown-hair treatment (direct),True,False,2026-08-18,2026-08-28,11,All,18,65,Bulgaria,18903,92.7,6.3,0.9,25.4,32.6,26.3,11.8,2.9,1.0,4480,5637,4488,2021,493,163,179,375,380,174,47,20,fast-result promise; discount/urgency,"Единственият продукт, който премахва врастнали косми, изсветлява петна и успокоява кожата за 7 дни! Формулата с BHA, AHA и екстракт от Алое нежно ексфолира, изсветлява и успокоява кожата. Само за 7 дни тя става по-гладка, по-равномерна и без раздразнения.  🧖‍♀️ Премахва врастналите косъмчета ✨ Изсветлява тъмните петна и белези 🌿 Успокоява зачервяванията 💧 Хидратира и изглажда кожата  Намалението приключва след 4 часа! Поръчай сега от: lumibg.com/ingrown",https://lumibg.com/products/lumi-ingrown
https://www.facebook.com/ads/library/?id=1368626028179434,LUMI,A. Ingrown-hair treatment (direct),True,False,2026-08-22,2026-09-02,12,All,18,65,Bulgaria,19215,94.3,5.1,0.6,29.6,34.8,23.5,9.4,2.1,0.6,5443,6300,4234,1652,349,108,176,337,262,142,44,14,fast-result promise; discount/urgency,"Единственият продукт, който премахва врастнали косми, изсветлява петна и успокоява кожата за 7 дни! Формулата с BHA, AHA и екстракт от Алое нежно ексфолира, изсветлява и успокоява кожата. Само за 7 дни тя става по-гладка, по-равномерна и без раздразнения.  🧖‍♀️ Премахва врастналите косъмчета ✨ Изсветлява тъмните петна и белези 🌿 Успокоява зачервяванията 💧 Хидратира и изглажда кожата  Намалението приключва след 4 часа! Поръчай сега от: lumibg.com/ingrown",http://lumibg.com/ingrown
https://www.facebook.com/ads/library/?id=1385500577039371,LUMI,A. Ingrown-hair treatment (direct),True,False,2026-09-01,2026-09-05,5,All,18,65,Bulgaria,19366,93.9,5.4,0.7,31.9,38.5,20.4,7.0,1.6,0.6,5910,6987,3678,1242,279,109,211,420,261,112,32,11,fast-result promise; discount/urgency,"Единственият продукт, който премахва врастнали косми, изсветлява петна и успокоява кожата за 7 дни! Формулата с BHA, AHA и екстракт от Алое нежно ексфолира, изсветлява и успокоява кожата. Само за 7 дни тя става по-гладка, по-равномерна и без раздразнения.  🧖‍♀️ Премахва врастналите косъмчета ✨ Изсветлява тъмните петна и белези 🌿 Успокоява зачервяванията 💧 Хидратира и изглажда кожата  Намалението приключва след 4 часа! Поръчай сега от: lumibg.com/ingrown",http://lumibg.com/ingrown
https://www.facebook.com/ads/library/?id=1479418464236701,LUMI,A. Ingrown-hair treatment (direct),True,False,2026-09-04,2026-09-09,6,All,18,65,Bulgaria,20498,90.9,7.9,1.1,26.3,38.8,24.2,8.4,1.7,0.6,5054,7321,4342,1464,310,104,207,542,563,246,43,17,dynamic/catalog (copy not visible),{{product.brand}},https://lumibg.com/products/lumi-ingrown
https://www.facebook.com/ads/library/?id=1643790970681780,LUMI,A. Ingrown-hair treatment (direct),True,False,2026-09-11,2026-09-16,6,All,18,65,Bulgaria,15695,94.0,4.8,1.2,45.1,36.5,12.8,4.2,0.9,0.5,6735,5387,1828,599,128,69,233,280,165,58,14,4,fast-result promise; discount/urgency,"Единственият продукт, който премахва врастнали косми, изсветлява петна и успокоява кожата за 7 дни! Формулата с BHA, AHA и екстракт от Алое нежно ексфолира, изсветлява и успокоява кожата. Само за 7 дни тя става по-гладка, по-равномерна и без раздразнения.  🧖‍♀️ Премахва врастналите косъмчета ✨ Изсветлява тъмните петна и белези 🌿 Успокоява зачервяванията 💧 Хидратира и изглажда кожата  Намалението приключва след 4 часа! Поръчай сега от: lumibg.com/ingrown",https://lumibg.com/products/lumi-ingrown
https://www.facebook.com/ads/library/?id=2072894626666208,LUMI,A. Ingrown-hair treatment (direct),True,False,2026-09-14,2026-09-27,14,All,18,65,Bulgaria,28693,91.4,7.2,1.4,40.0,39.2,15.5,3.9,0.9,0.5,10804,10378,3998,972,204,116,571,832,460,159,50,22,failed/painful alternatives; mechanism/education,"Ако и при теб след бръснене или кола маска бикини зоната остава с врастнали косъмчета, червени точки и раздразнение, не си сама. LUMI е създаден точно за това — да помага кожата да изглежда по-гладка, по-спокойна и по-равномерна.�С формула с BHA, AHA и PHA, серумът нежно ексфолира, отпушва порите и помага за предотвратяване на нови врастнали косъмчета. Нанасяй след бръснене, кола маска или епилатор и се радвай на по-гладка кожа без излишно раздразнение. ✨",https://lumibg.com/products/lumi-ingrown
https://www.facebook.com/ads/library/?id=902064742755456,LUMI,A. Ingrown-hair treatment (direct),True,False,2026-09-15,2026-09-20,6,All,18,65,Bulgaria,23283,84.7,12.6,2.7,45.7,39.5,10.7,3.0,0.6,0.4,9153,7644,2030,573,104,73,1073,1253,411,120,40,17,fast-result promise; discount/urgency,"Единственият продукт, който премахва врастнали косми, изсветлява петна и успокоява кожата за 7 дни! Формулата с BHA, AHA и екстракт от Алое нежно ексфолира, изсветлява и успокоява кожата. Само за 7 дни тя става по-гладка, по-равномерна и без раздразнения.  🧖‍♀️ Премахва врастналите косъмчета ✨ Изсветлява тъмните петна и белези 🌿 Успокоява зачервяванията 💧 Хидратира и изглажда кожата  Намалението приключва след 4 часа! Поръчай сега от: lumibg.com/ingrown",https://lumibg.com/products/lumi-ingrown
https://www.facebook.com/ads/library/?id=1724786861969102,LUMI,A. Ingrown-hair treatment (direct),True,False,2026-09-15,2026-09-27,13,All,18,65,Bulgaria,21654,93.5,5.7,0.8,40.8,38.6,15.1,4.4,0.7,0.4,8397,7764,2901,820,124,71,287,460,313,114,32,14,fast-result promise; discount/urgency,"Единственият продукт, който премахва врастнали косми, изсветлява петна и успокоява кожата за 7 дни! Формулата с BHA, AHA и екстракт от Алое нежно ексфолира, изсветлява и успокоява кожата. Само за 7 дни тя става по-гладка, по-равномерна и без раздразнения.  🧖‍♀️ Премахва врастналите косъмчета ✨ Изсветлява тъмните петна и белези 🌿 Успокоява зачервяванията 💧 Хидратира и изглажда кожата  Намалението приключва след 4 часа! Поръчай сега от: lumibg.com/ingrown",https://lumibg.com/products/lumi-ingrown
https://www.facebook.com/ads/library/?id=1083151101351962,LUMI,A. Ingrown-hair treatment (direct),True,False,2026-09-19,2026-09-27,9,All,18,65,Bulgaria,20640,93.4,5.4,1.1,35.4,42.2,16.0,5.0,1.1,0.5,6812,8140,2957,923,187,86,315,396,277,84,28,8,dynamic/catalog (copy not visible),{{product.brand}},https://lumibg.com/products/lumi-ingrown
https://www.facebook.com/ads/library/?id=1691160699300876,LUMI,A. Ingrown-hair treatment (direct),True,False,2026-09-22,2026-09-28,7,All,18,65,Bulgaria,55495,93.4,5.1,1.4,43.2,44.0,10.5,1.8,0.3,0.2,22700,22708,5229,884,143,115,823,1360,516,102,25,11,other,"След почти всяко бръснене кожата ми оставаше с червени точки, врастнали косъмчета и раздразнение. Започнах да нанасям LUMI редовно и само след няколко седмици зоната изглеждаше много по-гладка, по-спокойна и без онези досадни следи след бръснене. Ако и на теб ти е писнало бръсненето да оставя кожата ти раздразнена с дни, LUMI е грижата, която прави разликата. ✨",https://lumibg.com/products/lumi-ingrown
https://www.facebook.com/ads/library/?id=1072774725622074,LUMI,A. Ingrown-hair treatment (direct),True,True,2026-09-28,2026-10-06,9,All,18,65,Bulgaria,22477,90.3,8.9,0.8,38.4,40.9,15.0,4.2,1.0,0.5,7848,8109,2851,792,172,91,518,822,436,131,39,14,dynamic/catalog (copy not visible),{{product.brand}},https://lumibg.com/products/lumi-ingrown
https://www.facebook.com/ads/library/?id=1090434123354805,LUMI,A. Ingrown-hair treatment (direct),True,True,2026-09-29,2026-10-06,8,All,18,65,Bulgaria,9668,88.9,10.1,1.0,28.1,38.6,24.3,6.9,1.4,0.7,2552,3350,2023,530,89,56,124,344,309,133,49,16,fast-result promise; discount/urgency,"Единственият продукт, който премахва врастнали косми, изсветлява петна и успокоява кожата за 7 дни! Формулата с BHA, AHA и екстракт от Алое нежно ексфолира, изсветлява и успокоява кожата. Само за 7 дни тя става по-гладка, по-равномерна и без раздразнения.  🧖‍♀️ Премахва врастналите косъмчета ✨ Изсветлява тъмните петна и белези 🌿 Успокоява зачервяванията 💧 Хидратира и изглажда кожата  Намалението приключва след 4 часа! Поръчай сега от: lumibg.com/ingrown",https://lumibg.com/products/lumi-ingrown
https://www.facebook.com/ads/library/?id=1081091171475488,LUMI,A. Ingrown-hair treatment (direct),True,True,2026-09-29,2026-10-06,8,All,18,65,Bulgaria,11207,94.8,4.3,0.9,53.4,35.1,8.7,2.2,0.4,0.2,5733,3702,876,221,41,21,183,185,85,24,7,0,fast-result promise; discount/urgency,"Единственият продукт, който премахва врастнали косми, изсветлява петна и успокоява кожата за 7 дни! Формулата с BHA, AHA и екстракт от Алое нежно ексфолира, изсветлява и успокоява кожата. Само за 7 дни тя става по-гладка, по-равномерна и без раздразнения.  🧖‍♀️ Премахва врастналите косъмчета ✨ Изсветлява тъмните петна и белези 🌿 Успокоява зачервяванията 💧 Хидратира и изглажда кожата  Намалението приключва след 4 часа! Поръчай сега от: lumibg.com/ingrown",https://lumibg.com/products/lumi-ingrown
https://www.facebook.com/ads/library/?id=2316889675723385,SimplyBeauty,A. Ingrown-hair treatment (direct),True,True,2026-09-30,2026-10-06,7,Women,35,65,Bulgaria,1169,100.0,0.0,0.0,0.0,0.0,47.9,37.9,9.9,4.2,0,0,560,443,116,49,0,0,0,0,0,0,mechanism/education,"🔍Враснали косми след бръснене или епилация? Понякога проблемът не е в начина, по който премахвате космите, а в това, което се случва с кожата след това.  Защо един косъм вместо да израсне нормално остава под кожата? Защо се появяват зачервяване, малки възпаления и тъмни петна? И най-важното е как може да ограничите повторната им поява?  📑В нашия експертен наръчник разглеждаме:  • как и защо се образуват врасналите косми • кои зони са най-предразположени • какво е добре да НЕ правите • как правил",https://simplybeauty.bg/article/vrasnali-kosmi-zashto-se-poyavyavat-i-kak-da-se-spravite-s-tyah
https://www.facebook.com/ads/library/?id=1719071142004815,BeNatural,B. Exfoliation / body care,False,False,2025-02-15,2025-12-01,290,Women,18,65,Bulgaria,219578,85.9,13.2,0.9,5.4,22.0,27.5,16.2,14.9,14.0,10197,44026,55978,31351,28406,27215,2066,6074,6600,5534,5446,4546,mechanism/education; summer/beach,"""Най- накрая реших да закупя от тези трици за лице, за които всички говорят! Момичета, казвам ви, има защо толкова да ги хвалят и да имат над 4 пъти изчерпани количества.. Лично аз се опитах да поръчам преди месец и отново нямаха наличности. Получих си триците и измивам през вечер лицето си с тях и лицето ми по-гладко, чисто и хидратирано не е било. Пъпките намаляха, разнасям гримът си много по-лесно а сега през лятото люпещото лице никак не е приятно! Аз съм с мазна и чувствителна кожа и тази м",https://bit.ly/3rebbLL
https://www.facebook.com/ads/library/?id=1205960071531380,BeNatural,B. Exfoliation / body care,False,False,2025-03-07,2025-12-01,270,Women,18,65,Bulgaria,165968,86.6,12.6,0.8,8.3,26.1,25.5,13.2,13.1,13.8,12386,39618,38282,18339,17538,18708,1376,3731,3945,3609,4192,4232,mechanism/education; summer/beach,"""Най- накрая реших да закупя от тези трици за лице, за които всички говорят! Момичета, казвам ви, има защо толкова да ги хвалят и да имат над 4 пъти изчерпани количества.. Лично аз се опитах да поръчам преди месец и отново нямаха наличности. Получих си триците и измивам през вечер лицето си с тях и лицето ми по-гладко, чисто и хидратирано не е било. Пъпките намаляха, разнасям гримът си много по-лесно а сега през лятото люпещото лице никак не е приятно! Аз съм с мазна и чувствителна кожа и тази м",https://bit.ly/3rebbLL
https://www.facebook.com/ads/library/?id=1254285699540669,BeNatural,B. Exfoliation / body care,False,True,2025-06-26,2026-10-06,468,Women,18,65,Bulgaria,291093,89.6,9.8,0.5,0.8,5.3,16.6,25.3,26.9,25.1,1675,12837,42875,65026,69242,65423,588,2098,4364,7174,7596,6308,other,"И ти ли страдаш от пигментни петна? 🍋 Избери ръчно приготвен аптечен Лимонов крем + Избелващ Флуид, които действат в дълбочина и намаляват тъмните петна, справят се с пигментацията и скоро можеш да се радваш на кожа без петна!🍋  Защо да избереш Лимонов аптечен крем? ✔ Изсветлява тъмните петна още в първите седмици ✔ Равномерен, сияен тен ✔ Дълбока хидратация + регенерация ✔ Предотвратява нова пигментация ✔ Възвръща мекотата и еластичността на кожата  🍋Видимо намалява пигментните петна само за 14",https://lemoncream.effectivefunnels.bg/
https://www.facebook.com/ads/library/?id=709622508564750,BeNatural,B. Exfoliation / body care,False,False,2025-06-30,2025-12-01,155,Women,18,55,Bulgaria,132890,100.0,0.0,0.0,7.8,28.6,37.5,23.8,2.3,0.0,10450,38127,50020,31724,3116,1,0,0,0,0,0,0,failed/painful alternatives,"😲Само 1 продукт с правилните натурални съставки, може да направи кожата ти толкова гладка, хидратирана и чиста.🥰  Вземи трици за лице с матча (*Най-скъпата в света съставка в козметиката, японското чудо за красота от векове ), която детоксикира кожата ти, предпазва я от натрупаната мръсотия и се изпозлва супер лесно с 1 нанясяне вечер, а след това измиваш!  Нанасяй върху лицето, шията и деколтето и усети разликата с първото измиване! <3  👩‍🦰Супер подходящо за тийнейджъри! Има антибактериално дей",https://bit.ly/3rebbLL
https://www.facebook.com/ads/library/?id=1778235916377883,BeNatural,B. Exfoliation / body care,True,False,2025-07-01,2025-12-01,154,Women,18,55,Bulgaria,263896,100.0,0.0,0.0,25.0,39.5,25.0,9.7,0.7,0.0,67983,107509,68118,26400,2036,18,0,0,0,0,0,0,failed/painful alternatives; mechanism/education,"Обърнати косъмчета, широки пори, черни точки - кажи СТОП на това и вземи антибактериални детокс трици за лице и тяло с матча!   Над 5600+ жени се радват на мека и хидратирана кожа с триците.  Само 1 продукт с правилните натурални съставки, може да направи кожата ти толкова гладка, хидратирана и чиста.  👉 Вземи трици за лице с матча (*Най-скъпата в света съставка в козметиката, японското чудо за красота от векове ), която детоксикира кожата ти, предпазва я от натрупаната мръсотия и се изпозлва су",https://bit.ly/3rebbLL
https://www.facebook.com/ads/library/?id=738362401911290,BeNatural,B. Exfoliation / body care,False,False,2025-07-09,2025-10-31,115,Women,18,65,Bulgaria,119935,100.0,0.0,0.0,44.1,38.7,13.7,2.5,0.6,0.5,54075,47369,16771,3050,700,552,0,0,0,0,0,0,mechanism/education,"😞 Омръзна ли ти да виждаш разширените пори в огледалото всеки ден?  👉 Гримът не стои гладко, кожата изглежда неравна, а с всяко замърсяване порите се запушват още повече... Звучи познато, нали?  Представи си гладка, матирана кожа, без видими пори, без усещане за омазняване или тежест. Това вече е възможно!  💚 Нашият измивен продукт с матча работи в дълбочина, за да: ✔ Почисти порите в дълбочина, премахвайки замърсяванията и себума, които ги разширяват ✔ Стегне и изглади кожата, за да изглежда ра",https://benatural.bg/products/matcha-detox-face-peeling
https://www.facebook.com/ads/library/?id=24343937365215482,BeNatural,B. Exfoliation / body care,False,False,2025-08-13,2026-04-12,243,Women,18,65,Bulgaria,159200,100.0,0.0,0.0,33.4,40.6,19.7,4.6,1.0,0.6,53408,65032,31613,7431,1673,934,0,0,0,0,0,0,mechanism/education; discount/urgency; summer/beach,"🔍 Уморена ли си да виждаш разширени пори всеки път в огледалото?  Този малък, но мощен продукт е твоето тайно оръжие срещу широките пори, мазната Т-зона и неравната текстура.  ✨ Триците за лице с матча не просто почистват – те преобразяват: ✔ Детоксикират кожата в дълбочина ✔ Изчистват порите от замърсявания и черни точки ✔ Премахват мъртвите клетки, които подчертават порите още повече ✔ Създават усещане за фина, гладка и стегната кожа  💧А най-хубавото? След всяко измиване усещаш кожата си по-ме",https://benatural.bg/products/matcha-detox-face-peeling
https://www.facebook.com/ads/library/?id=741959545295261,BeNatural,B. Exfoliation / body care,True,False,2025-08-19,2025-10-14,57,Women,18,65,Bulgaria,237168,88.6,10.8,0.6,4.8,21.1,29.5,20.1,14.7,9.8,9916,43764,60495,40557,29836,20371,1010,4735,7288,5661,4020,2259,failed/painful alternatives; mechanism/education,"Обърнати косъмчета, широки пори, черни точки - кажи СТОП на това и вземи антибактериални детокс трици за лице и тяло с матча!   Над 5600+ жени се радват на мека и хидратирана кожа с триците.  Само 1 продукт с правилните натурални съставки, може да направи кожата ти толкова гладка, хидратирана и чиста.  👉 Вземи трици за лице с матча (*Най-скъпата в света съставка в козметиката, японското чудо за красота от векове ), която детоксикира кожата ти, предпазва я от натрупаната мръсотия и се изпозлва су",https://bit.ly/3rebbLL
https://www.facebook.com/ads/library/?id=1451467526085809,BeNatural,B. Exfoliation / body care,False,True,2025-09-23,2026-10-06,379,Women,18,65,Bulgaria,611469,84.8,14.7,0.5,5.5,18.6,27.0,18.8,14.9,15.2,26472,91524,139409,97860,78328,80371,6761,20321,23048,15219,11922,11631,other,"И ти ли страдаш от пигментни петна? 🍋 Избери ръчно приготвен аптечен Лимонов крем + Избелващ Флуид, които действат в дълбочина и намаляват тъмните петна, справят се с пигментацията и скоро можеш да се радваш на кожа без петна!🍋  Защо да избереш Лимонов аптечен крем? ✔ Изсветлява тъмните петна още в първите седмици ✔ Равномерен, сияен тен ✔ Дълбока хидратация + регенерация ✔ Предотвратява нова пигментация ✔ Възвръща мекотата и еластичността на кожата  🍋Видимо намалява пигментните петна само за 14",https://lemoncream.effectivefunnels.bg/
https://www.facebook.com/ads/library/?id=864946785874168,BeNatural,B. Exfoliation / body care,False,False,2025-10-23,2026-04-12,172,Women,18,65,Bulgaria,80744,100.0,0.0,0.0,12.1,33.7,37.5,12.6,2.9,1.1,9524,26468,29428,9894,2306,835,0,0,0,0,0,0,mechanism/education,"😞 Омръзна ли ти да виждаш разширените пори в огледалото всеки ден?  👉 Гримът не стои гладко, кожата изглежда неравна, а с всяко замърсяване порите се запушват още повече... Звучи познато, нали?  Представи си гладка, матирана кожа, без видими пори, без усещане за омазняване или тежест. Това вече е възможно!  💚 Нашият измивен продукт с матча работи в дълбочина, за да: ✔ Почисти порите в дълбочина, премахвайки замърсяванията и себума, които ги разширяват ✔ Стегне и изглади кожата, за да изглежда ра",https://benatural.bg/products/matcha-detox-face-peeling
https://www.facebook.com/ads/library/?id=1345172413349829,BeNatural,B. Exfoliation / body care,False,True,2025-11-27,2026-10-06,314,Women,18,65,Bulgaria,167040,92.2,7.3,0.5,0.7,5.3,19.7,25.8,25.5,23.1,873,7844,30675,40054,39707,35795,258,1006,2157,3088,2968,2807,other,"И ти ли страдаш от пигментни петна? 🍋 Избери ръчно приготвен аптечен Лимонов крем + Избелващ Флуид, които действат в дълбочина и намаляват тъмните петна, справят се с пигментацията и скоро можеш да се радваш на кожа без петна!🍋  Защо да избереш Лимонов аптечен крем? ✔ Изсветлява тъмните петна още в първите седмици ✔ Равномерен, сияен тен ✔ Дълбока хидратация + регенерация ✔ Предотвратява нова пигментация ✔ Възвръща мекотата и еластичността на кожата  🍋Видимо намалява пигментните петна само за 14",https://lemoncream.effectivefunnels.bg/
https://www.facebook.com/ads/library/?id=825789910085735,BeNatural,B. Exfoliation / body care,False,False,2025-11-27,2026-06-21,207,Women,18,65,Bulgaria,148334,93.2,6.2,0.5,21.0,34.1,25.3,12.1,5.1,2.3,28774,47311,36202,17431,7364,3298,2696,3836,1721,750,254,153,mechanism/education; discount/urgency; summer/beach,"🔍 Уморена ли си да виждаш разширени пори всеки път в огледалото?  Този малък, но мощен продукт е твоето тайно оръжие срещу широките пори, мазната Т-зона и неравната текстура.  ✨ Триците за лице с матча не просто почистват – те преобразяват: ✔ Детоксикират кожата в дълбочина ✔ Изчистват порите от замърсявания и черни точки ✔ Премахват мъртвите клетки, които подчертават порите още повече ✔ Създават усещане за фина, гладка и стегната кожа  💧А най-хубавото? След всяко измиване усещаш кожата си по-ме",https://trici.benatural.bg/
https://www.facebook.com/ads/library/?id=885072780762009,BeNatural,B. Exfoliation / body care,False,True,2025-11-27,2026-10-06,314,Women,18,65,Bulgaria,421701,87.8,11.8,0.5,4.0,17.2,27.7,18.6,15.6,16.9,14179,62102,103543,69345,58203,62979,2616,9873,12560,8816,7495,8214,other,"И ти ли страдаш от пигментни петна? 🍋 Избери ръчно приготвен аптечен Лимонов крем + Избелващ Флуид, които действат в дълбочина и намаляват тъмните петна, справят се с пигментацията и скоро можеш да се радваш на кожа без петна!🍋  Защо да избереш Лимонов аптечен крем? ✔ Изсветлява тъмните петна още в първите седмици ✔ Равномерен, сияен тен ✔ Дълбока хидратация + регенерация ✔ Предотвратява нова пигментация ✔ Възвръща мекотата и еластичността на кожата  🍋Видимо намалява пигментните петна само за 14",https://lemoncream.effectivefunnels.bg/
https://www.facebook.com/ads/library/?id=1391717649139178,BeNatural,B. Exfoliation / body care,True,False,2025-12-01,2026-06-24,206,Women,18,55,Bulgaria,258158,100.0,0.0,0.0,28.0,42.0,21.8,7.9,0.4,0.0,72749,109020,56588,20411,1090,0,0,0,0,0,0,0,failed/painful alternatives; mechanism/education,"Обърнати косъмчета, широки пори, черни точки - кажи СТОП на това и вземи антибактериални детокс трици за лице и тяло с матча!   Над 5600+ жени се радват на мека и хидратирана кожа с триците.  Само 1 продукт с правилните натурални съставки, може да направи кожата ти толкова гладка, хидратирана и чиста.  👉 Вземи трици за лице с матча (*Най-скъпата в света съставка в козметиката, японското чудо за красота от векове ), която детоксикира кожата ти, предпазва я от натрупаната мръсотия и се изпозлва су",https://trici.benatural.bg/
https://www.facebook.com/ads/library/?id=1364144585354071,BeNatural,B. Exfoliation / body care,False,True,2025-12-01,2026-10-06,310,Women,18,65,Bulgaria,192144,93.0,6.5,0.5,4.8,26.2,36.6,18.8,9.3,4.3,8521,48118,68345,35211,17863,8221,1016,4112,4437,2270,817,425,mechanism/education; summer/beach,"""Най- накрая реших да закупя от тези трици за лице, за които всички говорят! Момичета, казвам ви, има защо толкова да ги хвалят и да имат над 4 пъти изчерпани количества.. Лично аз се опитах да поръчам преди месец и отново нямаха наличности. Получих си триците и измивам през вечер лицето си с тях и лицето ми по-гладко, чисто и хидратирано не е било. Пъпките намаляха, разнасям гримът си много по-лесно а сега през лятото люпещото лице никак не е приятно! Аз съм с мазна и чувствителна кожа и тази м",https://trici.benatural.bg/
https://www.facebook.com/ads/library/?id=684769117843102,BeNatural,B. Exfoliation / body care,True,True,2025-12-01,2026-10-06,310,Women,18,65,Bulgaria,503050,93.8,5.7,0.5,3.7,19.0,32.5,25.3,13.8,5.7,17598,91385,157942,123518,68603,28064,1606,6963,9743,7014,2921,1216,failed/painful alternatives; mechanism/education,"Обърнати косъмчета, широки пори, черни точки - кажи СТОП на това и вземи антибактериални детокс трици за лице и тяло с матча!   Над 5600+ жени се радват на мека и хидратирана кожа с триците.  Само 1 продукт с правилните натурални съставки, може да направи кожата ти толкова гладка, хидратирана и чиста.  👉 Вземи трици за лице с матча (*Най-скъпата в света съставка в козметиката, японското чудо за красота от векове ), която детоксикира кожата ти, предпазва я от натрупаната мръсотия и се изпозлва су",https://trici.benatural.bg/
https://www.facebook.com/ads/library/?id=1405471964308436,BeNatural,B. Exfoliation / body care,True,True,2025-12-01,2026-10-06,310,Women,18,65,Bulgaria,299871,82.7,16.7,0.6,26.5,42.0,20.3,7.0,2.8,1.4,61976,101567,52698,18432,7494,3700,16069,22670,7266,2348,686,511,failed/painful alternatives; mechanism/education,"Коледна оферта! Супер цена! 🔥 Обърнати косъмчета, широки пори, черни точки - кажи СТОП на това и вземи антибактериални детокс трици за лице и тяло с матча!   Над 5600+ жени се радват на мека и хидратирана кожа с триците.  Само 1 продукт с правилните натурални съставки, може да направи кожата ти толкова гладка, хидратирана и чиста.  👉 Вземи трици за лице с матча (*Най-скъпата в света съставка в козметиката, японското чудо за красота от векове ), която детоксикира кожата ти, предпазва я от натрупа",https://trici.benatural.bg/
https://www.facebook.com/ads/library/?id=728393326386920,BeNatural,B. Exfoliation / body care,False,True,2025-12-01,2026-10-06,310,Women,18,55,Bulgaria,164261,100.0,0.0,0.0,12.1,31.5,36.5,18.6,1.3,0.0,20830,54297,62800,32110,2202,0,0,0,0,0,0,0,failed/painful alternatives,"😲Само 1 продукт с правилните натурални съставки, може да направи кожата ти толкова гладка, хидратирана и чиста.🥰  Вземи трици за лице с матча (*Най-скъпата в света съставка в козметиката, японското чудо за красота от векове ), която детоксикира кожата ти, предпазва я от натрупаната мръсотия и се изпозлва супер лесно с 1 нанясяне вечер, а след това измиваш!  Нанасяй върху лицето, шията и деколтето и усети разликата с първото измиване! <3  👩‍🦰Супер подходящо за тийнейджъри! Има антибактериално дей",https://trici.benatural.bg/
https://www.facebook.com/ads/library/?id=1490088498736051,BeNatural,B. Exfoliation / body care,False,False,2025-12-01,2026-02-20,82,Women,18,65,Bulgaria,105731,93.0,6.6,0.5,9.9,27.8,31.2,17.6,8.8,4.7,9872,27986,32168,18190,9284,4898,936,2467,1979,1148,436,269,failed/painful alternatives; discount/urgency,"🔥Цените се вдигат след 01.01.2026г. 🔥🎉Възпозлвай се от СУПЕР намаление за 2 броя САМО за 34.90лв.🔥🎉  💚 Натуралните трици за лице превземат света. Чиста и натурална козметика, която кара кожата на лицето ти да блести от чистота.  Избави се от подпухналостта, почисти кожата си в дълбочина и заличи следите от стареене – всичко това само с 1 измивен продукт!  ✨ Какво ще получиш?  ✔ Дълбоко почистване от мръсотия, черни точки и излишен себум ✔ Предотвратяване на тъмни петна и видимо изглаждане на кож",https://trici.benatural.bg/
https://www.facebook.com/ads/library/?id=2918233745033753,BeNatural,B. Exfoliation / body care,False,True,2025-12-02,2026-10-06,309,Women,18,65,Bulgaria,202666,94.9,4.6,0.5,7.6,24.2,31.3,21.4,11.0,4.4,14110,45501,59855,41363,21614,8614,1096,3018,2892,1489,563,257,mechanism/education; discount/urgency; summer/beach,"🔍 Уморена ли си да виждаш разширени пори всеки път в огледалото?  Този малък, но мощен продукт е твоето тайно оръжие срещу широките пори, мазната Т-зона и неравната текстура.  ✨ Триците за лице с матча не просто почистват – те преобразяват: ✔ Детоксикират кожата в дълбочина ✔ Изчистват порите от замърсявания и черни точки ✔ Премахват мъртвите клетки, които подчертават порите още повече ✔ Създават усещане за фина, гладка и стегната кожа  💧А най-хубавото? След всяко измиване усещаш кожата си по-ме",https://trici.benatural.bg/
https://www.facebook.com/ads/library/?id=1341489151060620,BeNatural,B. Exfoliation / body care,False,False,2025-12-23,2026-01-19,28,Women,18,65,Bulgaria,50896,95.4,4.3,0.3,12.2,33.2,33.3,13.8,5.4,2.1,5937,16139,16367,6744,2647,1038,285,825,647,287,100,43,failed/painful alternatives; discount/urgency,"🔥Цените се вдигат след 01.01.2026г. 🔥🎉Възпозлвай се от СУПЕР намаление за 2 броя САМО за 34.90лв.🔥🎉  💚 Натуралните трици за лице превземат света. Чиста и натурална козметика, която кара кожата на лицето ти да блести от чистота.  Избави се от подпухналостта, почисти кожата си в дълбочина и заличи следите от стареене – всичко това само с 1 измивен продукт!  ✨ Какво ще получиш?  ✔ Дълбоко почистване от мръсотия, черни точки и излишен себум ✔ Предотвратяване на тъмни петна и видимо изглаждане на кож",https://trici.benatural.bg/
https://www.facebook.com/ads/library/?id=4147829628879280,BeNatural,B. Exfoliation / body care,False,True,2025-12-23,2026-10-06,288,Women,18,65,Bulgaria,78403,89.6,9.9,0.4,12.5,29.4,32.2,15.5,7.0,3.4,8263,20428,23569,11398,5291,2529,1695,2922,1937,907,291,172,failed/painful alternatives; discount/urgency,"🔥Цените се вдигат след 01.01.2026г. 🔥🎉Възпозлвай се от СУПЕР намаление за 2 броя САМО за 34.90лв.🔥🎉  💚 Натуралните трици за лице превземат света. Чиста и натурална козметика, която кара кожата на лицето ти да блести от чистота.  Избави се от подпухналостта, почисти кожата си в дълбочина и заличи следите от стареене – всичко това само с 1 измивен продукт!  ✨ Какво ще получиш?  ✔ Дълбоко почистване от мръсотия, черни точки и излишен себум ✔ Предотвратяване на тъмни петна и видимо изглаждане на кож",https://trici.benatural.bg/
https://www.facebook.com/ads/library/?id=2078268522577097,BeNatural,B. Exfoliation / body care,False,True,2026-01-03,2026-10-06,277,Women,18,65,Bulgaria,204693,89.6,9.9,0.5,1.4,8.2,18.6,22.3,26.3,23.2,2172,14034,34239,41723,50652,44610,819,3015,4397,4597,4251,3688,other,"Открий силата на ръчно приготвения аптечен Лимонов крем + Избелващ Флуид. Тази мощна комбинация действа в дълбочина, за да ти върне самочувствието и радостта от чистата кожа!  Защо да избереш точно този комплект? ✅ Моментално действие: Започва да изсветлява петната още първите седмици. ✅ Сияен тен: Изравнява цвета на лицето и премахва сивотата. ✅ Дълбока грижа: Хидратира и регенерира, връщайки мекотата и еластичността. ✅ Щит: Предотвратява появата на нова пигментация.  📅 Видим ефект по дни: ⏳ 14",https://lemoncream.effectivefunnels.bg/
https://www.facebook.com/ads/library/?id=25573078842304530,BeNatural,B. Exfoliation / body care,False,True,2026-01-03,2026-10-06,277,Women,18,65,Bulgaria,128288,91.9,7.7,0.4,1.1,6.2,15.8,21.0,28.2,27.7,1169,7232,19459,26197,35827,34868,343,1175,1828,2230,2323,2545,other,"Открий силата на ръчно приготвения аптечен Лимонов крем + Избелващ Флуид. Тази мощна комбинация действа в дълбочина, за да ти върне самочувствието и радостта от чистата кожа!  Защо да избереш точно този комплект? ✅ Моментално действие: Започва да изсветлява петната още първите седмици. ✅ Сияен тен: Изравнява цвета на лицето и премахва сивотата. ✅ Дълбока грижа: Хидратира и регенерира, връщайки мекотата и еластичността. ✅ Щит: Предотвратява появата на нова пигментация.  📅 Видим ефект по дни: ⏳ 14",https://lemoncream.effectivefunnels.bg/
https://www.facebook.com/ads/library/?id=1285643223508375,BeNatural,B. Exfoliation / body care,False,True,2026-04-07,2026-10-06,183,Women,18,65,Bulgaria,81060,91.5,8.1,0.4,2.8,12.4,25.6,20.9,19.9,18.5,1796,8405,18526,15203,14782,13751,384,1339,1634,1262,959,844,other,"НОВО! НОВО! НОВО! Пигментните петна нямат шанс! 🍋 Избери ръчно приготвен аптечен Лимонов крем + Избелващ Флуид, които действат в дълбочина и намаляват тъмните петна, справят се с пигментацията и скоро можеш да се радваш на кожа без петна!🍋  Защо да избереш Лимонов аптечен крем? ✔ Изсветлява тъмните петна още в първите седмици ✔ Равномерен, сияен тен ✔ Дълбока хидратация + регенерация ✔ Предотвратява нова пигментация ✔ Възвръща мекотата и еластичността на кожата  🍋Видимо намалява пигментните петн",https://lemon.benatural.bg/
https://www.facebook.com/ads/library/?id=949857760970572,BeNatural,B. Exfoliation / body care,False,True,2026-04-07,2026-10-06,183,Women,18,65,Bulgaria,92203,90.3,9.2,0.5,1.6,8.0,16.5,16.7,25.8,31.5,1103,6310,13811,13992,22210,26988,344,1102,1518,1499,1833,2321,other,"Открий силата на ръчно приготвения аптечен Лимонов крем + Избелващ Флуид. Тази мощна комбинация действа в дълбочина, за да ти върне самочувствието и радостта от чистата кожа!  Защо да избереш точно този комплект? ✅ Моментално действие: Започва да изсветлява петната още първите седмици. ✅ Сияен тен: Изравнява цвета на лицето и премахва сивотата. ✅ Дълбока грижа: Хидратира и регенерира, връщайки мекотата и еластичността. ✅ Щит: Предотвратява появата на нова пигментация.  📅 Видим ефект по дни: ⏳ 14",https://lemon.benatural.bg/
https://www.facebook.com/ads/library/?id=1702584344089075,BeNatural,B. Exfoliation / body care,False,True,2026-04-07,2026-10-06,183,Women,18,65,Bulgaria,148735,93.1,6.4,0.5,8.2,24.0,31.2,20.1,11.0,5.5,11006,32685,43569,28316,15750,7897,1161,3076,2828,1562,599,341,failed/painful alternatives,"😲Само 1 продукт с правилните натурални съставки, може да направи кожата ти толкова гладка, хидратирана и чиста.🥰  Вземи трици за лице с матча (*Най-скъпата в света съставка в козметиката, японското чудо за красота от векове ), която детоксикира кожата ти, предпазва я от натрупаната мръсотия и се изпозлва супер лесно с 1 нанясяне вечер, а след това измиваш!  Нанасяй върху лицето, шията и деколтето и усети разликата с първото измиване! <3  👩‍🦰Супер подходящо за тийнейджъри! Има антибактериално дей",https://trici.benatural.bg/
https://www.facebook.com/ads/library/?id=27041395978801558,BeNatural,B. Exfoliation / body care,False,True,2026-04-07,2026-10-06,183,Women,18,65,Bulgaria,183190,88.0,11.5,0.5,4.2,15.6,29.9,21.1,16.4,12.8,6031,24135,50301,35382,28032,21850,1850,5148,5723,4153,2763,2081,other,"Открий силата на ръчно приготвения аптечен Лимонов крем + Избелващ Флуид. Тази мощна комбинация действа в дълбочина, за да ти върне самочувствието и радостта от чистата кожа!  Защо да избереш точно този комплект? ✅ Моментално действие: Започва да изсветлява петната още първите седмици. ✅ Сияен тен: Изравнява цвета на лицето и премахва сивотата. ✅ Дълбока грижа: Хидратира и регенерира, връщайки мекотата и еластичността. ✅ Щит: Предотвратява появата на нова пигментация.  📅 Видим ефект по дни: ⏳ 14",https://lemon.benatural.bg/
https://www.facebook.com/ads/library/?id=1473560807546654,BeNatural,B. Exfoliation / body care,True,True,2026-04-08,2026-10-06,182,Women,18,65,Bulgaria,279261,87.9,11.5,0.6,22.7,39.1,24.1,9.4,3.2,1.5,54135,94346,60102,23952,8364,3791,8449,13992,6486,2118,603,391,failed/painful alternatives; mechanism/education,"Коледна оферта! Супер цена! 🔥 Обърнати косъмчета, широки пори, черни точки - кажи СТОП на това и вземи антибактериални детокс трици за лице и тяло с матча!   Над 5600+ жени се радват на мека и хидратирана кожа с триците.  Само 1 продукт с правилните натурални съставки, може да направи кожата ти толкова гладка, хидратирана и чиста.  👉 Вземи трици за лице с матча (*Най-скъпата в света съставка в козметиката, японското чудо за красота от векове ), която детоксикира кожата ти, предпазва я от натрупа",https://trici.benatural.bg/
https://www.facebook.com/ads/library/?id=27590097793927987,BeNatural,B. Exfoliation / body care,False,True,2026-06-09,2026-10-06,120,Women,18,65,Bulgaria,196109,88.2,11.3,0.5,6.1,20.7,30.6,18.1,12.5,12.0,9861,35435,54617,32363,22565,22008,2410,5793,6322,3780,2394,2048,other,"И ти ли страдаш от пигментни петна? 🍋 Избери ръчно приготвен аптечен Лимонов крем + Избелващ Флуид, които действат в дълбочина и намаляват тъмните петна, справят се с пигментацията и скоро можеш да се радваш на кожа без петна!🍋  Защо да избереш Лимонов аптечен крем? ✔ Изсветлява тъмните петна още в първите седмици ✔ Равномерен, сияен тен ✔ Дълбока хидратация + регенерация ✔ Предотвратява нова пигментация ✔ Възвръща мекотата и еластичността на кожата  🍋Видимо намалява пигментните петна само за 14",https://lemoncream.effectivefunnels.bg/
https://www.facebook.com/ads/library/?id=1325889239051463,BeNatural,B. Exfoliation / body care,True,True,2026-06-23,2026-10-06,106,Women,18,65,Bulgaria,67843,91.2,8.3,0.5,22.3,37.9,27.5,8.4,2.6,1.2,13508,22642,16716,5004,1573,731,1150,2247,1343,483,152,69,other,"Пъпки, зачервяване и обърнати косъмчета след епилация? 😩  Кажи „чао“ на раздразнението с Matcha Detox Face Peeling – нежни трици за лице и тяло, които ексфолират кожата, почистват натрупванията и помагат тя да изглежда по-гладка, мека и свежа.  Подходящи за зони като бикини линия и дупе, където кожата често реагира след епилация.  ✨ По-гладка кожа ✨ По-малко усещане за грапавина ✨ Свеж и чист вид след ексфолиране  Погрижи се за кожата си още днес. 👉 Купи сега https://trici.benatural.bg/",https://trici.benatural.bg/
https://www.facebook.com/ads/library/?id=1032342439217420,BeNatural,B. Exfoliation / body care,True,True,2026-06-23,2026-10-06,106,Women,18,65,Bulgaria,49002,95.7,3.9,0.4,9.0,34.5,38.0,13.0,4.1,1.4,4281,16651,18435,6276,1996,690,258,721,674,239,56,28,mechanism/education,"Искаш кожа, която изглежда гладка, чиста и свежа още след измиване? ✨  Matcha Detox Face Peeling са нежни трици за лице и тяло, създадени да ексфолират кожата, да премахват натрупванията и да оставят усещане за мекота, чистота и свежест.  Подходящи са за зоните, които най-често се нуждаят от допълнителна грижа – лице, бикини линия, дупе, крака и ръце.  🌿 Нежно ексфолират 🌿 Помагат срещу грапавина и запушени пори 🌿 Оставят кожата по-гладка и мека на допир 🌿 Подходящи за грижа преди и след епилаци",https://trici.benatural.bg/
https://www.facebook.com/ads/library/?id=3170939749758464,Bielle,B. Exfoliation / body care,True,False,2026-08-02,2026-09-29,59,All,18,65,Bulgaria,10691,88.1,11.2,0.6,2.1,6.5,13.0,20.5,27.6,30.3,182,572,1223,1951,2704,2979,43,137,186,260,299,302,failed/painful alternatives; mechanism/education; discount/urgency,"Кожата ти е суха, груба и лющеща се, с колкото и кремове да я мажеш?  Проблемът не е в крема. Проблемът е, че мъртвите клетки блокират пътя му към кожата и тя остава суха.  Затова първата стъпка не е поредният скъп лосион - а да премахнеш бариерата.  Точно това прави Японската ексфолираща кърпа на Bielle ⬇️  ✔️ Премахва мъртвата кожа още от първия душ  ✔️ Бамбуков въглен + сребърни йони (блокират 99.9% от бактериите)  ✔️ Прави кожата копринено гладка - буквално усещаш разликата при допир ✔️ Крем",https://mybielle.com/products/towel
https://www.facebook.com/ads/library/?id=2900696633596184,Bielle,B. Exfoliation / body care,True,False,2026-08-02,2026-09-29,59,All,18,65,Bulgaria,18973,75.6,23.7,0.8,1.6,6.1,10.3,17.9,28.3,35.8,127,595,1256,2405,4230,5519,159,527,657,915,1036,1134,failed/painful alternatives; mechanism/education; discount/urgency,"Кожата ти е суха, груба и лющеща се, с колкото и кремове да я мажеш?  Проблемът не е в крема. Проблемът е, че мъртвите клетки блокират пътя му към кожата и тя остава суха.  Затова първата стъпка не е поредният скъп лосион - а да премахнеш бариерата.  Точно това прави Японската ексфолираща кърпа на Bielle ⬇️  ✔️ Премахва мъртвата кожа още от първия душ  ✔️ Бамбуков въглен + сребърни йони (блокират 99.9% от бактериите)  ✔️ Прави кожата копринено гладка - буквално усещаш разликата при допир ✔️ Крем",https://mybielle.com/products/towel
https://www.facebook.com/ads/library/?id=837905919306600,Bielle,B. Exfoliation / body care,True,False,2026-08-15,2026-09-30,47,All,18,65,Bulgaria,15873,75.4,24.1,0.6,0.8,3.8,8.2,15.1,30.2,41.8,64,319,820,1670,3682,5343,63,283,471,697,1059,1232,failed/painful alternatives; mechanism/education; discount/urgency,"Кожата ти е суха, груба и лющеща се, с колкото и кремове да я мажеш?  Проблемът не е в крема. Проблемът е, че мъртвите клетки блокират пътя му към кожата и тя остава суха.  Затова първата стъпка не е поредният скъп лосион - а да премахнеш бариерата.  Точно това прави Японската ексфолираща кърпа на Bielle ⬇️  ✔️ Премахва мъртвата кожа още от първия душ  ✔️ Бамбуков въглен + сребърни йони (блокират 99.9% от бактериите)  ✔️ Прави кожата копринено гладка - буквално усещаш разликата при допир ✔️ Крем",https://mybielle.com/products/towel
https://www.facebook.com/ads/library/?id=1095099363082141,Bielle,B. Exfoliation / body care,True,False,2026-08-15,2026-09-30,47,All,18,65,Bulgaria,37291,84.2,15.3,0.5,0.9,3.4,7.6,16.3,31.0,40.9,211,778,2052,4870,9923,13384,126,460,743,1122,1518,1711,failed/painful alternatives; mechanism/education; discount/urgency,"Кожата ти е суха, груба и лющеща се, с колкото и кремове да я мажеш?  Проблемът не е в крема. Проблемът е, че мъртвите клетки блокират пътя му към кожата и тя остава суха.  Затова първата стъпка не е поредният скъп лосион - а да премахнеш бариерата.  Точно това прави Японската ексфолираща кърпа на Bielle ⬇️  ✔️ Премахва мъртвата кожа още от първия душ  ✔️ Бамбуков въглен + сребърни йони (блокират 99.9% от бактериите)  ✔️ Прави кожата копринено гладка - буквално усещаш разликата при допир ✔️ Крем",https://mybielle.com/products/towel
https://www.facebook.com/ads/library/?id=1594811885480618,Bielle,B. Exfoliation / body care,True,False,2026-08-15,2026-09-30,47,All,18,65,Bulgaria,11888,79.4,19.9,0.6,0.9,4.8,10.2,16.0,28.0,40.0,79,377,890,1398,2690,3979,31,187,310,485,616,734,failed/painful alternatives; mechanism/education; discount/urgency,"Кожата ти е суха, груба и лющеща се, с колкото и кремове да я мажеш?  Проблемът не е в крема. Проблемът е, че мъртвите клетки блокират пътя му към кожата и тя остава суха.  Затова първата стъпка не е поредният скъп лосион - а да премахнеш бариерата.  Точно това прави Японската ексфолираща кърпа на Bielle ⬇️  ✔️ Премахва мъртвата кожа още от първия душ  ✔️ Бамбуков въглен + сребърни йони (блокират 99.9% от бактериите)  ✔️ Прави кожата копринено гладка - буквално усещаш разликата при допир ✔️ Крем",https://mybielle.com/products/towel
https://www.facebook.com/ads/library/?id=1430034208945133,Bielle,B. Exfoliation / body care,True,False,2026-08-15,2026-09-30,47,All,18,65,Bulgaria,7420,72.5,26.9,0.6,0.9,5.6,11.0,20.0,28.7,33.8,41,216,479,1006,1567,1916,26,183,302,429,490,509,failed/painful alternatives; mechanism/education; discount/urgency,"Кожата ти е суха, груба и лющеща се, с колкото и кремове да я мажеш?  Проблемът не е в крема. Проблемът е, че мъртвите клетки блокират пътя му към кожата и тя остава суха.  Затова първата стъпка не е поредният скъп лосион - а да премахнеш бариерата.  Точно това прави Японската ексфолираща кърпа на Bielle ⬇️  ✔️ Премахва мъртвата кожа още от първия душ  ✔️ Бамбуков въглен + сребърни йони (блокират 99.9% от бактериите)  ✔️ Прави кожата копринено гладка - буквално усещаш разликата при допир ✔️ Крем",https://mybielle.com/products/towel
https://www.facebook.com/ads/library/?id=2242495946573750,Bielle,B. Exfoliation / body care,True,False,2026-08-15,2026-09-30,47,All,18,65,Bulgaria,17022,87.6,11.8,0.6,1.3,5.6,13.9,19.8,28.2,31.1,171,714,1924,2806,4159,4618,46,197,340,431,461,465,failed/painful alternatives; mechanism/education; discount/urgency,"Кожата ти е суха, груба и лющеща се, с колкото и кремове да я мажеш?  Проблемът не е в крема. Проблемът е, че мъртвите клетки блокират пътя му към кожата и тя остава суха.  Затова първата стъпка не е поредният скъп лосион - а да премахнеш бариерата.  Точно това прави Японската ексфолираща кърпа на Bielle ⬇️  ✔️ Премахва мъртвата кожа още от първия душ  ✔️ Бамбуков въглен + сребърни йони (блокират 99.9% от бактериите)  ✔️ Прави кожата копринено гладка - буквално усещаш разликата при допир ✔️ Крем",https://mybielle.com/products/towel
https://www.facebook.com/ads/library/?id=1419285633390744,Bielle,B. Exfoliation / body care,True,False,2026-08-16,2026-09-19,35,All,18,65,Bulgaria,213754,78.7,20.4,0.9,7.1,20.0,23.5,20.2,16.5,12.6,12029,30922,38585,36120,30910,24042,3468,12617,12461,7856,4986,3418,failed/painful alternatives; mechanism/education; discount/urgency,"Кожата ти е суха, груба и лющеща се, с колкото и кремове да я мажеш?  Проблемът не е в крема. Проблемът е, че мъртвите клетки блокират пътя му към кожата и тя остава суха.  Затова първата стъпка не е поредният скъп лосион - а да премахнеш бариерата.  Точно това прави Японската ексфолираща кърпа на Bielle ⬇️  ✔️ Премахва мъртвата кожа още от първия душ  ✔️ Бамбуков въглен + сребърни йони (блокират 99.9% от бактериите)  ✔️ Прави кожата копринено гладка - буквално усещаш разликата при допир ✔️ Крем",https://mybielle.com/products/towel
https://www.facebook.com/ads/library/?id=1570604901211846,Bielle,B. Exfoliation / body care,True,False,2026-08-16,2026-09-17,33,All,18,65,Bulgaria,12541,83.5,15.7,0.8,4.4,15.7,24.6,21.8,18.0,15.4,450,1541,2522,2296,1914,1707,101,408,525,397,322,209,failed/painful alternatives; mechanism/education; discount/urgency,"Кожата ти е суха, груба и лющеща се, с колкото и кремове да я мажеш?  Проблемът не е в крема. Проблемът е, че мъртвите клетки блокират пътя му към кожата и тя остава суха.  Затова първата стъпка не е поредният скъп лосион - а да премахнеш бариерата.  Точно това прави Японската ексфолираща кърпа на Bielle ⬇️  ✔️ Премахва мъртвата кожа още от първия душ  ✔️ Бамбуков въглен + сребърни йони (блокират 99.9% от бактериите)  ✔️ Прави кожата копринено гладка - буквално усещаш разликата при допир ✔️ Крем",https://mybielle.com/products/towel
https://www.facebook.com/ads/library/?id=1740126720543489,Bielle,B. Exfoliation / body care,True,False,2026-08-16,2026-09-17,33,All,18,65,Bulgaria,4496,71.6,27.6,0.8,3.1,8.6,11.5,18.0,24.7,34.1,87,222,347,550,844,1232,53,168,175,265,284,321,failed/painful alternatives; mechanism/education; discount/urgency,"Кожата ти е суха, груба и лющеща се, с колкото и кремове да я мажеш?  Проблемът не е в крема. Проблемът е, че мъртвите клетки блокират пътя му към кожата и тя остава суха.  Затова първата стъпка не е поредният скъп лосион - а да премахнеш бариерата.  Точно това прави Японската ексфолираща кърпа на Bielle ⬇️  ✔️ Премахва мъртвата кожа още от първия душ  ✔️ Бамбуков въглен + сребърни йони (блокират 99.9% от бактериите)  ✔️ Прави кожата копринено гладка - буквално усещаш разликата при допир ✔️ Крем",https://mybielle.com/products/towel
https://www.facebook.com/ads/library/?id=1975466699734949,Bielle,B. Exfoliation / body care,True,True,2026-09-14,2026-10-06,23,All,18,65,Bulgaria,4670,84.8,14.3,0.9,4.6,12.8,22.6,20.7,19.9,19.5,157,457,920,826,831,837,59,147,139,143,108,83,failed/painful alternatives; mechanism/education; discount/urgency,"Кожата ти е суха, груба и лющеща се, с колкото и кремове да я мажеш?  Проблемът не е в крема. Проблемът е, че мъртвите клетки блокират пътя му към кожата и тя остава суха.  Затова първата стъпка не е поредният скъп лосион - а да премахнеш бариерата.  Точно това прави Японската ексфолираща кърпа на Bielle ⬇️  ✔️ Премахва мъртвата кожа още от първия душ  ✔️ Бамбуков въглен + сребърни йони (блокират 99.9% от бактериите)  ✔️ Прави кожата копринено гладка - буквално усещаш разликата при допир ✔️ Крем",https://mybielle.com/products/towel
https://www.facebook.com/ads/library/?id=1123240766692474,Bielle,B. Exfoliation / body care,True,True,2026-09-14,2026-10-06,23,All,18,65,Bulgaria,52420,87.2,12.0,0.8,1.2,4.3,10.0,21.1,31.1,32.3,404,1582,4254,9309,14104,14796,181,588,795,1326,1634,1569,failed/painful alternatives; mechanism/education; discount/urgency,"Кожата ти е суха, груба и лющеща се, с колкото и кремове да я мажеш?  Проблемът не е в крема. Проблемът е, че мъртвите клетки блокират пътя му към кожата и тя остава суха.  Затова първата стъпка не е поредният скъп лосион - а да премахнеш бариерата.  Точно това прави Японската ексфолираща кърпа на Bielle ⬇️  ✔️ Премахва мъртвата кожа още от първия душ  ✔️ Бамбуков въглен + сребърни йони (блокират 99.9% от бактериите)  ✔️ Прави кожата копринено гладка - буквално усещаш разликата при допир ✔️ Крем",https://mybielle.com/products/towel
https://www.facebook.com/ads/library/?id=1053943667455154,Bielle,B. Exfoliation / body care,True,True,2026-09-14,2026-10-06,23,All,18,65,Bulgaria,2963,82.7,16.7,0.6,3.3,7.1,10.1,17.6,27.8,34.0,68,132,228,425,703,892,31,76,70,90,117,111,failed/painful alternatives; mechanism/education; discount/urgency,"Кожата ти е суха, груба и лющеща се, с колкото и кремове да я мажеш?  Проблемът не е в крема. Проблемът е, че мъртвите клетки блокират пътя му към кожата и тя остава суха.  Затова първата стъпка не е поредният скъп лосион - а да премахнеш бариерата.  Точно това прави Японската ексфолираща кърпа на Bielle ⬇️  ✔️ Премахва мъртвата кожа още от първия душ  ✔️ Бамбуков въглен + сребърни йони (блокират 99.9% от бактериите)  ✔️ Прави кожата копринено гладка - буквално усещаш разликата при допир ✔️ Крем",https://mybielle.com/products/towel
https://www.facebook.com/ads/library/?id=1325181809527006,Bielle,B. Exfoliation / body care,True,True,2026-09-14,2026-10-06,23,All,18,65,Bulgaria,9108,81.0,18.4,0.6,2.8,7.3,12.3,19.0,27.8,31.0,159,430,831,1388,2190,2473,97,237,296,342,355,371,failed/painful alternatives; mechanism/education; discount/urgency,"Кожата ти е суха, груба и лющеща се, с колкото и кремове да я мажеш?  Проблемът не е в крема. Проблемът е, че мъртвите клетки блокират пътя му към кожата и тя остава суха.  Затова първата стъпка не е поредният скъп лосион - а да премахнеш бариерата.  Точно това прави Японската ексфолираща кърпа на Bielle ⬇️  ✔️ Премахва мъртвата кожа още от първия душ  ✔️ Бамбуков въглен + сребърни йони (блокират 99.9% от бактериите)  ✔️ Прави кожата копринено гладка - буквално усещаш разликата при допир ✔️ Крем",https://mybielle.com/products/towel
https://www.facebook.com/ads/library/?id=1690194882725240,Bielle,B. Exfoliation / body care,True,True,2026-09-14,2026-10-06,23,All,18,65,Bulgaria,4276,70.8,28.5,0.6,2.9,7.1,11.1,19.2,27.4,32.3,73,153,300,533,840,1068,48,143,162,261,303,277,failed/painful alternatives; mechanism/education; discount/urgency,"Кожата ти е суха, груба и лющеща се, с колкото и кремове да я мажеш?  Проблемът не е в крема. Проблемът е, че мъртвите клетки блокират пътя му към кожата и тя остава суха.  Затова първата стъпка не е поредният скъп лосион - а да премахнеш бариерата.  Точно това прави Японската ексфолираща кърпа на Bielle ⬇️  ✔️ Премахва мъртвата кожа още от първия душ  ✔️ Бамбуков въглен + сребърни йони (блокират 99.9% от бактериите)  ✔️ Прави кожата копринено гладка - буквално усещаш разликата при допир ✔️ Крем",https://mybielle.com/products/towel
https://www.facebook.com/ads/library/?id=28663296940028097,Bielle,B. Exfoliation / body care,True,False,2026-09-18,2026-10-01,14,All,18,65,Bulgaria,174049,83.6,15.6,0.8,3.2,8.9,17.7,25.1,26.0,19.1,4450,11599,24289,36119,39496,29195,988,3749,6088,7029,5532,3765,failed/painful alternatives; mechanism/education; discount/urgency,"Кожата ти е суха, груба и лющеща се, с колкото и кремове да я мажеш?  Проблемът не е в крема. Проблемът е, че мъртвите клетки блокират пътя му към кожата и тя остава суха.  Затова първата стъпка не е поредният скъп лосион - а да премахнеш бариерата.  Точно това прави Японската ексфолираща кърпа на Bielle ⬇️  ✔️ Премахва мъртвата кожа още от първия душ  ✔️ Бамбуков въглен + сребърни йони (блокират 99.9% от бактериите)  ✔️ Прави кожата копринено гладка - буквално усещаш разликата при допир ✔️ Крем",https://mybielle.com/products/towel
https://www.facebook.com/ads/library/?id=2093010041337300,Bielle,B. Exfoliation / body care,True,False,2026-09-18,2026-10-01,14,All,18,65,Bulgaria,3038,85.3,13.9,0.8,4.8,11.9,21.4,23.1,22.2,16.6,114,280,530,611,603,454,31,80,114,83,67,46,failed/painful alternatives; mechanism/education; discount/urgency,"Кожата ти е суха, груба и лющеща се, с колкото и кремове да я мажеш?  Проблемът не е в крема. Проблемът е, че мъртвите клетки блокират пътя му към кожата и тя остава суха.  Затова първата стъпка не е поредният скъп лосион - а да премахнеш бариерата.  Точно това прави Японската ексфолираща кърпа на Bielle ⬇️  ✔️ Премахва мъртвата кожа още от първия душ  ✔️ Бамбуков въглен + сребърни йони (блокират 99.9% от бактериите)  ✔️ Прави кожата копринено гладка - буквално усещаш разликата при допир ✔️ Крем",https://mybielle.com/products/towel
https://www.facebook.com/ads/library/?id=28415067118121210,Bielle,B. Exfoliation / body care,True,False,2026-09-23,2026-09-25,3,All,18,65,Bulgaria,5818,77.3,21.3,1.4,5.5,14.1,19.3,22.4,21.1,17.6,219,515,846,1028,1051,887,89,300,275,272,182,138,failed/painful alternatives; mechanism/education; discount/urgency,"Кожата ти е суха, груба и лющеща се, с колкото и кремове да я мажеш?  Проблемът не е в крема. Проблемът е, че мъртвите клетки блокират пътя му към кожата и тя остава суха.  Затова първата стъпка не е поредният скъп лосион - а да премахнеш бариерата.  Точно това прави Японската ексфолираща кърпа на Bielle ⬇️  ✔️ Премахва мъртвата кожа още от първия душ  ✔️ Бамбуков въглен + сребърни йони (блокират 99.9% от бактериите)  ✔️ Прави кожата копринено гладка - буквално усещаш разликата при допир ✔️ Крем",https://mybielle.com/products/towel
https://www.facebook.com/ads/library/?id=4457368231259483,Bielle,B. Exfoliation / body care,True,True,2026-09-29,2026-10-06,8,All,18,65,Bulgaria,5934,91.5,7.8,0.7,0.8,3.2,9.7,25.2,35.8,25.4,35,159,516,1390,2012,1412,12,29,66,118,138,108,discount/urgency,"Гладка и мека кожа още след първия душ ✨  Японската ексфолираща кърпа на Bielle е от бамбуков въглен и сребро и е достатъчно дълга, за да стигне целия гръб.  ✔️ Стига до гърба, раменете и лактите ✔️ Съхне бързо и се пере в пералня ✔️ 30 дни гаранция за връщане на парите  За празниците: Купи 2, вземи 1 подарък 🎁 👉 https://mybielle.com/products/towel",https://mybielle.com/products/towel
https://www.facebook.com/ads/library/?id=2093670338206224,Bielle,B. Exfoliation / body care,True,True,2026-09-29,2026-10-06,8,All,18,65,Bulgaria,23782,90.7,8.8,0.5,0.9,4.1,12.5,28.3,34.1,20.1,164,811,2651,6087,7661,4511,50,165,357,704,547,302,discount/urgency,"Мекота, която се усеща при допир 💛  Японската ексфолираща кърпа на Bielle маха грубата кожа още от първия душ, дори на гърба. Бамбуков въглен и сребро, вплетени в тъканта.  ✔️ Гладка и мека кожа от първия душ ✔️ Стига до целия гръб ✔️ 30 дни гаранция за връщане на парите  Купи 2, вземи 1 подарък 🎁 👉 https://mybielle.com/products/towel",https://mybielle.com/products/towel
https://www.facebook.com/ads/library/?id=1133879935870753,Bielle,B. Exfoliation / body care,True,True,2026-09-30,2026-10-06,7,All,18,65,Bulgaria,13070,82.9,16.6,0.5,1.1,4.1,11.4,21.7,29.9,31.8,91,369,1152,2377,3379,3652,48,168,359,495,584,559,discount/urgency,"Фернандо… кога за последно ме докосна? 🥀  В следващия епизод: японската кърпа на Bielle 🎬 Бамбуков въглен и сребро, вплетени в тъканта. Маха грубата кожа още от първия душ и стига до целия гръб.  ✔️ Гладка и мека кожа от първия душ ✔️ Стига до гърба, раменете и лактите ✔️ 30 дни гаранция за връщане на парите  Купи 2, третата е подарък 🎁 👉 https://mybielle.com/products/towel",https://mybielle.com/products/towel
https://www.facebook.com/ads/library/?id=1080007037308523,Merréh,B. Exfoliation / body care,False,False,2025-06-08,2025-12-31,207,All,18,65,Bulgaria,18972,89.9,9.1,0.9,9.8,37.9,31.9,15.1,3.7,1.7,1772,6685,5416,2454,575,254,89,500,599,386,110,57,other,"✨ Merréh - грижа за кожата, която работи. Разкрий естествената си красота с мощни формули, създадени да подхранват, изглаждат и подмладяват. 🌿 Натурални съставки. Неповторими текстури. Видими резултати.",https://merreh.bg/collections/all-products
https://www.facebook.com/ads/library/?id=853109314062445,Merréh,B. Exfoliation / body care,False,False,2025-10-23,2025-12-10,49,Women,18,65,"Sofia City Province, Bulgaria",112162,100.0,0.0,0.0,8.7,9.6,12.0,19.5,27.2,23.1,10085,11131,13891,22659,31594,26835,0,0,0,0,0,0,other,"Очакваме ви всеки ден от 10:00 до 22:00 часа в📍Сердика Център, ниво 0 🤩",https://merreh.com/
https://www.facebook.com/ads/library/?id=855762643797793,Merréh,B. Exfoliation / body care,False,False,2025-10-25,2025-12-12,49,Women,18,65,"Sofia City Province, Bulgaria",247538,100.0,0.0,0.0,10.0,11.4,13.3,19.7,24.8,20.9,25455,29002,33993,50164,63248,53415,0,0,0,0,0,0,other,"✨ Merréh вече има свой адрес. Открий ни в Serdika Center, ниво 0. 📍 💫 Изпробвай текстурите, усети ароматите, открий любимия си ритуал.",https://merreh.com/
https://www.facebook.com/ads/library/?id=2430441410685706,Merréh,B. Exfoliation / body care,True,False,2025-10-30,2025-11-15,17,Women,18,65,Bulgaria,13762,92.3,6.7,1.0,8.4,42.7,34.2,11.8,2.0,0.9,1085,5512,4415,1495,246,103,72,406,288,127,26,20,shame/hiding & confidence; discount/urgency,"🎁 Ritual Box вече е тук! Този ноември Merréh те посреща със специална кутия, селектирана по повод откриването на първия Merréh Store в Serdika Center – и идва със специално предложение: -30% и БЕЗПЛАТНА ДОСТАВКА само сега.  🖤 Какво ще откриеш в лимитираната кутия: 🌿 Хидратиращ лосион за тяло  ☕️ Скраб с кафе  🌊 Маска за тяло с водорасли  ✨ Възстановяващ душ гел  🌱 Продукти с натурален състав  Ако усещаш, че кожата ти е: ❌ Суха и опъната след душ ❌ Груба и без мекота ❌ Загубила еластичност и свеж",https://merreh.com/products/merreh-store-ritual-box
https://www.facebook.com/ads/library/?id=1385365149762164,Merréh,B. Exfoliation / body care,False,False,2025-12-04,2026-01-03,31,Women,18,65,Bulgaria,12862,85.7,13.6,0.6,7.6,36.3,34.0,15.3,4.7,2.2,854,3978,3666,1626,495,221,101,596,596,288,92,49,dynamic/catalog (copy not visible),{{product.brand}},https://merreh.com/
https://www.facebook.com/ads/library/?id=863722889395234,Merréh,B. Exfoliation / body care,False,False,2025-12-10,2026-01-12,34,Women,18,65,Bulgaria,36223,91.3,8.0,0.8,9.3,35.5,32.9,16.2,4.6,1.5,3188,12082,11238,5527,1562,493,254,1124,925,466,147,67,failed/painful alternatives,"Merréh - натурална козметика за лице и тяло, която преобръща представите за качество и резултат! 💫  Формулите съчетават доказани природни съставки и дерматологични иновации за видимо по-гладка, по-сияйна и подхранена кожа.  Нежни текстури, изтънчени аромати, изискана грижа! Разгледай и избери сега >> https://merreh.com/",https://merreh.com/
https://www.facebook.com/ads/library/?id=1570414190871529,Merréh,B. Exfoliation / body care,False,False,2025-12-17,2026-01-03,18,All,18,65,Bulgaria,7796,92.5,6.5,1.0,7.2,35.8,36.9,15.2,3.3,1.7,521,2624,2667,1076,215,111,34,147,174,98,35,18,dynamic/catalog (copy not visible),{{product.brand}},https://merreh.com/
https://www.facebook.com/ads/library/?id=1599268241271954,Merréh,B. Exfoliation / body care,False,False,2026-01-15,2026-02-02,19,All,18,65,Bulgaria,8490,92.8,6.0,1.2,5.3,31.4,39.9,17.7,4.4,1.4,407,2492,3177,1362,348,106,33,157,176,115,17,11,dynamic/catalog (copy not visible),{{product.brand}},https://merreh.com/collections/sales
https://www.facebook.com/ads/library/?id=770318195872122,Merréh,B. Exfoliation / body care,False,False,2026-03-20,2026-05-12,54,Women,18,65,Bulgaria,17409,97.5,1.9,0.5,10.2,40.2,34.2,12.4,2.2,0.8,1707,6809,5706,2065,363,124,36,97,119,54,17,8,failed/painful alternatives; discount/urgency,"✨ Открий своя перфектен ритуал за красота за тяло и лице с до -50% намаление. Пазарувай козметика, съчетаваща силата на природата и науката в едно. Избери Merréh.  Нашите адаптивни умни формули с гроздови екстракти ти дават ефективна грижа, която работи за теб всеки ден.  Защо твоята кожа заслужава точно това?  ✅ Натурални и чисти съставки (без изкуствени добавки) ✅ Без парабени, силикони и изкуствени аромати ✅ Гарантирани резултати и завършени ритуали за лице, тяло и коса",http://merreh.com/
https://www.facebook.com/ads/library/?id=2575021709566642,Merréh,B. Exfoliation / body care,False,False,2026-03-30,2026-04-07,9,Women,18,65,Bulgaria,30632,95.2,4.6,0.2,27.1,46.2,18.9,5.6,1.4,0.8,8110,13523,5562,1621,417,211,253,754,273,96,25,27,failed/painful alternatives; discount/urgency,"✨ Открий своя перфектен ритуал за красота за тяло и лице с до -50% намаление. Пазарувай козметика, съчетаваща силата на природата и науката в едно. Избери Merréh.  Нашите адаптивни умни формули с гроздови екстракти ти дават ефективна грижа, която работи за теб всеки ден.  Защо твоята кожа заслужава точно това?  ✅ Натурални и чисти съставки (без изкуствени добавки) ✅ Без парабени, силикони и изкуствени аромати ✅ Гарантирани резултати и завършени ритуали за лице, тяло и коса",http://merreh.com/
https://www.facebook.com/ads/library/?id=1850478848979604,Merréh,B. Exfoliation / body care,False,False,2026-05-04,2026-06-20,48,Women,18,65,Bulgaria,19846,89.9,9.5,0.7,7.6,25.6,31.4,21.9,10.2,3.3,1292,4529,5519,3925,1851,589,193,508,604,353,153,52,dynamic/catalog (copy not visible),{{product.brand}},https://merreh.com/products/daily-routine
https://www.facebook.com/ads/library/?id=1296321859146821,Merréh,B. Exfoliation / body care,False,False,2026-05-15,2026-06-22,39,All,18,65,Bulgaria,27141,95.8,3.5,0.8,8.3,36.8,32.9,15.3,5.2,1.5,2080,9315,8277,3806,1280,357,82,305,265,162,69,22,other,"Това е усещането за кожа, в която се влюбваш отново.  Гладка. Стегната. С естествен glow.  👉 Този ритуал комбинира ексфолиране и скулптуриране, за да видиш реална разлика - не само да я усещаш.  Кожата изглежда по-изчистена, по-равномерна и много по-красива още след първите използвания.  И това е само началото.  👉 Ако искаш кожата ти да изглежда добре без филтър - започни от тук.  #anticellulite #merrehparis #glowingskin #naturalcosmetics",https://merreh.com/products/set-eksfolirane-skulpturirane
https://www.facebook.com/ads/library/?id=805478219098486,Merréh,B. Exfoliation / body care,True,False,2026-05-18,2026-07-02,46,Women,18,55,Bulgaria,13258,100.0,0.0,0.0,5.6,24.9,41.9,26.4,1.3,0.0,741,3324,5586,3525,171,0,0,0,0,0,0,0,dynamic/catalog (copy not visible),{{product.brand}},https://merreh.com/products/body-scrub-rg
https://www.facebook.com/ads/library/?id=1715659029602700,Merréh,B. Exfoliation / body care,True,False,2026-05-18,2026-06-27,41,Women,18,55,Bulgaria,15024,100.0,0.0,0.0,2.6,17.3,43.5,34.4,2.2,0.0,392,2571,6443,5094,326,0,0,0,0,0,0,0,mechanism/education; discount/urgency; summer/beach,"🌸 Суха и груба кожа? Имаме решението за теб! Избери своя любим BESTSELLER скраб за тяло от Merréh и се подготви за лятото с копринена мекота.  🚿 Нашите скрабове нежно, но безкомпромисно премахват мъртвите клетки, освобождавайки пътя за перфектно гладка, стегната и сияйна кожа.   📈 92% от дамите потвърждават, че кожата им е видимо по-гладка само след 30 дни употреба.  Какво прави нашите скрабове толкова специални?  ✅ Мощни активни съставки ✅ Подхранващо в дълбочина действие ✅ Антицелулитен ефект ",https://merreh.com/collections/scrubs
https://www.facebook.com/ads/library/?id=3298717253633423,Merréh,B. Exfoliation / body care,False,False,2026-05-21,2026-07-03,44,Women,18,55,Bulgaria,10225,100.0,0.0,0.0,3.8,19.7,41.8,32.7,2.1,0.0,397,2064,4393,3428,217,0,0,0,0,0,0,0,dynamic/catalog (copy not visible),{{product.brand}},https://merreh.com/collections/scrubs
https://www.facebook.com/ads/library/?id=869890092800537,Merréh,B. Exfoliation / body care,False,False,2026-05-21,2026-08-08,80,Women,18,65,Bulgaria,129968,57.4,42.2,0.4,5.7,10.1,12.7,18.2,23.0,30.3,3786,5541,7280,11767,16613,26166,3259,6957,8360,10660,11773,11304,other,"С удоволствие поставихме началото на едно красиво партньорство с @mmauto_bulgaria 🤍 Предстоят ни съвместни lifestyle събития, специални преживявания и много вдъхновяващи срещи.  Merréh не е само beauty бранд, това е философия за красив живот, грижа за себе си, естетика и усещане за качество във всеки детайл. ✨✨✨  #Merréh #MMAuto #Collaboration #Lifestyle #LuxuryExperience",https://merreh.com/
https://www.facebook.com/ads/library/?id=1511848480652478,Merréh,B. Exfoliation / body care,False,False,2026-05-23,2026-06-22,31,Women,18,65,Bulgaria,33323,100.0,0.0,0.0,0.6,8.5,33.3,34.6,18.1,4.8,204,2768,10831,11267,5896,1552,0,0,0,0,0,0,other,"Понякога най-красивите думи за Merréh идват не от нас, а от хората, които истински са се докоснали до бранда. 🤍  Това видео говори за Merréh по начина, по който винаги сме мечтали хората да го усещат — като грижа, ритуал, емоция и любов към себе си. ✨  Благодарни сме за всяка истинска препоръка, за всяко доверие и за това, че сте част от нашия свят. Създаваме Merréh със сърце — и когато това се усеща, всичко има смисъл. 🤍  www.merreh.com  @merreh  #Merreh #MerrehParis #LuxurySkincare #BeautyRitu",https://merreh.com/
https://www.facebook.com/ads/library/?id=769836149456449,Merréh,B. Exfoliation / body care,False,False,2026-05-27,2026-08-08,74,Women,18,65,Bulgaria,126965,51.0,48.6,0.4,4.0,6.9,12.2,20.9,27.6,28.5,3278,4504,7120,11764,17594,21719,1815,4415,8509,15124,18028,15062,other,"Зад всяка наша формула стои изключителна прецизност - съвършен баланс между наука и природа. Merréh е там, където тази философия се превръща в стандарт - изискан, елегантен и безупречен. Защото истинското качество се разпознава в начина, по който се усеща.  #merréhcosmetics #naturalcosmetics #glowingskin #naturalrituals #merréhlifestyle",https://merreh.com/
https://www.facebook.com/ads/library/?id=2129606034268857,Merréh,B. Exfoliation / body care,False,False,2026-05-28,2026-07-03,37,Women,18,55,Bulgaria,16485,100.0,0.0,0.0,4.1,24.2,41.4,28.5,1.7,0.0,682,4011,6861,4727,284,0,0,0,0,0,0,0,other,"В Merréh създаваме продукти с внимателно подбрани натурални съставки, богати текстури и аромати, които превръщат ежедневната грижа в истинско преживяване. Гроздовите екстракти, масла, активни съставки и формули, подхранват, хидратират и придават усещане за комфорт и красота.  От нашия Red Grape Body Scrub до кремовете, серумите и ритуалите за тяло — всяка формула носи усещането за мекота, сияние и грижа, която остава.  #Merreh #MerrehParis #LuxurySkincare #NaturalBeauty #BeautyRitual",https://merreh.com/collections/scrubs
https://www.facebook.com/ads/library/?id=2089901128222060,Merréh,B. Exfoliation / body care,False,False,2026-06-01,2026-08-08,69,Women,18,65,Bulgaria,146233,72.0,27.6,0.3,2.1,4.1,8.7,18.6,30.4,36.1,2108,3676,8257,18006,31350,40206,939,2200,4166,8564,12239,11655,other,"Две сестри. Една идея. И безкомпромисно желание да създаваме продукти, които променят начина, по който се усеща кожата.  Днес Merréh е много повече от това, което си представяхме. Но всяка формула все още започва от същото място - внимание към всеки един детайл и стандарт, който не прави крачка назад. ✨❤️ #merrehfamily #founders #naturalcosmetics #merrehrituals #merréhlifestyle",https://merreh.com/
https://www.facebook.com/ads/library/?id=950950581101798,Merréh,B. Exfoliation / body care,False,False,2026-06-03,2026-06-12,10,Women,18,65,Bulgaria,24369,100.0,0.0,0.0,0.8,10.8,35.4,32.2,15.6,5.2,189,2578,8482,7732,3742,1258,0,0,0,0,0,0,other,"Понякога най-красивите думи за Merréh идват не от нас, а от хората, които истински са се докоснали до бранда. 🤍  Това видео говори за Merréh по начина, по който винаги сме мечтали хората да го усещат — като грижа, ритуал, емоция и любов към себе си. ✨  Благодарни сме за всяка истинска препоръка, за всяко доверие и за това, че сте част от нашия свят. Създаваме Merréh със сърце — и когато това се усеща, всичко има смисъл. 🤍  www.merreh.com  @merreh  #Merreh #MerrehParis #LuxurySkincare #BeautyRitu",https://merreh.com/
https://www.facebook.com/ads/library/?id=1533894398098038,Merréh,B. Exfoliation / body care,True,False,2026-06-04,2026-07-20,47,Women,18,55,Bulgaria,14976,100.0,0.0,0.0,8.6,30.3,37.3,22.4,1.4,0.0,1292,4567,5626,3372,206,0,0,0,0,0,0,0,mechanism/education; discount/urgency; summer/beach,"🌸 Суха и груба кожа? Имаме решението за теб! Избери своя любим BESTSELLER скраб за тяло от Merréh и се подготви за лятото с копринена мекота.  🚿 Нашите скрабове нежно, но безкомпромисно премахват мъртвите клетки, освобождавайки пътя за перфектно гладка, стегната и сияйна кожа.   📈 92% от дамите потвърждават, че кожата им е видимо по-гладка само след 30 дни употреба.  Какво прави нашите скрабове толкова специални?  ✅ Мощни активни съставки ✅ Подхранващо в дълбочина действие ✅ Антицелулитен ефект ",https://merreh.com/collections/scrubs
https://www.facebook.com/ads/library/?id=862095736359566,Merréh,B. Exfoliation / body care,False,False,2026-06-04,2026-07-04,31,Women,18,65,Bulgaria,16944,100.0,0.0,0.0,7.1,20.6,34.1,24.1,10.3,3.9,1185,3469,5729,4046,1728,647,0,0,0,0,0,0,fast-result promise; discount/urgency,"🗓️🛑 Видими резултати за 28 дни! Вземи с до -50% на избрани продукти до края на месеца. С адаптивните формули на Merréh получаваш гладка, чиста и сияйна кожа с доказано действие.",http://merreh.com/
https://www.facebook.com/ads/library/?id=2260312914722970,Merréh,B. Exfoliation / body care,False,False,2026-06-29,2026-07-13,15,Women,18,50,Bulgaria,35641,100.0,0.0,0.0,14.6,28.3,32.2,24.9,0.0,0.0,5121,9891,11273,8722,0,0,0,0,0,0,0,0,other,"✨ ПРЕДВАРИТЕЛНА ПОРЪЧКА: Запази своя Golden Tan Elixir SPF 30 още днес! Мечтаеш за сияен тен без компромис със защитата? Golden Tan Elixir SPF 30 съчетава естествен бронзов завършек с грижа за кожата. Формулата с кокосово масло подхранва в дълбочина, докато SPF 30 помага да се наслаждаваш на слънцето по-спокойно.  ☀️ Интензивен естествен тен ☀️ SPF 30 слънцезащита ☀️ Копринено гладка кожа ☀️ Без лепкаво усещане и бели следи ☀️ Красив блясък през целия ден",https://merreh.com/products/golden-tan-elixir-spf-30
https://www.facebook.com/ads/library/?id=1343080167333268,Merréh,B. Exfoliation / body care,True,False,2026-07-03,2026-07-12,10,Women,18,65,Bulgaria,17472,100.0,0.0,0.0,0.9,7.3,23.9,24.4,20.7,22.8,161,1254,4097,4190,3560,3909,0,0,0,0,0,0,social proof/reviews,"Няма по-голямо признание за нас от това да виждаме истински доволни клиенти. 🤍  Всеки път, когато някой сподели своята ежедневна рутина с Merréh и ни покаже, че продуктите ни са се превърнали в част от грижата за себе си, се убеждаваме, че сме на правилния път. Благодарим ви за доверието, за красивите думи и за искрената обратна връзка, именно тя ни вдъхновява да създаваме още по-добри продукти. ✨🍇  Любимата ѝ рутина включва Glow Body Therapy на Merréh: 🍇 Red Grape Скраб за тяло 🚿 Red Grape Възс",https://merreh.com/
https://www.facebook.com/ads/library/?id=2319743698829376,Merréh,B. Exfoliation / body care,False,False,2026-07-22,2026-07-30,9,Women,18,50,Bulgaria,23842,100.0,0.0,0.0,2.9,22.9,49.5,24.7,0.0,0.0,676,5398,11703,5845,0,0,0,0,0,0,0,0,dynamic/catalog (copy not visible),{{product.brand}},http://merreh.com/
https://www.facebook.com/ads/library/?id=1050822190754983,Merréh,B. Exfoliation / body care,False,False,2026-07-30,2026-09-04,37,Women,18,65,Bulgaria,9150,100.0,0.0,0.0,1.9,13.4,37.4,29.7,13.9,3.8,172,1243,3453,2741,1286,349,0,0,0,0,0,0,fast-result promise; discount/urgency,"🗓️🛑 Видими резултати за 28 дни! Вземи с до -50% на избрани продукти до края на месеца. С адаптивните формули на Merréh получаваш гладка, чиста и сияйна кожа с доказано действие.",http://merreh.com/
https://www.facebook.com/ads/library/?id=1566836528418188,Merréh,B. Exfoliation / body care,False,False,2026-07-30,2026-09-03,36,Women,18,65,Bulgaria,13983,100.0,0.0,0.0,1.3,10.8,33.0,31.5,17.8,5.6,180,1491,4546,4346,2450,769,0,0,0,0,0,0,fast-result promise; discount/urgency,"🗓️🛑 Видими резултати за 28 дни! Вземи с до -50% на избрани продукти до края на месеца. С адаптивните формули на Merréh получаваш гладка, чиста и сияйна кожа с доказано действие.",http://merreh.com/
https://www.facebook.com/ads/library/?id=4314959882060006,Merréh,B. Exfoliation / body care,False,False,2026-08-07,2026-09-03,28,Women,18,65,Bulgaria,39723,89.9,9.4,0.6,7.8,22.9,28.6,18.8,11.8,10.1,2625,7950,10087,6530,3916,3263,322,740,743,624,588,587,summer/beach,"✨ GIVEAWAY ✨  СПЕЧЕЛИ “Интензивна терапия срещу целулит и подкожни мазнини”! 💜  Ако мечтаеш за по-гладка, по-стегната и по-сияйна кожа, това е моментът да опиташ един от най-харесваните ни ритуали.  За да участваш трябва:  🤍 Последвай @merrehcosmetics 🤍 Да харесаш поста 🤍 Да отбележиш любимата ти приятелка в коментар и тя също да ни последва, за да имате по-голям шанс заедно.  🎁 Наградата включва:  • Anti-Cellulite & Stretch Mark Erasing Oil • Red Grape Detox & Glow Shower Mousse • Coffee Scrub ",http://instagram.com/merrehcosmetics
https://www.facebook.com/ads/library/?id=1821719108838143,Merréh,B. Exfoliation / body care,False,False,2026-09-15,2026-10-01,17,Women,18,55,Bulgaria,52792,100.0,0.0,0.0,19.4,18.4,20.6,36.7,4.8,0.0,10360,9830,10986,19558,2567,0,0,0,0,0,0,0,summer/beach,"✨ GIVEAWAY  MERRÉH HOME SPA RITUAL ✨  Подари си време за себе си и превърни дома си в истински SPA ритуал. Един от вас ще спечели специален комплект за нежна, гладка и подхранена кожа:  • Red Grape Bath Salts • White Grape Algae Body Mask • White Grape Body Scrub • Red Grape Body Butter  За да участваш:  1. Последвай Merréh 2. Харесай публикацията 3. Отбележи в коментар приятел, който също заслужава време за себе си  Можеш да участваш с повече от един коментар, като отбелязваш различен човек.  С",https://merreh.com/
https://www.facebook.com/ads/library/?id=1678309240387558,Merréh,B. Exfoliation / body care,False,True,2026-09-28,2026-10-06,9,Women,18,65,Bulgaria,1909,100.0,0.0,0.0,1.0,8.0,28.3,35.9,20.0,6.8,20,156,550,697,389,132,0,0,0,0,0,0,social proof/reviews,"⭐ Доверието на нашите клиенти е нашата най-голяма награда. Благодарим за високата оценка от нашите клиенти, тя е резултат от безкомпромисната ни отдаденост да предоставяме на кожата чиста и дълбока грижа, от която се нуждае.",http://merreh.com/
https://www.facebook.com/ads/library/?id=39691198737133856,Merréh,B. Exfoliation / body care,False,True,2026-09-28,2026-10-06,9,Women,18,65,Bulgaria,4960,100.0,0.0,0.0,1.0,8.5,30.1,33.2,21.3,6.0,49,425,1497,1652,1059,299,0,0,0,0,0,0,fast-result promise; discount/urgency,"🗓️🛑 Видими резултати за 28 дни! Вземи с до -30% на избрани продукти до края на месеца. С адаптивните формули на Merréh получаваш гладка, чиста и сияйна кожа с доказано действие.",http://merreh.com/
https://www.facebook.com/ads/library/?id=1037547439322465,Merréh,B. Exfoliation / body care,True,True,2026-09-28,2026-10-06,9,Women,18,65,Bulgaria,778,100.0,0.0,0.0,2.0,11.3,39.5,31.1,12.4,3.8,15,87,303,239,95,29,0,0,0,0,0,0,mechanism/education,"🖤 ДЕТОКС ЗА КОЖАТА ТИ 🖤  Замърсявания, мъртви клетки, неравна текстура? Време е за RESET. ✨  Скрабът с активен въглен на merréh съчетава силата на активния въглен и морската сол с подхранващи масла, за да остави кожата:  ✨ видимо по-гладка   🖤 дълбоко ексфолирана   ✨ мека и подхранена   🖤 свежа и сияйна  Активният въглен помага за премахването на натрупаните замърсявания, морската сол ексфолира, а маслото от гроздови семки и ший подхранват кожата.  Гладка, мека и сияйна кожа още след ексфолиране",https://merreh.com/collections/scrubs
https://www.facebook.com/ads/library/?id=1753196485964015,Merréh,B. Exfoliation / body care,True,True,2026-09-28,2026-10-05,8,Women,18,65,Bulgaria,350,100.0,0.0,0.0,1.4,10.1,35.5,31.0,15.8,6.2,5,36,126,110,56,22,0,0,0,0,0,0,mechanism/education,"🖤 ДЕТОКС ЗА КОЖАТА ТИ 🖤  Замърсявания, мъртви клетки, неравна текстура? Време е за RESET. ✨  Скрабът с активен въглен на merréh съчетава силата на активния въглен и морската сол с подхранващи масла, за да остави кожата:  ✨ видимо по-гладка   🖤 дълбоко ексфолирана   ✨ мека и подхранена   🖤 свежа и сияйна  Активният въглен помага за премахването на натрупаните замърсявания, морската сол ексфолира, а маслото от гроздови семки и ший подхранват кожата.  Гладка, мека и сияйна кожа още след ексфолиране",https://merreh.com/products/activated-charcoal-scrub
https://www.facebook.com/ads/library/?id=1426605619429954,Merréh,B. Exfoliation / body care,False,True,2026-09-28,2026-10-06,9,Women,18,65,Bulgaria,914,100.0,0.0,0.0,0.9,8.1,27.1,34.8,22.3,6.9,8,76,254,326,209,65,0,0,0,0,0,0,shame/hiding & confidence; social proof/reviews,"❤️ Над 5000+ жени вече избраха Merréh! Хиляди доволни клиенти вече откриха тайната на перфектната кожа. Време е да я откриеш и ти!  Защо твоята кожа заслужава точно това?  ✅ Натурални и чисти съставки (без изкуствени добавки) ✅ Без парабени, силикони и изкуствени аромати ✅ Гарантирани резултати и завършени ритуали за лице, тяло и коса",http://merreh.com/
https://www.facebook.com/ads/library/?id=1034125312926475,Merréh,B. Exfoliation / body care,False,True,2026-09-28,2026-10-06,9,Women,18,65,Bulgaria,1483,100.0,0.0,0.0,1.0,8.0,30.9,33.7,19.5,6.7,15,117,451,492,285,98,0,0,0,0,0,0,social proof/reviews,"⭐ Доверието на нашите клиенти е нашата най-голяма награда. Благодарим за високата оценка от нашите клиенти, тя е резултат от безкомпромисната ни отдаденост да предоставяме на кожата чиста и дълбока грижа, от която се нуждае.",http://merreh.com/
https://www.facebook.com/ads/library/?id=1253611546926835,Merréh,B. Exfoliation / body care,True,True,2026-09-28,2026-10-06,9,Women,18,65,Bulgaria,2275,100.0,0.0,0.0,1.4,12.1,36.2,32.9,12.9,4.5,33,276,828,753,296,102,0,0,0,0,0,0,mechanism/education,"🖤 ДЕТОКС ЗА КОЖАТА ТИ 🖤  Замърсявания, мъртви клетки, неравна текстура? Време е за RESET. ✨  Скрабът с активен въглен на merréh съчетава силата на активния въглен и морската сол с подхранващи масла, за да остави кожата:  ✨ видимо по-гладка   🖤 дълбоко ексфолирана   ✨ мека и подхранена   🖤 свежа и сияйна  Активният въглен помага за премахването на натрупаните замърсявания, морската сол ексфолира, а маслото от гроздови семки и ший подхранват кожата.  Гладка, мека и сияйна кожа още след ексфолиране",http://www.merreh.com/
https://www.facebook.com/ads/library/?id=2266595453883965,Merréh,B. Exfoliation / body care,False,True,2026-09-28,2026-10-06,9,Women,18,65,Bulgaria,573,100.0,0.0,0.0,0.8,9.4,31.3,31.9,20.2,6.4,5,56,187,191,121,38,0,0,0,0,0,0,shame/hiding & confidence; social proof/reviews,"❤️ Над 5000+ жени вече избраха Merréh! Хиляди доволни клиенти вече откриха тайната на перфектната кожа. Време е да я откриеш и ти!  Защо твоята кожа заслужава точно това?  ✅ Натурални и чисти съставки (без изкуствени добавки) ✅ Без парабени, силикони и изкуствени аромати ✅ Гарантирани резултати и завършени ритуали за лице, тяло и коса",http://merreh.com/
https://www.facebook.com/ads/library/?id=1580678606862727,Merréh,B. Exfoliation / body care,True,True,2026-09-30,2026-10-06,7,Women,18,50,Bulgaria,338,100.0,0.0,0.0,2.9,13.8,51.8,31.5,0.0,0.0,10,47,176,107,0,0,0,0,0,0,0,0,other,"🍇 Открий грижата с Red Grape от merréh  От душа до последната стъпка, превърни ежедневната грижа за тялото в ритуал за дълбока хидратация, подхранване и копринена мекота.  Колекцията Red Grape съчетава продукти за цялостна грижа:  🚿 Възстановяващ душ гел за нежно почистване 🍇 Скраб за тяло за ексфолиране и гладкост 💧 Хидратиращ лосион за подхранена и еластична кожа ✨ Body Butter за богата, завършваща грижа   За кожа, която изглежда гладка и се усеща копринено мека.",https://merreh.com/collections/red-grape
https://www.facebook.com/ads/library/?id=1072149815456521,Merréh,B. Exfoliation / body care,True,True,2026-09-30,2026-10-06,7,Women,18,65,Bulgaria,228,100.0,0.0,0.0,1.3,5.7,39.0,31.6,15.4,7.0,3,13,89,72,35,16,0,0,0,0,0,0,mechanism/education,"☕ Ягодова кожа, целулит, стрии? Три проблема. Едно решение.  Включи скраба с кафе на merréh в грижата за тялото и подари на кожата интензивно ексфолиране и по-гладък, стегнат вид.  Кафето и активните съставки помагат за премахването на мъртвите клетки, стимулират микроциркулацията и оставят кожата мека и тонизирана.  ☕ Ексфолира мъртвите клетки ✨ Изглажда неравната текстура 💚 Подпомага по-стегнатия вид на кожата 💧 Хидратира и омекотява  Ексфолирай. Изглади. Тонизирай.",https://merreh.com/products/body-scrub-wg
https://www.facebook.com/ads/library/?id=4579163988990574,Merréh,B. Exfoliation / body care,False,True,2026-09-30,2026-10-06,7,Women,18,65,Bulgaria,3055,100.0,0.0,0.0,1.2,9.6,33.6,33.8,16.7,5.1,35,291,1021,1026,506,156,0,0,0,0,0,0,discount/urgency,"✨ -30% на Интензивна Анти-ейдж терапия с озаряващ ефект ✨  Върни сиянието на кожата си с цялостна ежедневна анти-ейдж грижа. 💜  Комбинацията от активни съставки помага за възстановяване на плътността и еластичността на кожата, изглаждане на фините линии и бръчки и изравняване на тена за по-свеж и сияен вид.   💧 Мицеларна вода за нежно почистване 👁 Серум против тъмни кръгове и подпухналост под очите ✨ Серум за изсветляване на пигментни петна 💜 Анти-ейдж крем за лице",https://merreh.com/products/anti-age-therapy
https://www.facebook.com/ads/library/?id=1771248603795685,Merréh,B. Exfoliation / body care,True,True,2026-09-30,2026-10-06,7,Women,18,50,Bulgaria,2553,100.0,0.0,0.0,2.7,17.0,51.6,28.8,0.0,0.0,67,429,1301,726,0,0,0,0,0,0,0,0,other,"🍇 Открий грижата с Red Grape от merréh  От душа до последната стъпка, превърни ежедневната грижа за тялото в ритуал за дълбока хидратация, подхранване и копринена мекота.  Колекцията Red Grape съчетава продукти за цялостна грижа:  🚿 Възстановяващ душ гел за нежно почистване 🍇 Скраб за тяло за ексфолиране и гладкост 💧 Хидратиращ лосион за подхранена и еластична кожа ✨ Body Butter за богата, завършваща грижа   За кожа, която изглежда гладка и се усеща копринено мека.",https://merreh.com/collections/red-grape
https://www.facebook.com/ads/library/?id=2509584386186802,Merréh,B. Exfoliation / body care,True,True,2026-09-30,2026-10-06,7,Women,18,65,Bulgaria,9632,100.0,0.0,0.0,3.8,21.4,39.7,25.6,7.8,1.7,360,2031,3775,2436,746,163,0,0,0,0,0,0,discount/urgency,"🔥 -30% на DETOX & GLOW 🔥  Толкова вкусно ухае, че ти се иска да го опиташ. 🍇  Поглези кожата си с 4 стъпки за детокс, ексфолиране и хидратация, които я оставят копринено мека, гладка и сияйна. ✨  🍇 Red Grape скраб за тяло 🖤 Скраб с активен въглен 🚿 White Grape душ гел ✨ Red Grape Body Butter  А ароматът? Той просто те кара да искаш още. 💜",https://merreh.com/products/red-grape-detox-and-glow-bath-ritual
https://www.facebook.com/ads/library/?id=1125366853166418,Merréh,B. Exfoliation / body care,False,True,2026-09-30,2026-10-06,7,Women,18,65,Bulgaria,3939,100.0,0.0,0.0,1.5,8.7,30.5,33.3,19.6,6.3,59,349,1227,1339,789,254,0,0,0,0,0,0,discount/urgency,"✨ -30% на Интензивна Анти-ейдж терапия с озаряващ ефект ✨  Върни сиянието на кожата си с цялостна ежедневна анти-ейдж грижа. 💜  Комбинацията от активни съставки помага за възстановяване на плътността и еластичността на кожата, изглаждане на фините линии и бръчки и изравняване на тена за по-свеж и сияен вид.   💧 Мицеларна вода за нежно почистване 👁 Серум против тъмни кръгове и подпухналост под очите ✨ Серум за изсветляване на пигментни петна 💜 Анти-ейдж крем за лице",https://merreh.com/products/anti-age-therapy
https://www.facebook.com/ads/library/?id=1457134469653060,Merréh,B. Exfoliation / body care,True,True,2026-09-30,2026-10-06,7,Women,18,65,Bulgaria,7824,100.0,0.0,0.0,2.0,13.9,34.6,32.3,13.2,4.0,153,1083,2702,2524,1028,314,0,0,0,0,0,0,mechanism/education,"🍇 Гладка кожа без компромис  Целулит, сухота, врастнали косми? Един продукт се грижи за всичко. ✨  Скрабът за тяло с червено грозде ексфолира мъртвите клетки и помага кожата да изглежда по-гладка, мека и обновена. Подходящ е и като част от грижата срещу врастнали косми и неравна текстура.  ✨ Ексфолира и изглажда 🍇 Подхранва кожата 💧 Помага при сухота и загрубяване 🫧 Подготвя кожата за следващите стъпки от грижата  Гладка, мека и сияйна кожа започва с правилното ексфолиране.",https://merreh.com/products/body-scrub-rg
https://www.facebook.com/ads/library/?id=1762899704990766,Merréh,B. Exfoliation / body care,True,True,2026-09-30,2026-10-06,7,Women,18,65,Bulgaria,125,100.0,0.0,0.0,1.6,15.2,34.4,25.6,16.8,6.4,2,19,43,32,21,8,0,0,0,0,0,0,mechanism/education,"🍇 Гладка кожа без компромис  Целулит, сухота, врастнали косми? Един продукт се грижи за всичко. ✨  Скрабът за тяло с червено грозде ексфолира мъртвите клетки и помага кожата да изглежда по-гладка, мека и обновена. Подходящ е и като част от грижата срещу врастнали косми и неравна текстура.  ✨ Ексфолира и изглажда 🍇 Подхранва кожата 💧 Помага при сухота и загрубяване 🫧 Подготвя кожата за следващите стъпки от грижата  Гладка, мека и сияйна кожа започва с правилното ексфолиране.",https://merreh.com/products/body-scrub-rg
https://www.facebook.com/ads/library/?id=4167698423520156,Merréh,B. Exfoliation / body care,True,True,2026-09-30,2026-10-06,7,Women,18,65,Bulgaria,35,100.0,0.0,0.0,0.0,8.6,40.0,28.6,14.3,8.6,0,3,14,10,5,3,0,0,0,0,0,0,mechanism/education,"🍇 Гладка кожа без компромис  Целулит, сухота, врастнали косми? Един продукт се грижи за всичко. ✨  Скрабът за тяло с червено грозде ексфолира мъртвите клетки и помага кожата да изглежда по-гладка, мека и обновена. Подходящ е и като част от грижата срещу врастнали косми и неравна текстура.  ✨ Ексфолира и изглажда 🍇 Подхранва кожата 💧 Помага при сухота и загрубяване 🫧 Подготвя кожата за следващите стъпки от грижата  Гладка, мека и сияйна кожа започва с правилното ексфолиране.",https://merreh.com/products/body-scrub-rg
https://www.facebook.com/ads/library/?id=1535697975265620,Merréh,B. Exfoliation / body care,True,True,2026-09-30,2026-10-06,7,Women,18,65,Bulgaria,6283,100.0,0.0,0.0,0.9,11.6,39.7,33.4,11.6,2.8,56,737,2515,2114,733,175,0,0,0,0,0,0,mechanism/education,"☕ Ягодова кожа, целулит, стрии? Три проблема. Едно решение.  Включи скраба с кафе на merréh в грижата за тялото и подари на кожата интензивно ексфолиране и по-гладък, стегнат вид.  Кафето и активните съставки помагат за премахването на мъртвите клетки, стимулират микроциркулацията и оставят кожата мека и тонизирана.  ☕ Ексфолира мъртвите клетки ✨ Изглажда неравната текстура 💚 Подпомага по-стегнатия вид на кожата 💧 Хидратира и омекотява  Ексфолирай. Изглади. Тонизирай.",https://merreh.com/products/body-scrub-wg
https://www.facebook.com/ads/library/?id=1632348385226933,Merréh,B. Exfoliation / body care,True,True,2026-09-30,2026-10-06,7,Women,18,65,Bulgaria,1704,100.0,0.0,0.0,2.2,13.9,34.8,31.3,14.0,3.7,37,232,581,522,234,62,0,0,0,0,0,0,mechanism/education,"🍇 Сиянието започва с гладката кожа. ✨  Поглези кожата си със скраба за тяло с бяло грозде и превърни ексфолирането в любимата стъпка от грижата си.  Формулата премахва мъртвите кожни клетки, като едновременно помага за хидратацията и мекотата на кожата. Резултатът? По-гладка, нежна и сияйна кожа.  ✨ Ексфолира и изглажда 💧 Хидратира и омекотява 🍇 Подхранва с масло от гроздови семки 🌟 Оставя кожата с естествен glow ефект  Ексфолирай. Хидратирай. Сияй.",https://merreh.com/products/body-scrub-wg
https://www.facebook.com/ads/library/?id=1328317142581217,Merréh,B. Exfoliation / body care,True,True,2026-09-30,2026-10-06,7,Women,18,65,Bulgaria,1872,100.0,0.0,0.0,2.0,13.1,34.8,31.0,14.9,4.1,38,248,656,585,281,78,0,0,0,0,0,0,mechanism/education,"🍇 Сиянието започва с гладката кожа. ✨  Поглези кожата си със скраба за тяло с бяло грозде и превърни ексфолирането в любимата стъпка от грижата си.  Формулата премахва мъртвите кожни клетки, като едновременно помага за хидратацията и мекотата на кожата. Резултатът? По-гладка, нежна и сияйна кожа.  ✨ Ексфолира и изглажда 💧 Хидратира и омекотява 🍇 Подхранва с масло от гроздови семки 🌟 Оставя кожата с естествен glow ефект  Ексфолирай. Хидратирай. Сияй.",https://merreh.com/products/body-scrub-wg
https://www.facebook.com/ads/library/?id=1773374377218732,Merréh,B. Exfoliation / body care,True,True,2026-09-30,2026-10-06,7,Women,18,65,Bulgaria,8426,100.0,0.0,0.0,0.4,5.7,27.1,35.1,22.7,9.0,38,483,2318,3004,1938,766,0,0,0,0,0,0,mechanism/education,"Новият Скраб с Активен Въглен на Merréh е създаден за онзи момент, в който кожата има нужда от истински RESET.  Активен въглен + морска сол + масло от гроздови семки + масло от ший.  Една формула, която: ✨ пречиства и освобождава кожата от натрупвания ✨ ексфолира в дълбочина и изглажда релефа ✨ премахва мъртвите клетки ✨ оставя кожата копринено мека и видимо по-свежа  Активният въглен има абсорбиращи свойства, а морската сол действа като ефективен механичен ексфолиант. След него кожата е гладка,",
https://www.facebook.com/ads/library/?id=1676764554058589,Merréh,B. Exfoliation / body care,True,True,2026-09-30,2026-10-06,7,Women,18,65,Bulgaria,62,100.0,0.0,0.0,1.6,21.0,33.9,22.6,17.7,3.2,1,13,21,14,11,2,0,0,0,0,0,0,mechanism/education,"🍇 Гладка кожа без компромис  Целулит, сухота, врастнали косми? Един продукт се грижи за всичко. ✨  Скрабът за тяло с червено грозде ексфолира мъртвите клетки и помага кожата да изглежда по-гладка, мека и обновена. Подходящ е и като част от грижата срещу врастнали косми и неравна текстура.  ✨ Ексфолира и изглажда 🍇 Подхранва кожата 💧 Помага при сухота и загрубяване 🫧 Подготвя кожата за следващите стъпки от грижата  Гладка, мека и сияйна кожа започва с правилното ексфолиране.",https://merreh.com/products/body-scrub-rg
https://www.facebook.com/ads/library/?id=1598051552071690,Merréh,B. Exfoliation / body care,True,True,2026-09-30,2026-10-06,7,Women,18,65,Bulgaria,829,100.0,0.0,0.0,2.3,15.4,38.9,28.3,12.4,2.6,20,132,333,242,106,22,0,0,0,0,0,0,discount/urgency,"🔥 -30% на DETOX & GLOW 🔥  Толкова вкусно ухае, че ти се иска да го опиташ. 🍇  Поглези кожата си с 4 стъпки за детокс, ексфолиране и хидратация, които я оставят копринено мека, гладка и сияйна. ✨  🍇 Red Grape скраб за тяло 🖤 Скраб с активен въглен 🚿 White Grape душ гел ✨ Red Grape Body Butter  А ароматът? Той просто те кара да искаш още. 💜",https://merreh.com/products/red-grape-detox-and-glow-bath-ritual
https://www.facebook.com/ads/library/?id=1342286824447185,Merréh,B. Exfoliation / body care,True,True,2026-09-30,2026-10-06,7,Women,18,65,Bulgaria,1512,100.0,0.0,0.0,2.0,11.2,31.4,31.2,18.9,5.1,31,171,478,475,288,77,0,0,0,0,0,0,mechanism/education,"🍇 Сиянието започва с гладката кожа. ✨  Поглези кожата си със скраба за тяло с бяло грозде и превърни ексфолирането в любимата стъпка от грижата си.  Формулата премахва мъртвите кожни клетки, като едновременно помага за хидратацията и мекотата на кожата. Резултатът? По-гладка, нежна и сияйна кожа.  ✨ Ексфолира и изглажда 💧 Хидратира и омекотява 🍇 Подхранва с масло от гроздови семки 🌟 Оставя кожата с естествен glow ефект  Ексфолирай. Хидратирай. Сияй.",https://merreh.com/products/body-scrub-wg
https://www.facebook.com/ads/library/?id=1869871227707479,Merréh,B. Exfoliation / body care,True,True,2026-09-30,2026-10-06,7,Women,18,50,Bulgaria,624,100.0,0.0,0.0,3.4,20.9,52.5,23.2,0.0,0.0,21,128,322,142,0,0,0,0,0,0,0,0,other,"🍇 Открий грижата с Red Grape от merréh  От душа до последната стъпка, превърни ежедневната грижа за тялото в ритуал за дълбока хидратация, подхранване и копринена мекота.  Колекцията Red Grape съчетава продукти за цялостна грижа:  🚿 Възстановяващ душ гел за нежно почистване 🍇 Скраб за тяло за ексфолиране и гладкост 💧 Хидратиращ лосион за подхранена и еластична кожа ✨ Body Butter за богата, завършваща грижа   За кожа, която изглежда гладка и се усеща копринено мека.",https://merreh.com/collections/red-grape
https://www.facebook.com/ads/library/?id=1121887190796036,Merréh,B. Exfoliation / body care,True,True,2026-09-30,2026-10-06,7,Women,18,65,Bulgaria,854,100.0,0.0,0.0,3.0,13.0,35.5,32.1,12.2,4.3,25,110,301,272,103,36,0,0,0,0,0,0,discount/urgency,"🔥 -30% на DETOX & GLOW 🔥  Толкова вкусно ухае, че ти се иска да го опиташ. 🍇  Поглези кожата си с 4 стъпки за детокс, ексфолиране и хидратация, които я оставят копринено мека, гладка и сияйна. ✨  🍇 Red Grape скраб за тяло 🖤 Скраб с активен въглен 🚿 White Grape душ гел ✨ Red Grape Body Butter  А ароматът? Той просто те кара да искаш още. 💜",https://merreh.com/products/red-grape-detox-and-glow-bath-ritual
https://www.facebook.com/ads/library/?id=3095927307412553,Merréh,B. Exfoliation / body care,True,True,2026-10-01,2026-10-05,5,Women,18,65,Bulgaria,6,100.0,0.0,0.0,0.0,0.0,50.0,33.3,16.7,0.0,0,0,3,2,1,0,0,0,0,0,0,0,mechanism/education,"🍇 Гладка кожа без компромис  Целулит, сухота, врастнали косми? Един продукт се грижи за всичко. ✨  Скрабът за тяло с червено грозде ексфолира мъртвите клетки и помага кожата да изглежда по-гладка, мека и обновена. Подходящ е и като част от грижата срещу врастнали косми и неравна текстура.  ✨ Ексфолира и изглажда 🍇 Подхранва кожата 💧 Помага при сухота и загрубяване 🫧 Подготвя кожата за следващите стъпки от грижата  Гладка, мека и сияйна кожа започва с правилното ексфолиране.",https://merreh.com/products/body-scrub-rg
https://www.facebook.com/ads/library/?id=1641704503965619,Merréh,B. Exfoliation / body care,True,True,2026-10-05,2026-10-06,2,Women,18,50,Bulgaria,995,100.0,0.0,0.0,1.3,10.4,53.5,34.8,0.0,0.0,13,104,534,348,0,0,0,0,0,0,0,0,other,"Суха кожа? Ето моята любима рутина с Merréh за детокс, мекота и дълбока хидратация. 🍇  ✨ 1. Редувам два скраба Един ден използвам скраб с активен въглен, а при следващата ексфолиация — Red Grape скраб с червено грозде. В моята рутина използвам всеки от тях 2–3 пъти седмично, според усещането на кожата ми.  🚿 2. След ексфолиацията След Red Grape скраб изплаквам и измивам с White grape душ гел. След скраба с активен въглен изплаквам с вода, без допълнително измиване с душ гел.  ❤️ 3. Завършвам с R",https://merreh.com/products/red-grape-detox-and-glow-bath-ritual
https://www.facebook.com/ads/library/?id=1039165575270037,MoiataKozmetika (Olcom LTD),B. Exfoliation / body care,True,,,,,All,18,65,Bulgaria,2620,93.8,5.9,0.4,15.5,40.6,29.9,10.5,2.2,1.3,384,1010,747,249,49,27,20,54,38,26,9,7,dynamic/catalog (copy not visible),,
https://www.facebook.com/ads/library/?id=2150186462197945,Alenika.bg,C. Hair-removal & hair-growth products,True,,,,,Women,18,65,Bulgaria,2433,91.3,8.1,0.6,24.1,37.2,25.0,9.6,2.8,1.3,555,864,550,200,64,25,38,52,61,35,6,8,dynamic/catalog (copy not visible),,
https://www.facebook.com/ads/library/?id=4379177122398412,Alenika.bg,C. Hair-removal & hair-growth products,True,True,2026-10-01,2026-10-06,6,Women,18,65,Bulgaria,772,86.0,13.7,0.3,24.0,37.3,23.3,10.4,2.5,2.5,169,261,143,63,14,10,14,24,36,17,5,9,fast-result promise; discount/urgency,"Болезнена епилация? Не и с Fler. 🙅‍♀️ Осигури си перфектно гладка кожа за минути и кажи „сбогом“ на дискомфорта, зачервяванията и подкожните косъмчета след епилация! 🚫  Довери се на нашата иновативна система за грижа за кожата:  🪒 Лека алуминиева дръжка за многократна употреба за перфектен контрол без нужда от натиск.    ␥ Специални ножчета с лубрикиращ пръстен с алое вера, жожоба и витамин Е за копринено плъзгане, което предпазва от порязвания.    💧 Дълбока грижа след епилация: 100% веган форму",https://alenika.bg/
https://www.facebook.com/ads/library/?id=1749816779565699,Alenika.bg,C. Hair-removal & hair-growth products,True,True,2026-10-01,2026-10-06,6,Women,18,65,Bulgaria,267,92.5,7.1,0.4,19.2,27.4,33.8,10.5,5.3,3.8,50,68,80,26,12,10,1,5,9,2,2,0,fast-result promise; discount/urgency,"Болезнена епилация? Не и с Fler. 🙅‍♀️ Осигури си перфектно гладка кожа за минути и кажи „сбогом“ на дискомфорта, зачервяванията и подкожните косъмчета след епилация! 🚫  Довери се на нашата иновативна система за грижа за кожата:  🪒 Лека алуминиева дръжка за многократна употреба за перфектен контрол без нужда от натиск.    ␥ Специални ножчета с лубрикиращ пръстен с алое вера, жожоба и витамин Е за копринено плъзгане, което предпазва от порязвания.    💧 Дълбока грижа след епилация: 100% веган форму",https://alenika.bg/
https://www.facebook.com/ads/library/?id=1099551699702920,Arvela,C. Hair-removal & hair-growth products,True,True,2026-09-26,2026-10-06,11,All,18,65,Bulgaria,70,90.0,10.0,0.0,32.9,31.4,28.6,5.7,1.4,0.0,21,21,18,3,0,0,2,1,2,1,1,0,testimonial/story; discount/urgency,"„Мислех, че това ще е поредната прекалено рекламирана самобръсначка... но не 😭 SATINSHAVE наистина работи!! Няма пъпки, няма зачервяване, няма болка – само копринено гладка кожа. Дори я използвах на сухо преди работа. Това е новата ми мания.""  „39% отстъпка + 2 подаръка 😱 вземи своята, преди да свършат!“",https://arvela.eu/bg/satinshave/t1/v1/lp1?spe=777i997
https://www.facebook.com/ads/library/?id=1084321514322229,Braun,C. Hair-removal & hair-growth products,True,True,2026-10-01,2026-10-06,6,Women,18,44,Bulgaria,157742,100.0,0.0,0.0,18.2,33.6,48.2,0.0,0.0,0.0,28689,53003,76024,0,0,0,0,0,0,0,0,0,other,"До 2 години гладка кожa,* без запазване на часове и без компромиси. Звучи добре, нали? Избери IPL5 от Braun и се убеди сама! *При следване на препоръчания режим на употреба. Индивидуалните резултати може да варират.",https://braunshop.bg/product-category/grizha-za-neq/fotoepilatori/
https://www.facebook.com/ads/library/?id=1692844345720880,Braun,C. Hair-removal & hair-growth products,True,True,2026-10-01,2026-10-06,6,Women,18,44,Bulgaria,29466,100.0,0.0,0.0,15.7,30.9,53.4,0.0,0.0,0.0,4632,9136,15771,0,0,0,0,0,0,0,0,0,other,"До 2 години гладка кожa,* без запазване на часове и без компромиси. Звучи добре, нали? Избери IPL5 от Braun и се убеди сама! *При следване на препоръчания режим на употреба. Индивидуалните резултати може да варират.",https://braunshop.bg/product-category/grizha-za-neq/fotoepilatori/
https://www.facebook.com/ads/library/?id=1541605599721933,Colorlamb Bulgaria,C. Hair-removal & hair-growth products,True,False,2024-05-20,2026-09-26,860,Women,18,65,Bulgaria,588138,88.3,11.1,0.6,16.8,34.0,30.2,14.0,3.7,1.3,92198,185307,168860,78999,20850,6770,12296,26476,18962,8379,2486,1069,discount/urgency,"✂️ Мит или Факт? ✂️ Бръсненето е вредно за кожата ви? Не и с Colorlamb!   🌸 С правилните продукти и техники, бръсненето може да бъде напълно безопасно и дори полезно за вашата кожа. Нашите самобръсначки са проектирани с оглед на нежното бръснене, като предпазват кожата от раздразнения и врастнали косми, докато я оставят невероятно гладка и мека.   🪒 Нашите остриета имат 50% по-дълъг живот.  👛 Иновативната гел лента, която хидратира кожата.  🤲 Комфортно достига до трудно достъпни места.  💼 Кутия ",http://www.colorlamb-bulgaria.com/
https://www.facebook.com/ads/library/?id=1465286974661237,Colorlamb Bulgaria,C. Hair-removal & hair-growth products,True,False,2025-08-27,2026-09-25,395,Women,18,65,Bulgaria,23296,86.8,12.4,0.8,9.8,27.8,36.0,19.8,5.1,1.6,2015,5661,7483,4062,1013,305,284,867,934,579,192,71,discount/urgency,"✂️ Мит или Факт? ✂️ Бръсненето е вредно за кожата ви? Не и с Colorlamb!   🌸 С правилните продукти и техники, бръсненето може да бъде напълно безопасно и дори полезно за вашата кожа. Нашите самобръсначки са проектирани с оглед на нежното бръснене, като предпазват кожата от раздразнения и врастнали косми, докато я оставят невероятно гладка и мека.   🪒 Нашите остриета имат 50% по-дълъг живот.  👛 Иновативната гел лента, която хидратира кожата.  🤲 Комфортно достига до трудно достъпни места.  💼 Кутия ",http://www.colorlamb-bulgaria.com/
https://www.facebook.com/ads/library/?id=1470529268083021,CyraBulgaria,C. Hair-removal & hair-growth products,True,True,2026-04-03,2026-10-04,185,Women,18,65,Bulgaria,2339,89.3,9.9,0.8,15.8,20.8,25.2,19.8,13.3,5.0,342,424,533,412,284,109,25,64,56,52,28,8,other,"💜 Спри да влошаваш окосмяването на лицето с ежедневно скубане 💜  🪒 Бръснене = по-дебели и по-тъмни косми ✨ CYRA = по-фини и по-светли косми с времето 🌿 Древна формула с Cyperus, която естествено и натурално отслабва фоликулите ⏰ От ежедневно скубане → до едва забележими косми за 3 седмици  Прекъсни цикъла. Присъедини се към революцията на фините косми.",https://cyrabg.com/products/cyra-hair-cycle-serum
https://www.facebook.com/ads/library/?id=1656129969145783,CyraBulgaria,C. Hair-removal & hair-growth products,True,True,2026-04-03,2026-10-06,187,Women,18,65,Bulgaria,245106,82.8,16.5,0.7,13.3,20.4,25.7,23.0,12.6,5.0,28847,42420,52804,45915,25857,10566,4021,8056,10693,11079,5475,1850,other,"💜 Спри да влошаваш окосмяването на лицето с ежедневно скубане 💜  🪒 Бръснене = по-дебели и по-тъмни косми ✨ CYRA = по-фини и по-светли косми с времето 🌿 Древна формула с Cyperus, която естествено и натурално отслабва фоликулите ⏰ От ежедневно скубане → до едва забележими косми за 3 седмици  Прекъсни цикъла. Присъедини се към революцията на фините косми.",https://cyrabg.com/products/cyra-hair-cycle-serum
https://www.facebook.com/ads/library/?id=923543313622422,CyraBulgaria,C. Hair-removal & hair-growth products,True,False,2026-04-03,2026-08-06,126,Women,18,65,Bulgaria,54112,86.4,13.1,0.5,11.9,21.6,26.7,21.2,13.0,5.6,5601,9809,12412,9873,6109,2677,766,1723,1878,1499,869,323,other,"🪒 Честото бръснене и скубане могат да поддържат активен растежа на космите ✨ Cyperus Rotundus = растителен екстракт, използван за подпомагане на по-фин и по-бавен растеж с времето 🌿 Формула, разработена да повлиява средата на космения фоликул по неагресивен начин Работа с физиологията на кожата. Не срещу нея.",https://cyrabg.com/products/cyra-hair-cycle-serum
https://www.facebook.com/ads/library/?id=2387576761650827,CyraBulgaria,C. Hair-removal & hair-growth products,True,True,2026-04-03,2026-10-06,187,Women,18,65,Bulgaria,3419,87.5,11.7,0.8,12.5,19.9,24.1,20.7,15.8,7.0,385,579,717,625,493,226,43,104,107,88,50,14,other,"💜 Спри да влошаваш окосмяването на лицето с ежедневно скубане  💜  🪒 Бръснене = по-дебели и по-тъмни косми ✨ CYRA = по-фини и по-светли косми с времето 🌿 Древна формула с Cyperus, която естествено и натурално отслабва фоликулите ⏰ От ежедневно скубане → до едва забележими косми за 3 седмици  Прекъсни цикъла. Присъедини се към революцията на фините косми.",https://cyrabg.com/products/cyra-hair-cycle-serum
https://www.facebook.com/ads/library/?id=1864679174230214,CyraBulgaria,C. Hair-removal & hair-growth products,True,True,2026-04-04,2026-10-06,186,Women,18,65,Bulgaria,2809,89.4,9.8,0.8,10.5,20.2,26.9,22.1,14.9,5.4,262,484,669,533,381,137,25,67,67,70,30,12,other,"💜 Спри да влошаваш окосмяването на лицето с ежедневно скубане 💜  🪒 Бръснене = по-дебели и по-тъмни косми ✨ CYRA = по-фини и по-светли косми с времето 🌿 Древна формула с Cyperus, която естествено и натурално отслабва фоликулите ⏰ От ежедневно скубане → до едва забележими косми за 3 седмици  Прекъсни цикъла. Присъедини се към революцията на фините косми.",https://cyrabg.com/products/cyra-hair-cycle-serum
https://www.facebook.com/ads/library/?id=2179363872913877,CyraBulgaria,C. Hair-removal & hair-growth products,True,True,2026-05-05,2026-10-04,153,Women,18,65,Bulgaria,30568,85.1,14.3,0.6,22.5,30.7,24.5,12.6,6.8,3.0,5988,7770,6348,3433,1937,832,906,1650,1164,450,153,84,other,"💜 Омръзна ли ти косъмчетата да се появяват още на следващия ден? 💜 🪒 Бръснене = Косъмът се връща по-дебел и по-тъмен ✨ Cyra серум = Всяко следващо израстване е по-тънко и по-светло 🌿 Cyperus Rotundus действа директно при корена — спира цикъла ⏰ От ежедневно бръснене → гладка кожа за дни Присъедини се към хиляди жени, които вече спряха цикъла.",https://cyrabg.com/products/cyra-hair-cycle-serum
https://www.facebook.com/ads/library/?id=1290450155907284,CyraBulgaria,C. Hair-removal & hair-growth products,True,True,2026-05-05,2026-10-06,155,Women,18,65,Bulgaria,93049,91.2,8.2,0.6,21.4,25.3,22.5,17.3,9.6,3.8,19465,22433,19757,15059,8408,3361,1134,1951,1981,1670,857,353,failed/painful alternatives; mechanism/education,"Ако си правила лазерна епилация и резултатът не е траен — не си сама. Лазерът премахва косъма. Не спира растежа му. Затова след месец-два всичко се връща. Cyra серумът работи по-дълбоко — директно при фоликула: Забавя растежа още от корена, така че новият косъм расте по-бавно и по-тънко с всяка седмица. Успокоява кожата след бръснене, скубане и кола маска — без зачервяване, без възпаление. Стяга порите и намалява поникването на нови косъмчета. Работи при всички цветове коса — включително руси, б",https://cyrabg.com/products/cyra-hair-cycle-serum
https://www.facebook.com/ads/library/?id=1499262578539560,CyraBulgaria,C. Hair-removal & hair-growth products,True,True,2026-05-05,2026-10-06,155,Women,18,65,Bulgaria,103965,91.7,7.5,0.8,30.2,28.7,17.9,12.6,7.5,3.3,30364,28223,17320,12181,7320,3217,1700,2387,1796,1269,683,273,other,"💜 Спри да влошаваш ситуацията с ежедневно скубане 💜 🪒 Бръснене и скубане = по-дебели, по-тъмни косми при израстване ✨ Cyra серум = по-тънки, по-светли косми с времето 🌿 Древна формула с Cyperus Rotundus отслабва фоликула естествено ⏰ От ежедневно скубане → почти невидими за 12 седмици Спри цикъла. Присъедини се към революцията на тънкия косъм.",https://cyrabg.com/products/cyra-hair-cycle-serum
https://www.facebook.com/ads/library/?id=1529665601830566,CyraBulgaria,C. Hair-removal & hair-growth products,True,True,2026-05-05,2026-10-06,155,Women,18,65,Bulgaria,2919,93.8,5.7,0.5,6.4,15.9,28.9,27.6,15.6,5.6,170,404,767,737,425,154,10,44,46,43,14,4,mechanism/education,"Направих 6 процедури лазерна епилация на брадичката. 150 евро. Болка. Чакане след всяка сесия. Две седмици по-късно — същото. Никой не ми обясни защо докато не открих нещо, което козметолозите не казват: лазерът физически не може да унищожи светли, руси или сиви косми. Работи само чрез тъмния пигмент. Без него — няма ефект. При СПКЯ и менопауза новите косми са точно такива — тънки, светли, хормонални. Cyra серумът работи по различен начин — директно върху хормоналния сигнал в кожата. Независимо ",https://cyrabg.com/products/cyra-hair-cycle-serum
https://www.facebook.com/ads/library/?id=1515063496951853,CyraBulgaria,C. Hair-removal & hair-growth products,True,True,2026-05-05,2026-10-06,155,Women,18,65,Bulgaria,250520,85.1,14.3,0.6,23.3,30.9,22.8,11.8,7.6,3.6,50971,66170,50993,27699,18548,8930,9809,14485,8349,3004,1256,608,failed/painful alternatives,"💜 Спри да се борите с нежеланото окосмяване по грешния начин 💜 🪒 Лазер и кола маска = временно премахване, косъмът се връща същият ✨ Cyra серум = по-тънки, по-светли косми с всяка изминала седмица 🌿 Формулата с Cyperus Rotundus отслабва фоликула от корена — естествено ⏰ От сянка по брадичката в обяд → гладка кожа за седмици Спри цикъла. Виж реалната разлика седмица по седмица.",https://cyrabg.com/products/cyra-hair-cycle-serum
https://www.facebook.com/ads/library/?id=2423900388082869,CyraBulgaria,C. Hair-removal & hair-growth products,True,True,2026-05-06,2026-10-05,153,Women,18,65,Bulgaria,18436,93.1,6.2,0.7,12.4,18.6,21.8,23.4,16.6,7.1,2139,3172,3706,3952,2802,1209,106,193,248,288,212,80,other,"Лазерната епилация в България струва 25–50€ на процедура. Пакет от 6 сесии — 150 до 280€. И ако козмите ти са руси, бели или сиви — всеки цент е похарчен напразно. Лазерът не вижда светлия козъм. Това не е мнение — това е физика. Cyperus Rotundus е растителен екстракт, клинично изследван като алтернатива на лазера. Работи чрез хормоналния сигнал в кожата — не чрез пигмента. Затова работи и при светли косми. Cyra серум: 20€ на месец. 40€ за 3 месеца. 90-дневна гаранция. Направи Сравние сама.",https://cyrabg.com/products/cyra-hair-cycle-serum
https://www.facebook.com/ads/library/?id=988552096918486,CyraBulgaria,C. Hair-removal & hair-growth products,True,True,2026-05-09,2026-10-06,151,Women,18,65,Bulgaria,218637,92.5,6.8,0.7,25.8,33.8,21.7,11.0,5.4,2.2,55798,71997,46172,23396,11635,4591,3214,5552,3697,1948,886,372,other,"Пинсета. Кола маска. Лазер.  Пробвала си всичко. Космите пак се връщат. Не е твоя грешка — тези методи премахват косъма. Не спират растежа му.  Cyra серумът работи по различен начин. Нанасяш го 2 минути преди сън. Cyperus Rotundus действа директно при фоликула — забавя следващото поникване, прави косъма по-тънък и по-светъл с всяка седмица. Без болка. Без процедури. Без 150€ лазерен пакет. Един природен серум. Резултат след седмици.",https://cyrabg.com/products/cyra-hair-cycle-serum
https://www.facebook.com/ads/library/?id=1280803654199631,CyraBulgaria,C. Hair-removal & hair-growth products,True,True,2026-05-12,2026-10-06,148,Women,18,65,Bulgaria,32698,90.3,9.1,0.7,20.0,25.3,24.0,16.6,9.8,4.3,6134,7453,7116,4891,2930,1307,406,838,770,580,293,111,summer/beach,"Лятото е след 6 седмици. Достатъчно време да започнеш — и да влезеш в него с гладка кожа. Cyra серумът с Cyperus Rotundus забавя растежа от корена, работи дори при руси и бели косми и резултатът се вижда още от седмица 1. Без болка. Без процедури. Без лазер. Купи 2 бутилки и вземи 1 безплатно — само сега.",https://cyrabg.com/products/cyra-hair-cycle-serum
https://www.facebook.com/ads/library/?id=1646321896474694,CyraBulgaria,C. Hair-removal & hair-growth products,True,True,2026-06-11,2026-10-06,118,Women,18,65,Bulgaria,90471,86.0,13.3,0.6,24.1,36.5,23.7,8.8,4.8,2.2,19032,28321,18829,7180,4096,1847,2977,5157,2860,870,294,142,failed/painful alternatives,"💜 Спри да се борите с нежеланото окосмяване по грешния начин 💜 🪒 Лазер и кола маска = временно премахване, косъмът се връща същият ✨ Cyra серум = по-тънки, по-светли косми с всяка изминала седмица 🌿 Формулата с Cyperus Rotundus отслабва фоликула от корена — естествено ⏰ От сянка по брадичката в обяд → гладка кожа за седмици Спри цикъла. Виж реалната разлика седмица по седмица.",https://cyrabg.com/products/cyra-hair-cycle-serum
https://www.facebook.com/ads/library/?id=1002756262545633,CyraBulgaria,C. Hair-removal & hair-growth products,True,True,2026-07-03,2026-10-06,96,Women,18,65,Bulgaria,63718,89.4,9.9,0.6,18.9,28.1,22.9,15.7,10.0,4.3,10611,15391,12653,8840,5807,2479,1081,2056,1537,910,433,180,other,"💜 Спри да влошаваш окосмяването на лицето с ежедневно скубане 💜  🪒 Бръснене = по-дебели и по-тъмни косми ✨ CYRA = по-фини и по-светли косми с времето 🌿 Древна формула с Cyperus, която естествено и натурално отслабва фоликулите ⏰ От ежедневно скубане → до едва забележими  Прекъсни цикъла. Присъедини се към революцията на фините косми.",https://cyrabg.com/products/cyra-hair-cycle-serum
https://www.facebook.com/ads/library/?id=1307674641441942,CyraBulgaria,C. Hair-removal & hair-growth products,True,True,2026-08-01,2026-10-06,67,Women,18,65,Bulgaria,424850,89.7,9.6,0.7,15.6,23.5,21.5,20.7,13.5,5.3,59661,89752,82675,82375,55255,21608,7504,11898,10382,7292,3415,1273,other,"💜 Спри да влошаваш окосмяването на лицето с ежедневно скубане 💜  🪒 Бръснене = по-дебели и по-тъмни косми ✨ CYRA = по-фини и по-светли косми с времето 🌿 Древна формула с Cyperus, която естествено и натурално отслабва фоликулите ⏰ От ежедневно скубане → до едва забележими косми   Прекъсни цикъла. Присъедини се към революцията на фините косми.",https://cyrabg.com/products/cyra-hair-cycle-serum
https://www.facebook.com/ads/library/?id=2191868484876006,CyraBulgaria,C. Hair-removal & hair-growth products,True,True,2026-09-27,2026-10-06,10,Women,18,65,Bulgaria,11609,88.9,10.4,0.6,24.1,30.9,19.9,13.1,8.0,4.0,2588,3217,2035,1398,858,454,245,423,306,155,89,19,other,"💜 Спри да влошаваш ситуацията с ежедневно скубане 💜 🪒 Бръснене и скубане = по-дебели, по-тъмни косми при израстване ✨ Cyra серум = по-тънки, по-светли косми с времето 🌿 Древна формула с Cyperus Rotundus отслабва фоликула естествено ⏰ От ежедневно скубане → почти невидими за 12 седмици Спри цикъла. Присъедини се към революцията на тънкия косъм.",https://cyrabg.com/products/cyra-hair-cycle-serum
https://www.facebook.com/ads/library/?id=1390358842809160,CyraBulgaria,C. Hair-removal & hair-growth products,True,True,2026-09-27,2026-10-06,10,Women,18,65,Bulgaria,2323,91.4,8.2,0.4,22.2,28.9,21.8,15.2,8.0,3.9,465,597,449,322,176,85,37,64,50,27,7,3,other,"💜 Омръзна ли ти косъмчетата да се появяват още на следващия ден? 💜 🪒 Бръснене = Косъмът се връща по-дебел и по-тъмен ✨ Cyra серум = Всяко следващо израстване е по-тънко и по-светло 🌿 Cyperus Rotundus действа директно при корена — спира цикъла ⏰ От ежедневно бръснене → гладка кожа за дни Присъедини се към хиляди жени, които вече спряха цикъла.",https://cyrabg.com/products/cyra-hair-cycle-serum
https://www.facebook.com/ads/library/?id=1482059643759157,CyraBulgaria,C. Hair-removal & hair-growth products,True,True,2026-09-27,2026-10-06,10,Women,18,65,Bulgaria,12831,87.7,11.7,0.6,21.3,31.1,24.9,12.2,7.4,3.1,2400,3281,2729,1378,866,363,251,599,375,151,65,28,failed/painful alternatives,"💜 Спри да се борите с нежеланото окосмяване по грешния начин 💜 🪒 Лазер и кола маска = временно премахване, косъмът се връща същият ✨ Cyra серум = по-тънки, по-светли косми с всяка изминала седмица 🌿 Формулата с Cyperus Rotundus отслабва фоликула от корена — естествено ⏰ От сянка по брадичката в обяд → гладка кожа за седмици Спри цикъла. Виж реалната разлика седмица по седмица.",https://cyrabg.com/products/cyra-hair-cycle-serum
https://www.facebook.com/ads/library/?id=1590000522809201,CyraBulgaria,C. Hair-removal & hair-growth products,True,True,2026-10-02,2026-10-06,5,Women,18,65,Bulgaria,23599,88.3,11.2,0.5,17.2,27.7,24.1,15.7,11.0,4.3,3621,5548,4918,3347,2465,956,424,955,754,341,125,53,other,"💜 Спри да влошаваш окосмяването на лицето с ежедневно скубане 💜  🪒 Бръснене = по-дебели и по-тъмни косми ✨ CYRA = по-фини и по-светли косми с времето 🌿 Древна формула с Cyperus, която естествено и натурално отслабва фоликулите ⏰ От ежедневно скубане → до едва забележими косми за 3 седмици  Прекъсни цикъла. Присъедини се към революцията на фините косми.",https://cyrabg.com/products/cyra-hair-cycle-serum
https://www.facebook.com/ads/library/?id=4688365341392660,CyraBulgaria,C. Hair-removal & hair-growth products,True,True,2026-10-02,2026-10-06,5,Women,18,65,Bulgaria,9509,92.8,6.7,0.5,6.8,15.5,20.6,21.9,22.5,12.6,595,1279,1711,1867,1969,1107,33,141,174,137,90,43,other,"💜 Спри да влошаваш окосмяването на лицето с ежедневно скубане 💜  🪒 Бръснене = по-дебели и по-тъмни косми ✨ CYRA = по-фини и по-светли косми с времето 🌿 Древна формула с Cyperus, която естествено и натурално отслабва фоликулите ⏰ От ежедневно скубане → до едва забележими косми за 3 седмици Прекъсни цикъла. Присъедини се към революцията на фините косми.",https://cyrabg.com/products/cyra-hair-cycle-serum
https://www.facebook.com/ads/library/?id=1131801302751129,CyraBulgaria,C. Hair-removal & hair-growth products,True,True,2026-10-02,2026-10-06,5,Women,18,65,Bulgaria,200,93.0,6.5,0.5,41.0,31.0,16.5,6.0,4.5,1.0,78,57,29,11,9,2,4,5,3,1,0,0,other,"💜 Спри да влошаваш окосмяването на лицето с ежедневно скубане 💜  🪒 Бръснене = по-дебели и по-тъмни косми ✨ CYRA = по-фини и по-светли косми с времето 🌿 Древна формула с Cyperus, която естествено и натурално отслабва фоликулите ⏰ От ежедневно скубане → до едва забележими косми за 3 седмици  Прекъсни цикъла. Присъедини се към революцията на фините косми.",https://cyrabg.com/products/cyra-hair-cycle-serum
https://www.facebook.com/ads/library/?id=1409209508022974,Follixa BG,C. Hair-removal & hair-growth products,True,True,2026-09-19,2026-10-06,18,Women,24,65,Bulgaria,38964,85.4,14.1,0.5,1.7,21.9,27.8,24.4,16.9,7.3,568,7105,9502,8804,6430,2769,150,1858,1886,1203,526,207,failed/painful alternatives; testimonial/story,"Бръснех се през ден. Кожата ми беше постоянно раздразнена и зачервена.  Тогава пробвах масло от циперус — растение, което се използва в Египет от векове. Масажира се върху кожата веднага след бръснене или епилация.  След няколко седмици косъмчетата израстват по-бавно, по-тънки и по-редки. Кожата остава гладка много по-дълго.  Без болка. Без изгаряне. Плащане при доставка.",https://follixabg.com/products/anti-hair
https://www.facebook.com/ads/library/?id=1366883141505699,Gillette Venus Bulgaria,C. Hair-removal & hair-growth products,True,False,2026-08-05,2026-09-30,57,Women,18,44,Bulgaria,117267,100.0,0.0,0.0,23.2,35.0,41.8,0.0,0.0,0.0,28118,42338,50565,0,0,0,0,0,0,0,0,0,other,Кажи „сбогом“ на труднодостъпните косъмчета.  Gillette Venus за интимна зона с извита дръжка. 🪒,
https://www.facebook.com/ads/library/?id=1626182422416767,Gillette Venus Bulgaria,C. Hair-removal & hair-growth products,True,False,2026-08-05,2026-10-01,58,Women,18,44,Bulgaria,556775,100.0,0.0,0.0,23.2,38.9,37.9,0.0,0.0,0.0,130311,218869,213285,0,0,0,0,0,0,0,0,0,other,Кажи „сбогом“ на труднодостъпните косъмчета.  Gillette Venus за интимна зона с извита дръжка. 🪒,
https://www.facebook.com/ads/library/?id=751977433891576,Glowie.bg,C. Hair-removal & hair-growth products,True,False,2025-07-16,2026-03-18,246,All,18,65,Bulgaria,387025,80.8,17.2,2.0,26.2,32.2,22.1,13.6,4.5,1.4,88234,102202,67232,43084,14599,4546,12061,22432,19303,10155,3121,971,failed/painful alternatives,"#1 Решение за премахване на косми 💖 Живей без:  -Враснали косъмчета и досадното им премахване -Безкрайно и изморително бръснене -Болезнени и неприятни процедури с изскубване -Суха, раздразнена кожа след бръснене  ✅ Без обриви!z ✅ Без болка! ✅ Без косъмчета!  Опитай безболезнено премахване на косми с IPL технология и се радвай на гладка кожа всеки ден.",https://glowie.bg/products/glowie%E2%84%A2-ipl-%D1%84%D0%BE%D1%82%D0%BE%D0%B5%D0%BF%D0%B8%D0%BB%D0%B0%D1%82%D0%BE%D1%80
https://www.facebook.com/ads/library/?id=755189163648357,Glowie.bg,C. Hair-removal & hair-growth products,True,False,2025-07-16,2026-03-18,246,All,18,65,Bulgaria,190293,78.4,19.9,1.7,37.2,34.8,16.1,8.2,2.5,1.1,58857,50455,23315,12280,3582,1597,10672,15178,7109,3307,1238,565,failed/painful alternatives,"#1 Решение за премахване на косми 💖 Живей без:  -Враснали косъмчета и досадното им премахване -Безкрайно и изморително бръснене -Болезнени и неприятни процедури с изскубване -Суха, раздразнена кожа след бръснене  ✅ Без обриви!z ✅ Без болка! ✅ Без косъмчета!  Опитай безболезнено премахване на косми с IPL технология и се радвай на гладка кожа всеки ден.",https://glowie.bg/products/glowie%E2%84%A2-ipl-%D1%84%D0%BE%D1%82%D0%BE%D0%B5%D0%BF%D0%B8%D0%BB%D0%B0%D1%82%D0%BE%D1%80
https://www.facebook.com/ads/library/?id=1102443145106434,Glowie.bg,C. Hair-removal & hair-growth products,True,False,2025-07-16,2026-01-24,193,All,18,65,Bulgaria,156618,75.1,20.0,4.9,40.0,32.2,14.7,9.2,2.9,1.1,49362,36151,17433,11788,3838,1337,10437,12434,5341,2648,724,306,failed/painful alternatives,"#1 Решение за премахване на косми 💖 Живей без:  -Враснали косъмчета и досадното им премахване -Безкрайно и изморително бръснене -Болезнени и неприятни процедури с изскубване -Суха, раздразнена кожа след бръснене  ✅ Без обриви!z ✅ Без болка! ✅ Без косъмчета!  Опитай безболезнено премахване на косми с IPL технология и се радвай на гладка кожа всеки ден.",https://glowie.bg/products/glowie%E2%84%A2-ipl-%D1%84%D0%BE%D1%82%D0%BE%D0%B5%D0%BF%D0%B8%D0%BB%D0%B0%D1%82%D0%BE%D1%80
https://www.facebook.com/ads/library/?id=1009812871052889,Glowie.bg,C. Hair-removal & hair-growth products,True,False,2025-07-16,2026-07-11,361,All,18,65,Bulgaria,106752,90.9,7.8,1.3,12.3,18.5,27.5,25.6,12.1,3.9,12198,18297,27832,25978,12295,3948,936,1806,2378,2122,990,369,failed/painful alternatives,"#1 Решение за премахване на косми 💖 Живей без:  -Враснали косъмчета и досадното им премахване -Безкрайно и изморително бръснене -Болезнени и неприятни процедури с изскубване -Суха, раздразнена кожа след бръснене  ✅ Без обриви!z ✅ Без болка! ✅ Без косъмчета!  Опитай безболезнено премахване на косми с IPL технология и се радвай на гладка кожа всеки ден.",https://glowie.bg/products/glowie%E2%84%A2-ipl-%D1%84%D0%BE%D1%82%D0%BE%D0%B5%D0%BF%D0%B8%D0%BB%D0%B0%D1%82%D0%BE%D1%80
https://www.facebook.com/ads/library/?id=4050930568386134,Glowie.bg,C. Hair-removal & hair-growth products,True,False,2025-08-09,2026-03-17,221,All,18,65,Bulgaria,304312,82.5,14.5,3.0,37.7,38.1,15.8,6.2,1.5,0.6,97696,96049,40785,16594,4079,1562,14986,19030,7734,2541,567,315,failed/painful alternatives,"#1 Решение за премахване на косми 💖 Живей без:  -Враснали косъмчета и досадното им премахване -Безкрайно и изморително бръснене -Болезнени и неприятни процедури с изскубване -Суха, раздразнена кожа след бръснене  ✅ Без обриви!z ✅ Без болка! ✅ Без косъмчета!  Опитай безболезнено премахване на косми с IPL технология и се радвай на гладка кожа всеки ден.",https://glowie.bg/products/glowie%E2%84%A2-ipl-%D1%84%D0%BE%D1%82%D0%BE%D0%B5%D0%BF%D0%B8%D0%BB%D0%B0%D1%82%D0%BE%D1%80
https://www.facebook.com/ads/library/?id=833835619196800,Glowie.bg,C. Hair-removal & hair-growth products,True,False,2025-11-03,2025-12-03,31,All,18,65,Bulgaria,250205,82.6,16.1,1.3,25.8,35.2,22.6,12.0,3.3,1.0,58131,73571,47600,26884,7620,2265,7998,17423,11021,4204,1046,415,failed/painful alternatives,"#1 Решение за премахване на косми 💖 Живей без:  -Враснали косъмчета и досадното им премахване -Безкрайно и изморително бръснене -Болезнени и неприятни процедури с изскубване -Суха, раздразнена кожа след бръснене  ✅ Без обриви!z ✅ Без болка! ✅ Без косъмчета!  Опитай безболезнено премахване на косми с IPL технология и се радвай на гладка кожа всеки ден.",https://glowie.bg/products/glowie%E2%84%A2-ipl-%D1%84%D0%BE%D1%82%D0%BE%D0%B5%D0%BF%D0%B8%D0%BB%D0%B0%D1%82%D0%BE%D1%80
https://www.facebook.com/ads/library/?id=2030017527764536,Glowie.bg,C. Hair-removal & hair-growth products,True,False,2025-11-03,2026-05-18,197,All,18,65,Bulgaria,173246,86.2,12.8,1.0,18.8,28.0,26.6,18.4,6.7,1.6,29703,41840,39643,28013,10429,2437,2856,7017,6938,4195,1318,348,failed/painful alternatives,"#1 Решение за премахване на косми 💖 Живей без:  -Враснали косъмчета и досадното им премахване -Безкрайно и изморително бръснене -Болезнени и неприятни процедури с изскубване -Суха, раздразнена кожа след бръснене  ✅ Без обриви!z ✅ Без болка! ✅ Без косъмчета!  Опитай безболезнено премахване на косми с IPL технология и се радвай на гладка кожа всеки ден.",https://glowie.bg/products/glowie%E2%84%A2-ipl-%D1%84%D0%BE%D1%82%D0%BE%D0%B5%D0%BF%D0%B8%D0%BB%D0%B0%D1%82%D0%BE%D1%80
https://www.facebook.com/ads/library/?id=1164646012305982,Glowie.bg,C. Hair-removal & hair-growth products,True,False,2025-11-03,2026-05-23,202,All,18,65,Bulgaria,390262,81.9,17.5,0.6,20.7,32.6,24.8,15.5,5.1,1.4,69015,98808,76060,50778,16853,4195,10249,26064,18960,8652,2656,1014,failed/painful alternatives,"#1 Решение за премахване на косми 💖 Живей без:  -Враснали косъмчета и досадното им премахване -Безкрайно и изморително бръснене -Болезнени и неприятни процедури с изскубване -Суха, раздразнена кожа след бръснене  ✅ Без обриви!z ✅ Без болка! ✅ Без косъмчета!  Опитай безболезнено премахване на косми с IPL технология и се радвай на гладка кожа всеки ден.",https://glowie.bg/products/glowie%E2%84%A2-ipl-%D1%84%D0%BE%D1%82%D0%BE%D0%B5%D0%BF%D0%B8%D0%BB%D0%B0%D1%82%D0%BE%D1%80
https://www.facebook.com/ads/library/?id=801601359380368,Glowie.bg,C. Hair-removal & hair-growth products,True,False,2025-11-07,2026-01-29,84,All,18,65,Bulgaria,80961,82.5,16.2,1.3,31.0,29.1,21.0,13.1,4.5,1.3,22267,18678,12692,8288,2911,898,1963,4164,3919,2078,625,165,failed/painful alternatives,"#1 Решение за премахване на косми 💖 Живей без:  -Враснали косъмчета и досадното им премахване -Безкрайно и изморително бръснене -Болезнени и неприятни процедури с изскубване -Суха, раздразнена кожа след бръснене  ✅ Без обриви!z ✅ Без болка! ✅ Без косъмчета!  Опитай безболезнено премахване на косми с IPL технология и се радвай на гладка кожа всеки ден.",https://glowie.bg/products/glowie%E2%84%A2-ipl-%D1%84%D0%BE%D1%82%D0%BE%D0%B5%D0%BF%D0%B8%D0%BB%D0%B0%D1%82%D0%BE%D1%80
https://www.facebook.com/ads/library/?id=1162986632039547,Glowie.bg,C. Hair-removal & hair-growth products,True,False,2025-11-12,2026-01-15,65,All,18,65,Bulgaria,331002,78.7,20.3,1.1,21.1,31.9,27.3,14.5,4.0,1.2,63293,86438,70420,38056,10460,2961,8440,22394,23119,11561,3315,1136,failed/painful alternatives,"#1 Решение за премахване на косми 💖 Живей без:  -Враснали косъмчета и досадното им премахване -Безкрайно и изморително бръснене -Болезнени и неприятни процедури с изскубване -Суха, раздразнена кожа след бръснене  ✅ Без обриви!z ✅ Без болка! ✅ Без косъмчета!  Опитай безболезнено премахване на косми с IPL технология и се радвай на гладка кожа всеки ден.",https://glowie.bg/products/glowie%E2%84%A2-ipl-%D1%84%D0%BE%D1%82%D0%BE%D0%B5%D0%BF%D0%B8%D0%BB%D0%B0%D1%82%D0%BE%D1%80
https://www.facebook.com/ads/library/?id=721518487113700,Glowie.bg,C. Hair-removal & hair-growth products,True,False,2025-11-20,2026-05-23,185,All,18,65,Bulgaria,269356,74.4,25.1,0.5,18.7,30.4,25.0,16.7,6.7,2.5,41742,59795,50491,36572,14628,4985,10310,24986,19043,9829,3983,1988,failed/painful alternatives,"#1 Решение за премахване на косми 💖 Живей без:  -Враснали косъмчета и досадното им премахване -Безкрайно и изморително бръснене -Болезнени и неприятни процедури с изскубване -Суха, раздразнена кожа след бръснене  ✅ Без обриви!z ✅ Без болка! ✅ Без косъмчета!  Опитай безболезнено премахване на косми с IPL технология и се радвай на гладка кожа всеки ден.",https://glowie.bg/products/glowie%E2%84%A2-ipl-%D1%84%D0%BE%D1%82%D0%BE%D0%B5%D0%BF%D0%B8%D0%BB%D0%B0%D1%82%D0%BE%D1%80
https://www.facebook.com/ads/library/?id=1373030004291039,Glowie.bg,C. Hair-removal & hair-growth products,True,False,2025-12-09,2026-01-24,47,All,18,65,Bulgaria,73043,90.8,8.8,0.3,25.4,35.4,25.1,10.5,2.7,0.8,17154,22822,15708,6581,1686,476,829,2246,2009,861,245,79,failed/painful alternatives,"#1 Решение за премахване на косми 💖 Живей без:  -Враснали косъмчета и досадното им премахване -Безкрайно и изморително бръснене -Болезнени и неприятни процедури с изскубване -Суха, раздразнена кожа след бръснене  ✅ Без обриви!z ✅ Без болка! ✅ Без косъмчета!  Опитай безболезнено премахване на косми с IPL технология и се радвай на гладка кожа всеки ден.",https://glowie.bg/products/glowie%E2%84%A2-ipl-%D1%84%D0%BE%D1%82%D0%BE%D0%B5%D0%BF%D0%B8%D0%BB%D0%B0%D1%82%D0%BE%D1%80
https://www.facebook.com/ads/library/?id=889599676779660,Glowie.bg,C. Hair-removal & hair-growth products,True,False,2026-01-16,2026-01-29,14,All,18,65,Bulgaria,107219,91.7,6.5,1.9,47.5,40.2,8.4,2.9,0.7,0.3,47569,39254,8028,2702,656,313,2494,3097,934,328,68,36,failed/painful alternatives,"#1 Решение за премахване на косми 💖 Живей без:  -Враснали косъмчета и досадното им премахване -Безкрайно и изморително бръснене -Болезнени и неприятни процедури с изскубване -Суха, раздразнена кожа след бръснене  ✅ Без обриви!z ✅ Без болка! ✅ Без косъмчета!  Опитай безболезнено премахване на косми с IPL технология и се радвай на гладка кожа всеки ден.",https://glowie.bg/products/glowie%E2%84%A2-ipl-%D1%84%D0%BE%D1%82%D0%BE%D0%B5%D0%BF%D0%B8%D0%BB%D0%B0%D1%82%D0%BE%D1%80
https://www.facebook.com/ads/library/?id=1630753811258317,Glowie.bg,C. Hair-removal & hair-growth products,True,False,2026-02-12,2026-05-18,96,All,18,65,Bulgaria,69704,89.4,9.1,1.5,25.0,28.0,24.0,15.5,5.8,1.6,16082,17410,14986,9739,3685,1029,1107,1924,1796,1090,385,115,failed/painful alternatives,"#1 Решение за премахване на косми 💖 Живей без:  -Враснали косъмчета и досадното им премахване -Безкрайно и изморително бръснене -Болезнени и неприятни процедури с изскубване -Суха, раздразнена кожа след бръснене  ✅ Без обриви!z ✅ Без болка! ✅ Без косъмчета!  Опитай безболезнено премахване на косми с IPL технология и се радвай на гладка кожа всеки ден.",https://glowie.bg/products/glowie%E2%84%A2-ipl-%D1%84%D0%BE%D1%82%D0%BE%D0%B5%D0%BF%D0%B8%D0%BB%D0%B0%D1%82%D0%BE%D1%80
https://www.facebook.com/ads/library/?id=1195874629064844,Glowie.bg,C. Hair-removal & hair-growth products,True,False,2026-03-18,2026-04-01,15,All,18,65,Bulgaria,168290,78.8,20.4,0.8,34.1,39.4,17.9,6.4,1.6,0.6,49113,50794,22402,8371,2124,744,8061,15536,7694,2395,568,261,failed/painful alternatives,"#1 Решение за премахване на косми 💖 Живей без:  -Враснали косъмчета и досадното им премахване -Безкрайно и изморително бръснене -Болезнени и неприятни процедури с изскубване -Суха, раздразнена кожа след бръснене  ✅ Без обриви!z ✅ Без болка! ✅ Без косъмчета!  Опитай безболезнено премахване на косми с IPL технология и се радвай на гладка кожа всеки ден.",https://glowie.bg/products/glowie%E2%84%A2-ipl-%D1%84%D0%BE%D1%82%D0%BE%D0%B5%D0%BF%D0%B8%D0%BB%D0%B0%D1%82%D0%BE%D1%80
https://www.facebook.com/ads/library/?id=803710235692916,Glowie.bg,C. Hair-removal & hair-growth products,True,False,2026-04-04,2026-04-21,18,All,18,65,Bulgaria,162290,89.5,9.3,1.2,25.8,33.8,25.3,11.4,2.9,0.8,38292,47994,36312,16641,4274,1090,2679,5927,4210,1664,441,134,failed/painful alternatives,"#1 Решение за премахване на косми 💖 Живей без:  -Враснали косъмчета и досадното им премахване -Безкрайно и изморително бръснене -Болезнени и неприятни процедури с изскубване -Суха, раздразнена кожа след бръснене  ✅ Без обриви!z ✅ Без болка! ✅ Без косъмчета!  Опитай безболезнено премахване на косми с IPL технология и се радвай на гладка кожа всеки ден.",https://glowie.bg/products/glowie%E2%84%A2-ipl-%D1%84%D0%BE%D1%82%D0%BE%D0%B5%D0%BF%D0%B8%D0%BB%D0%B0%D1%82%D0%BE%D1%80
https://www.facebook.com/ads/library/?id=1874024553259441,Glowie.bg,C. Hair-removal & hair-growth products,True,False,2026-04-29,2026-07-14,77,All,18,65,Bulgaria,121981,64.1,35.4,0.4,15.3,22.2,21.4,16.8,13.5,10.9,12605,16803,16878,12949,10221,8806,5922,10176,9106,7411,6232,4423,failed/painful alternatives,"#1 Решение за премахване на косми 💖 Живей без:  -Враснали косъмчета и досадното им премахване -Безкрайно и изморително бръснене -Болезнени и неприятни процедури с изскубване -Суха, раздразнена кожа след бръснене  ✅ Без обриви!z ✅ Без болка! ✅ Без косъмчета!  Опитай безболезнено премахване на косми с IPL технология и се радвай на гладка кожа всеки ден.",https://glowie.bg/products/glowie%E2%84%A2-ipl-%D1%84%D0%BE%D1%82%D0%BE%D0%B5%D0%BF%D0%B8%D0%BB%D0%B0%D1%82%D0%BE%D1%80
https://www.facebook.com/ads/library/?id=2140219690061097,Glowie.bg,C. Hair-removal & hair-growth products,True,False,2026-05-09,2026-07-20,73,All,18,65,Bulgaria,86915,87.1,12.1,0.8,27.3,29.9,19.9,13.6,6.3,2.9,21724,22688,14711,9943,4494,2022,1711,3040,2467,1830,934,515,failed/painful alternatives,"#1 Решение за премахване на косми 💖 Живей без:  -Враснали косъмчета и досадното им премахване -Безкрайно и изморително бръснене -Болезнени и неприятни процедури с изскубване -Суха, раздразнена кожа след бръснене  ✅ Без обриви!z ✅ Без болка! ✅ Без косъмчета!  Опитай безболезнено премахване на косми с IPL технология и се радвай на гладка кожа всеки ден.",https://glowie.bg/products/glowie%E2%84%A2-ipl-%D1%84%D0%BE%D1%82%D0%BE%D0%B5%D0%BF%D0%B8%D0%BB%D0%B0%D1%82%D0%BE%D1%80
https://www.facebook.com/ads/library/?id=2478635579224296,Glowie.bg,C. Hair-removal & hair-growth products,True,False,2026-06-08,2026-07-22,45,All,18,65,Bulgaria,242682,80.8,18.7,0.5,20.7,30.0,23.9,16.5,7.0,2.0,43243,57928,46938,34640,15135,3983,8091,16583,12485,6472,2284,863,failed/painful alternatives,"#1 Решение за премахване на косми 💖 Живей без:  -Враснали косъмчета и досадното им премахване -Безкрайно и изморително бръснене -Болезнени и неприятни процедури с изскубване -Суха, раздразнена кожа след бръснене  ✅ Без обриви!z ✅ Без болка! ✅ Без косъмчета!  Опитай безболезнено премахване на косми с IPL технология и се радвай на гладка кожа всеки ден.",https://glowie.bg/products/glowie%E2%84%A2-ipl-%D1%84%D0%BE%D1%82%D0%BE%D0%B5%D0%BF%D0%B8%D0%BB%D0%B0%D1%82%D0%BE%D1%80
https://www.facebook.com/ads/library/?id=1703832000934295,Glowie.bg,C. Hair-removal & hair-growth products,True,False,2026-06-08,2026-07-16,39,All,18,65,Bulgaria,170759,89.0,10.0,1.0,29.1,33.9,20.4,10.9,4.3,1.5,45321,51562,31153,17008,6815,2299,4449,6546,3864,1716,571,206,failed/painful alternatives,"#1 Решение за премахване на косми 💖 Живей без:  -Враснали косъмчета и досадното им премахване -Безкрайно и изморително бръснене -Болезнени и неприятни процедури с изскубване -Суха, раздразнена кожа след бръснене  ✅ Без обриви!z ✅ Без болка! ✅ Без косъмчета!  Опитай безболезнено премахване на косми с IPL технология и се радвай на гладка кожа всеки ден.",https://glowie.bg/products/glowie%E2%84%A2-ipl-%D1%84%D0%BE%D1%82%D0%BE%D0%B5%D0%BF%D0%B8%D0%BB%D0%B0%D1%82%D0%BE%D1%80
https://www.facebook.com/ads/library/?id=1001283379069845,Glowie.bg,C. Hair-removal & hair-growth products,True,False,2026-06-08,2026-07-01,24,All,18,65,Bulgaria,151342,84.6,14.8,0.7,12.5,23.8,29.5,20.9,10.4,2.9,16578,29926,38109,27599,14286,4000,2456,6456,7098,4521,1751,495,failed/painful alternatives,"#1 Решение за премахване на косми 💖 Живей без:  -Враснали косъмчета и досадното им премахване -Безкрайно и изморително бръснене -Болезнени и неприятни процедури с изскубване -Суха, раздразнена кожа след бръснене  ✅ Без обриви!z ✅ Без болка! ✅ Без косъмчета!  Опитай безболезнено премахване на косми с IPL технология и се радвай на гладка кожа всеки ден.",https://glowie.bg/products/glowie%E2%84%A2-ipl-%D1%84%D0%BE%D1%82%D0%BE%D0%B5%D0%BF%D0%B8%D0%BB%D0%B0%D1%82%D0%BE%D1%80
https://www.facebook.com/ads/library/?id=4491883247765216,Glowie.bg,C. Hair-removal & hair-growth products,True,False,2026-06-08,2026-07-22,45,All,18,65,Bulgaria,98977,85.8,13.6,0.6,20.1,25.0,19.2,13.7,10.9,11.0,18739,22937,17502,11915,8909,9128,2008,2808,2365,2258,2401,2259,failed/painful alternatives,"#1 Решение за премахване на косми 💖 Живей без:  -Враснали косъмчета и досадното им премахване -Безкрайно и изморително бръснене -Болезнени и неприятни процедури с изскубване -Суха, раздразнена кожа след бръснене  ✅ Без обриви!z ✅ Без болка! ✅ Без косъмчета!  Опитай безболезнено премахване на косми с IPL технология и се радвай на гладка кожа всеки ден.",https://glowie.bg/products/glowie%E2%84%A2-ipl-%D1%84%D0%BE%D1%82%D0%BE%D0%B5%D0%BF%D0%B8%D0%BB%D0%B0%D1%82%D0%BE%D1%80
https://www.facebook.com/ads/library/?id=2534046650398772,Glowie.bg,C. Hair-removal & hair-growth products,True,False,2026-06-08,2026-07-22,45,All,18,65,Bulgaria,72910,88.4,10.0,1.6,39.2,30.0,13.2,8.9,5.4,3.2,26327,19934,8772,5727,3434,1956,2477,2148,1044,828,599,411,failed/painful alternatives,"#1 Решение за премахване на косми 💖 Живей без:  -Враснали косъмчета и досадното им премахване -Безкрайно и изморително бръснене -Болезнени и неприятни процедури с изскубване -Суха, раздразнена кожа след бръснене  ✅ Без обриви!z ✅ Без болка! ✅ Без косъмчета!  Опитай безболезнено премахване на косми с IPL технология и се радвай на гладка кожа всеки ден.",https://glowie.bg/products/glowie%E2%84%A2-ipl-%D1%84%D0%BE%D1%82%D0%BE%D0%B5%D0%BF%D0%B8%D0%BB%D0%B0%D1%82%D0%BE%D1%80
https://www.facebook.com/ads/library/?id=1327641092193039,Glowie.bg,C. Hair-removal & hair-growth products,True,False,2026-06-23,2026-07-22,30,All,18,65,Bulgaria,194883,86.0,13.0,1.0,18.8,24.8,25.2,20.0,8.6,2.5,33915,41847,42426,34179,14682,4178,2922,6938,7419,5394,2399,840,failed/painful alternatives; discount/urgency,"🔥 ПРОМОКОД - ""LYATO15"" 🔥  #1 Решение за премахване на косми 💖 Живей без:  -Враснали косъмчета и досадното им премахване -Безкрайно и изморително бръснене -Болезнени и неприятни процедури с изскубване -Суха, раздразнена кожа след бръснене  ✅ Без обриви!z ✅ Без болка! ✅ Без косъмчета!  Опитай безболезнено премахване на косми с IPL технология и се радвай на гладка кожа всеки ден.",https://glowie.bg/products/glowie%E2%84%A2-ipl-%D1%84%D0%BE%D1%82%D0%BE%D0%B5%D0%BF%D0%B8%D0%BB%D0%B0%D1%82%D0%BE%D1%80
https://www.facebook.com/ads/library/?id=828519636858502,Glowie.bg,C. Hair-removal & hair-growth products,True,False,2026-07-03,2026-07-21,19,All,18,65,Bulgaria,122109,88.1,10.3,1.6,37.0,34.2,15.5,8.3,3.3,1.6,41600,37819,17030,9174,3667,1763,4141,4598,2269,1245,495,288,failed/painful alternatives; discount/urgency,"🔥 ПРОМОКОД - LYATO15 🔥  #1 Решение за премахване на косми 💖 Живей без:  -Враснали косъмчета и досадното им премахване -Безкрайно и изморително бръснене -Болезнени и неприятни процедури с изскубване -Суха, раздразнена кожа след бръснене  ✅ Без обриви!z ✅ Без болка! ✅ Без косъмчета!  Опитай безболезнено премахване на косми с IPL технология и се радвай на гладка кожа всеки ден.",https://glowie.bg/products/glowie%E2%84%A2-ipl-%D1%84%D0%BE%D1%82%D0%BE%D0%B5%D0%BF%D0%B8%D0%BB%D0%B0%D1%82%D0%BE%D1%80
https://www.facebook.com/ads/library/?id=2406244286481092,Philips,C. Hair-removal & hair-growth products,True,False,2026-02-06,2026-03-17,40,Women,18,50,Bulgaria,85768,100.0,0.0,0.0,6.9,25.5,32.7,34.9,0.0,0.0,5975,22156,28371,30263,0,0,0,0,0,0,0,0,other,"С помощта на уникалните приставки фотоепилаторът Philips Lumea осигурява нежно третиране на цялото тяло. Сензорът SmartSkin разпознава тона на твоята кожа и индикира най-подходящата настройка за теб. Подходящ за всяко тяло, за жени и мъже. Защото всяко тяло е различно!",https://www.philips.bg/c-e/pe/lumea-ipl-9900?utm_source=meta&utm_medium=&utm_campaign=ADO_OMD_BG_BTY_BTY_ALL_IPL_Q1_26_Explore&utm_content=BG_bg_paid_meta_explore_traffic_cpc_carousel_image&utm_platform=meta
https://www.facebook.com/ads/library/?id=1505748391109359,Philips,C. Hair-removal & hair-growth products,True,False,2026-04-16,2026-05-25,40,Women,18,45,Bulgaria,61946,100.0,0.0,0.0,11.9,37.9,45.1,5.1,0.0,0.0,7334,23425,27889,3166,0,0,0,0,0,0,0,0,other,"С помощта на уникалните приставки фотоепилаторът Philips Lumea осигурява нежно третиране на цялото тяло. Сензорът SmartSkin разпознава тона на твоята кожа и индикира най-подходящата настройка за теб. Подходящ за всяко тяло, за жени и мъже. Защото всяко тяло е различно!",https://www.philips.bg/c-m-pe/ipl/lumea-9900-series?utm_source=meta&utm_medium=paidsocial&utm_campaign=26q2bgomdlocalbeaLumeaIPL&utm_content=con_cpl_carousel_int&utm_term=LandingPage_carouselad1_btylumea_E5
https://www.facebook.com/ads/library/?id=1205344478206090,Philips,C. Hair-removal & hair-growth products,True,False,2026-04-16,2026-05-25,40,Women,18,45,Bulgaria,62597,100.0,0.0,0.0,10.7,38.6,46.3,4.4,0.0,0.0,6812,24521,29348,2766,0,0,0,0,0,0,0,0,other,"С помощта на уникалните приставки фотоепилаторът Philips Lumea осигурява нежно третиране на цялото тяло. Сензорът SmartSkin разпознава тона на твоята кожа и индикира най-подходящата настройка за теб. Подходящ за всяко тяло, за жени и мъже. Защото всяко тяло е различно!",https://www.philips.bg/c-m-pe/ipl/lumea-9900-series?utm_source=meta&utm_medium=paidsocial&utm_campaign=26q2bgomdlocalbeaLumeaIPL&utm_content=con_cpl_carousel_rtgt&utm_term=LandingPage_carouselad1_btylumea_E5
https://www.facebook.com/ads/library/?id=1946325536023921,Philips,C. Hair-removal & hair-growth products,True,False,2026-06-19,2026-06-21,3,All,18,45,Bulgaria,130306,35.5,63.9,0.6,37.7,43.7,17.3,1.3,0.0,0.0,21954,17355,5978,478,0,0,26235,38744,16226,1207,0,0,other,"Получи ли му се според вас?😀  Когато искам нещо, когато съм на режим, когато минавам през малка криза. 😅  Добре че има и решения за „екстремни ситуации“.   Philips OneBlade Intimate е създаден за деликатните зони, подходящ както за мъже, така и за жени за всяка част от тялото, най-вече подмишници и интимна зона.   Щадящ към кожата, удобен и комфортен за употреба, дори когато времето не е на твоя страна. ✨  .  #PhilipsOneBladeIntimate #couples #funny #boyfriendactslikeme",https://www.philips.bg/c-m-pe/oneblade-trim-edge-and-shave/oneblade-intimate?utm_source=meta&utm_medium=paidsocial&utm_campaign=26q2bgomdlocalmgOneBladeIntimate&utm_content=awa_cpm_video_int&utm_term=Reach_video_mgonebladeintimate_influencersbogdana
https://www.facebook.com/ads/library/?id=3575568429274874,Philips,C. Hair-removal & hair-growth products,True,False,2026-08-05,2026-08-07,3,Women,18,45,Bulgaria,99005,100.0,0.0,0.0,43.1,41.8,14.1,1.0,0.0,0.0,42304,41025,13794,958,0,0,0,0,0,0,0,0,failed/painful alternatives,"Често ме питате дали Philips Lumea наистина си заслужава. Истината е, че и аз имах същите въпроси в началото.  След няколко процедури вече видях разликата – косъмчетата станаха значително по-малко и растат много по-бавно. Процедурите не са болезнени, а благодарение на SmartSkin уредът препоръчва подходящата интензивност според тена на кожата.  Отнема ми около 30 минути за всички зони и вече е част от рутината ми. Използвам го за крака, подмишници, бикини зона и ръце, а може да се използва и за л",https://www.philips.bg/c-m-pe/hair-removal?utm_source=meta&utm_medium=paidsocial&utm_campaign=26q3bgomdlocalbeaEpilators&utm_content=awa_cpm_video_int&utm_term=Reach_reel_btyepilators_btyaoinfluencersvaleria
https://www.facebook.com/ads/library/?id=546694398236974,Shopche.bg,C. Hair-removal & hair-growth products,True,False,2025-05-02,2025-12-05,218,Women,18,65,Bulgaria,250897,80.4,19.2,0.4,9.4,14.1,19.2,23.6,20.2,13.5,18563,26808,38399,49234,44303,30358,5579,9484,10886,11481,7726,4551,failed/painful alternatives,"❌ Омръзна ти от болезнена кола маска и досадно бръснене? ✔️ Имаме решение!  ✨ Кристал за премахване на окосмяване – революционен начин да кажеш ""сбогом"" на нежеланите косми:  ✅ Безболезнено и без врастнали косми ✅ Подходящ за всеки тип кожа ✅ Забавя растежа на космите ✅ Без зарядно, без консумативи – ползваш до 3 години ✅ Компактен – идеален за пътуване  💜 Спести време, пари и усилия! 🛒 Поръчай тук 👉 https://shopche.co/44gAxu1",https://shopche.bg/%D0%B7%D0%B4%D1%80%D0%B0%D0%B2%D0%B5-%D0%B8-%D0%BA%D1%80%D0%B0%D1%81%D0%BE%D1%82%D0%B0/%D0%BB%D0%B8%D1%87%D0%BD%D0%B0-%D0%B3%D1%80%D0%B8%D0%B6%D0%B0/%D0%BA%D1%80%D0%B8%D1%81%D1%82%D0%B0%D0%BB-%D0%B7%D0%B0-%D0%BF%D1%80%D0%B5%D0%BC%D0%B0%D1%85%D0%B2%D0%B0%D0%BD%D0%B5-%D0%BD%D0%B0-%D0%BE%D0%BA%D0%BE%D1%81%D0%BC%D1%8F%D0%B2%D0%B0%D0%BD%D0%B5
https://www.facebook.com/ads/library/?id=1422168582554473,Sèlestre - България,C. Hair-removal & hair-growth products,True,False,2025-04-16,2025-11-04,203,All,18,65,Bulgaria,79751,86.7,12.1,1.2,3.7,23.1,42.1,22.7,6.4,2.0,2342,15805,29747,16336,4699,1434,597,2719,4035,1894,436,176,discount/urgency,"Отново сме в играта! След огромния интерес и стотиците положителни отзиви, вече и ти имаш възможност да станеш част от семейството на SÈLESTRE! Поръчай сега и вземи допълнителна отстъпка 🖤  🏷️ Използвай код: OFF15 и СПЕСТИ 15%  Побързай! Количествата са ограничени! ➡️  https://selestre.com",https://selestre.com/products/kristal-premahvane-kosmi-selestre/
https://www.facebook.com/ads/library/?id=1442099490128394,Sèlestre - България,C. Hair-removal & hair-growth products,True,False,2025-06-18,2025-11-08,144,All,18,65,Bulgaria,146878,56.8,41.5,1.7,20.4,39.3,28.2,9.1,2.0,0.9,16001,30855,25970,9610,2306,900,13860,27492,16157,3934,672,479,other,"Спри да живееш в миналото! Има много по-добър и щадящ начин да имаш гладка кожа 🥰Довери се на кристала от SÈLESTRE още сега! Ако не ти хареса, ние ти връщаме парите 💰#2025 #woman #hairs #bc",https://selestre.com/products/kristal-premahvane-kosmi-selestre
https://www.facebook.com/ads/library/?id=2336145200116495,Sèlestre - България,C. Hair-removal & hair-growth products,True,False,2025-07-27,2025-11-07,104,All,18,65,Bulgaria,31243,94.6,4.6,0.8,8.6,30.1,36.6,17.1,5.6,2.0,2503,8700,10668,4991,1650,572,135,513,474,201,64,26,other,"Красивите и естествени мигли винаги ще бъдат на мода! 🖤 Забрави за обикновените извивачки, които само накъсват миглите ти и причиняват дискомфорт. С електрическата извивачка от SÈLESTRE ще имаш перфектно извити мигли бързо и лесно. ✨  Вземи своята сега от https://selestre.com ⬅️",https://selestre.com/product/eyelash-curcler-selestre/
https://www.facebook.com/ads/library/?id=1488897992232912,Sèlestre - България,C. Hair-removal & hair-growth products,True,False,2025-09-29,2025-11-20,53,Women,18,65,Bulgaria,49602,100.0,0.0,0.0,11.6,31.8,34.1,15.9,5.1,1.5,5577,15222,16356,7632,2457,696,0,0,0,0,0,0,other,"Красивите и естествени мигли винаги ще бъдат на мода! 🖤 Забрави за обикновените извивачки, които само накъсват миглите ти и причиняват дискомфорт. С електрическата извивачка от SÈLESTRE ще имаш перфектно извити мигли бързо и лесно. ✨  Вземи своята сега от https://selestre.com ⬅️",https://selestre.com/products/eyelash-curler-selestre
https://www.facebook.com/ads/library/?id=1507777203562304,Sèlestre - България,C. Hair-removal & hair-growth products,True,False,2025-09-29,2025-10-27,29,Women,18,60,Bulgaria,26701,100.0,0.0,0.0,9.8,31.8,36.4,18.2,3.6,0.1,2556,8290,9484,4740,950,17,0,0,0,0,0,0,dynamic/catalog (copy not visible),{{product.brand}},https://selestre.com/products/eyelash-curler-selestre/
https://www.facebook.com/ads/library/?id=607538449052106,Sèlestre - България,C. Hair-removal & hair-growth products,True,False,2025-11-03,2025-11-21,19,All,18,65,Bulgaria,46442,93.3,5.3,1.4,2.8,17.5,40.9,27.8,8.5,2.5,1214,7646,17978,12291,3834,1107,94,516,1031,649,162,44,discount/urgency,"📣 Black November започна! 🖤 Вземи до -40% отстъпка от всички продукти на SÈLESTRE, през ноември! 💥🏷️ Побързай бройките са ограничени, а са страхотни коледни подаръци! 🎅🏻",https://selestre.com/
https://www.facebook.com/ads/library/?id=24961671520157708,Sèlestre - България,C. Hair-removal & hair-growth products,True,False,2025-11-03,2025-11-22,20,All,18,65,Bulgaria,19506,95.3,3.3,1.3,3.0,22.1,44.7,23.2,5.7,1.4,537,4138,8422,4314,1071,256,37,165,234,174,36,7,discount/urgency,"📣 Black November започна! 🖤 Вземи до -40% отстъпка от всички продукти на SÈLESTRE, през ноември! 💥🏷️ Побързай бройките са ограничени, а са страхотни коледни подаръци! 🎅🏻",https://selestre.com/
https://www.facebook.com/ads/library/?id=1149756440676120,Sèlestre - България,C. Hair-removal & hair-growth products,True,False,2025-11-03,2025-12-28,56,All,18,65,Bulgaria,41329,94.4,4.8,0.8,2.5,21.3,43.4,25.1,6.2,1.6,896,8105,16689,9837,2443,597,110,534,866,344,64,24,discount/urgency,"📣 Black November започна! 🖤 Вземи до -40% отстъпка от всички продукти на SÈLESTRE, през ноември! 💥🏷️ Побързай бройките са ограничени, а са страхотни коледни подаръци! 🎅🏻",https://selestre.com/
https://www.facebook.com/ads/library/?id=1596371621773332,Sèlestre - България,C. Hair-removal & hair-growth products,True,False,2025-11-03,2025-12-09,37,All,18,65,Bulgaria,36646,96.4,2.5,1.2,3.7,24.1,43.0,22.4,5.5,1.4,1324,8873,15804,8160,2004,497,61,218,346,238,56,14,discount/urgency,"📣 Black November започна! 🖤 Вземи до -40% отстъпка от всички продукти на SÈLESTRE, през ноември! 💥🏷️ Побързай бройките са ограничени, а са страхотни коледни подаръци! 🎅🏻",https://selestre.com/
https://www.facebook.com/ads/library/?id=1862135717739779,Sèlestre - България,C. Hair-removal & hair-growth products,True,False,2025-11-10,2025-12-09,30,All,18,65,Bulgaria,22098,94.5,4.3,1.1,3.2,20.7,38.5,26.6,8.7,2.3,649,4226,7915,5442,1799,463,41,222,333,246,75,25,discount/urgency,"📣 Black November започна! 🖤 Вземи до -40% отстъпка от всички продукти на SÈLESTRE, през ноември! 💥🏷️ Побързай бройките са ограничени, а са страхотни коледни подаръци! 🎅🏻",https://selestre.com/
https://www.facebook.com/ads/library/?id=1359047505617745,Sèlestre - България,C. Hair-removal & hair-growth products,True,False,2025-11-11,2026-01-06,57,All,18,65,Bulgaria,19752,94.0,5.2,0.9,3.7,22.2,42.7,23.2,6.5,1.7,664,4111,7990,4301,1203,306,60,249,373,241,76,21,discount/urgency,"📣 Black November започна! 🖤 Вземи до -40% отстъпка от всички продукти на SÈLESTRE, през ноември! 💥🏷️ Побързай бройките са ограничени, а са страхотни коледни подаръци! 🎅🏻",https://selestre.com/
https://www.facebook.com/ads/library/?id=1101594778580984,Sèlestre - България,C. Hair-removal & hair-growth products,True,False,2025-12-10,2026-06-02,175,Women,24,65,Bulgaria,142280,94.4,4.9,0.7,1.1,20.4,41.0,25.2,9.2,3.1,1434,27593,56018,34169,12562,4230,102,1619,2559,1858,654,250,failed/painful alternatives; testimonial/story; social proof/reviews,"""Кристала е супер! Бях скептична да си призная. Изпробвах го първо на мъжа ми. Като всеки мъж си има достатъчно окосменост. Бяхме в шок 😄 Kраката са му като бебешка кожа след почистването с кристала. Да, за чувствителна кожа може и да не е толкова деликатен, но определено го предпочитам пред самобръсначка и всякакви други методи. Аз съм с много слабо окосмяване. Радвам му се наистина, а и не съм от хората, които оставят коментари каквито и да са, сега не успях да се сдържа. ❤️"" - Лидия   За разл",https://selestre.com/products/kristal-premahvane-kosmi-selestre/
https://www.facebook.com/ads/library/?id=965128862740560,Sèlestre - България,C. Hair-removal & hair-growth products,True,False,2026-03-27,2026-04-24,29,Women,24,65,Bulgaria,34945,97.2,2.2,0.6,0.3,14.8,47.9,28.7,6.9,1.4,94,4929,15992,9539,2296,469,11,127,316,240,49,15,dynamic/catalog (copy not visible),{{product.brand}},https://selestre.com/
https://www.facebook.com/ads/library/?id=2089773351931377,Sèlestre - България,C. Hair-removal & hair-growth products,True,True,2026-06-01,2026-10-06,128,Women,24,65,Bulgaria,163245,95.4,4.0,0.6,0.6,15.9,39.6,29.6,11.4,2.8,985,24770,61763,45932,17778,4343,63,1103,2338,2053,726,210,failed/painful alternatives; testimonial/story; social proof/reviews,"""Кристала е супер! Бях скептична да си призная. Изпробвах го първо на мъжа ми. Като всеки мъж си има достатъчно окосменост. Бяхме в шок 😄 Kраката са му като бебешка кожа след почистването с кристала. Да, за чувствителна кожа може и да не е толкова деликатен, но определено го предпочитам пред самобръсначка и всякакви други методи. Аз съм с много слабо окосмяване. Радвам му се наистина, а и не съм от хората, които оставят коментари каквито и да са, сега не успях да се сдържа. ❤️"" - Лидия   За разл",https://selestre.com/products/kristal-premahvane-kosmi-selestre/
https://www.facebook.com/ads/library/?id=27246555998338974,Sèlestre - България,C. Hair-removal & hair-growth products,True,True,2026-06-18,2026-10-06,111,All,18,65,Bulgaria,319076,93.3,6.1,0.6,3.8,12.6,29.9,32.0,17.3,4.5,11626,39188,93164,100646,55598,14306,975,2865,6850,6399,2587,736,failed/painful alternatives; testimonial/story; social proof/reviews,"""Кристала е супер! Бях скептична да си призная. Изпробвах го първо на мъжа ми. Като всеки мъж си има достатъчно окосменост. Бяхме в шок 😄 Kраката са му като бебешка кожа след почистването с кристала. Да, за чувствителна кожа може и да не е толкова деликатен, но определено го предпочитам пред самобръсначка и всякакви други методи. Аз съм с много слабо окосмяване. Радвам му се наистина, а и не съм от хората, които оставят коментари каквито и да са, сега не успях да се сдържа. ❤️"" - Лидия   За разл",https://selestre.com/products/kristal-premahvane-kosmi-selestre/
https://www.facebook.com/ads/library/?id=1337246697778221,Sèlestre - България,C. Hair-removal & hair-growth products,True,False,2026-06-19,2026-09-04,78,All,18,65,Bulgaria,99023,91.7,7.7,0.7,6.5,23.4,41.7,19.9,6.0,2.5,6266,22457,39184,18201,5305,2042,326,1288,3066,1884,797,445,testimonial/story; social proof/reviews,"„Имах стария кристал на SÈLESTRE и честно казано още тогава много ми хареса, но новият е още по-добър! Първия път май натисках прекалено силно и минавах по една и съща зона по няколко пъти, а после разбрах, че тайната е в леките кръгови движения върху СУХА кожа. Без натиск, без бързане и без да търкаш едно място 100 пъти. 😄  Когато се използва правилно, кожата остава супер гладка и мека. А черната част за петите… е това вече ме спечели напълно! Върши страхотна работа, особено ако петите са по-су",https://selestre.com/products/kristal-premahvane-kosmi-selestre/
https://www.facebook.com/ads/library/?id=1343571054444801,Sèlestre - България,C. Hair-removal & hair-growth products,True,False,2026-06-24,2026-09-07,76,All,18,65,Bulgaria,27253,87.7,11.7,0.6,7.0,16.9,31.9,23.7,12.6,7.8,1758,4259,7861,5593,2821,1628,115,337,794,840,612,495,mechanism/education; summer/beach; social proof/reviews,35 000+ жени вече избраха оригиналния кристал от SÈLESTRE 💎  Сега той е още по-добър.  ✔️ Подобрена повърхност за премахване на косъмчета ✔️ Нова черна повърхност за меки и красиви пети ✔️ Използва се върху суха кожа ✔️ Компактен и удобен за навсякъде и по всяко време  Поръчай своя и виж защо толкова жени не се разделят с него. ✨  https://selestre.com,https://selestre.com/products/kristal-premahvane-kosmi-selestre/
https://www.facebook.com/ads/library/?id=1031946499518719,Sèlestre - България,C. Hair-removal & hair-growth products,True,False,2026-06-26,2026-08-31,67,All,18,65,Bulgaria,61219,87.0,12.4,0.6,3.5,15.0,36.0,26.2,12.6,6.8,1975,8413,19792,13937,6305,3160,131,749,2221,2082,1442,987,mechanism/education; summer/beach; social proof/reviews,"Заслужава ли си оригиналния кристал за премахване на косми от SÈLESTRE?  35 000+ жени вече използват нашия кристал! 💎 И това не е случайно! Това е един от най-удобните продукти за поддържане на гладка и мека кожа.  Най-хубавото? Използва се върху суха кожа. Което значи, че ако видиш косъмчета - можеш да ги махнеш веднага с няколко движения, без да влизаш в банята, без вода, без пяна и без подготовка.  ✔️ Подходящ за бърза поддръжка на гладка кожа ✔️ Използва се върху суха кожа ✔️ Не са нужни кон",https://selestre.com/products/kristal-premahvane-kosmi-selestre/
https://www.facebook.com/ads/library/?id=1700486694403210,Sèlestre - България,C. Hair-removal & hair-growth products,True,False,2026-07-08,2026-08-29,53,All,18,65,Bulgaria,100745,94.7,4.8,0.5,3.7,15.6,37.8,29.9,10.7,2.3,3600,15288,36811,29131,10503,2189,169,759,1860,1456,480,202,failed/painful alternatives,"Независимо дали се бръснеш, ходиш на кола маска или използваш епилатор, оригиналният кристал на SÈLESTRE е нещо, което всяка жена трябва да има под ръка. ✨  Перфектен е за бърза поддръжка между обезкосмяванията - виждаш някое косъмче, минаваш с леки кръгови движения върху суха кожа и си готова. А след като започнеш да го използваш - нищо чудно да забравиш всички останали методи за обезкосмяване!  Без батерии, без кабели, без болка и без излишна подготовка. Просто го слагаш в чантата и го имаш ви",https://selestre.com/products/kristal-premahvane-kosmi-selestre/
https://www.facebook.com/ads/library/?id=1522273246048647,Sèlestre - България,C. Hair-removal & hair-growth products,True,True,2026-07-08,2026-10-06,91,All,18,65,Bulgaria,19570,93.1,6.3,0.6,2.4,11.9,35.0,32.3,14.8,3.6,433,2219,6559,6082,2802,665,38,159,457,391,166,57,failed/painful alternatives,"Независимо дали се бръснеш, ходиш на кола маска или използваш епилатор, оригиналният кристал на SÈLESTRE е нещо, което всяка жена трябва да има под ръка. ✨  Перфектен е за бърза поддръжка между обезкосмяванията - виждаш някое косъмче, минаваш с леки кръгови движения върху суха кожа и си готова. А след като започнеш да го използваш - нищо чудно да забравиш всички останали методи за обезкосмяване!  Без батерии, без кабели, без болка и без излишна подготовка. Просто го слагаш в чантата и го имаш ви",https://selestre.com/products/kristal-premahvane-kosmi-selestre/
https://www.facebook.com/ads/library/?id=4461164357429422,Sèlestre - България,C. Hair-removal & hair-growth products,True,False,2026-07-13,2026-10-05,85,All,18,65,Bulgaria,185029,88.5,11.0,0.5,4.0,17.0,36.6,29.1,10.9,2.4,6872,27876,57931,47412,18169,3800,438,3063,8725,5510,1723,600,failed/painful alternatives; summer/beach,"Точно преди морето осъзнаваш, че си забравила да махнеш косъмчетата по краката… 😅  Няма време за баня, бръсначки, кола маска или дълга подготовка. Точно в такива моменти оригиналният кристал на SÈLESTRE е нещото, което всяка жена трябва да има под ръка. ✨  Използва се директно върху суха кожа с леки кръгови движения. Само няколко минути и си готова за плажа.  И най-хубавото е, че не е само за краката. Можеш да го използваш и за ръцете и други подходящи зони по тялото, когато забележиш нежелани к",https://selestre.com/products/kristal-premahvane-kosmi-selestre/
https://www.facebook.com/ads/library/?id=1842938510008243,Sèlestre - България,C. Hair-removal & hair-growth products,True,True,2026-07-16,2026-10-06,83,All,18,65,Bulgaria,28357,95.5,3.9,0.6,1.2,15.8,45.3,26.6,9.4,1.7,309,4261,12155,7042,2525,449,35,146,457,349,91,21,other,Новият SÈLESTRE 2в1 е създаден за бърза поддръжка на гладка кожа и меки пети.  Най-хубавото на кристала SÈLESTRE? Използва се върху суха кожа.  Без да влизаш в банята. Без да мокриш краката. Без да правиш цяла процедура.  Само няколко леки кръгови движения и си готова.,https://selestre.com/products/kristal-premahvane-kosmi-selestre/
https://www.facebook.com/ads/library/?id=2969208203427868,Sèlestre - България,C. Hair-removal & hair-growth products,True,True,2026-07-16,2026-10-06,83,All,18,65,Bulgaria,23638,93.5,5.9,0.6,1.8,12.9,39.7,30.3,12.8,2.5,363,2821,8768,6610,2847,561,51,198,497,463,138,35,other,Новият SÈLESTRE 2в1 е създаден за бърза поддръжка на гладка кожа и меки пети.  Най-хубавото на кристала SÈLESTRE? Използва се върху суха кожа.  Без да влизаш в банята. Без да мокриш краката. Без да правиш цяла процедура.  Само няколко леки кръгови движения и си готова.,https://selestre.com/products/kristal-premahvane-kosmi-selestre/
https://www.facebook.com/ads/library/?id=1692051841901631,Sèlestre - България,C. Hair-removal & hair-growth products,True,True,2026-07-16,2026-10-06,83,All,18,65,Bulgaria,26092,93.2,6.2,0.6,1.9,12.8,40.5,30.2,12.2,2.4,444,3149,10000,7422,3077,604,60,228,662,512,152,39,other,Най-хубавото на кристала SÈLESTRE? Използва се върху суха кожа.  Без да влизаш в банята. Без да мокриш краката. Без да правиш цяла процедура.  Само няколко леки кръгови движения и си готова. Новият SÈLESTRE 2в1 е създаден за бърза поддръжка на гладка кожа и меки пети.,https://selestre.com/products/kristal-premahvane-kosmi-selestre/
https://www.facebook.com/ads/library/?id=1024806300135971,Sèlestre - България,C. Hair-removal & hair-growth products,True,True,2026-07-16,2026-10-05,82,All,18,65,Bulgaria,1400,95.2,4.3,0.5,1.7,14.8,48.3,24.9,8.7,1.6,19,198,664,330,121,21,5,11,19,21,3,2,other,"Видя косъмче точно преди да излезеш? 😅 С кристала SÈLESTRE не ти трябва баня, пяна или самобръсначка.  Използваш го върху суха кожа с леки кръгови движения и кожата остава гладка и мека на допир.  Удобен за вкъщи, за чантата и за пътуване. Поръчай новия SÈLESTRE 2в1 от selestre.com ✨",https://selestre.com/products/kristal-premahvane-kosmi-selestre/
https://www.facebook.com/ads/library/?id=2103857940525637,Sèlestre - България,C. Hair-removal & hair-growth products,True,True,2026-07-17,2026-10-06,82,All,18,65,Bulgaria,579,95.0,4.5,0.5,1.4,12.2,44.8,27.4,11.6,2.6,8,66,244,149,65,15,0,4,12,8,2,0,shame/hiding & confidence,"SÈLESTRE е за жените, които обичат красотата да бъде лесна, подредена и винаги под ръка.  Селекция от компактни beauty продукти, създадени за модерното ежедневие - бърза подготовка, по-малко хаос в чантата и повече увереност във всеки момент.  За вкъщи. За пътуване. За офиса. За онези 5 минути, в които искаш да изглеждаш добре.  Открий продуктите на SÈLESTRE.",https://selestre.com/products/kristal-premahvane-kosmi-selestre/
https://www.facebook.com/ads/library/?id=1058915569991074,Sèlestre - България,C. Hair-removal & hair-growth products,True,False,2026-07-23,2026-09-15,55,All,18,65,Bulgaria,92840,93.7,5.7,0.6,13.2,29.4,35.1,16.6,4.8,0.9,11619,25737,30367,14245,4187,775,473,1394,2001,1053,244,75,failed/painful alternatives; summer/beach,"Точно преди морето осъзнаваш, че си забравила да махнеш косъмчетата по краката… 😅  Няма време за баня, бръсначки, кола маска или дълга подготовка. Точно в такива моменти оригиналният кристал на SÈLESTRE е нещото, което всяка жена трябва да има под ръка. ✨ Използва се директно върху суха кожа с леки кръгови движения. Само няколко минути и си готова за плажа. И най-хубавото е, че не е само за краката. Можеш да го използваш и за ръцете и други подходящи зони по тялото, когато забележиш нежелани кос",https://selestre.com/products/kristal-premahvane-kosmi-selestre/
https://www.facebook.com/ads/library/?id=1363630821995182,Sèlestre - България,C. Hair-removal & hair-growth products,True,False,2026-08-14,2026-09-15,33,All,18,65,Bulgaria,28318,96.9,2.5,0.6,5.1,26.1,46.6,18.0,3.4,0.8,1450,7515,13419,5105,943,202,36,177,291,174,49,24,mechanism/education; summer/beach,"Колко време ти трябва, за да се приготвиш за излизане? 😅  Не защото самият грим отнема толкова време. А защото точно когато бързаш започва:  „Къде ми е моливът за вежди?“ „Коя четка ми трябваше?“ „Къде оставих извивачката?“ „И защо косата ми пак ми е в лицето?“ 😩  И точно тук идва идеята на SÈLESTRE. ✨  Не да имаш повече продукти. А да имаш правилните продукти, които реално ти спестяват време, място и излишни стъпки.  💛 4в1 Makeup Beauty Pen Очна линия, молив за устни, молив за вежди и хайлайтър",https://selestre.com/
https://www.facebook.com/ads/library/?id=1389275136603084,Sèlestre - България,C. Hair-removal & hair-growth products,True,False,2026-08-19,2026-09-24,37,All,18,65,Bulgaria,27990,96.4,3.1,0.5,0.6,3.5,18.0,42.5,28.8,6.5,122,918,4864,11549,7850,1763,34,74,155,341,208,60,failed/painful alternatives; discount/urgency; summer/beach,"След 45 желанието да се чувстваш красива, поддържана и добре в кожата си не изчезва. 💛  Просто времето някак започва да не стига.  Работа. Семейство. Дом. Ангажименти. И в един момент записването на час, ходенето до салон и отделянето на половин ден за поредната процедура започват да изглеждат като още една задача в списъка.  А ти пак искаш да облечеш роклята си. Пак искаш краката ти да са гладки. Пак искаш да се погледнеш в огледалото и да се чувстваш добре.  Просто вече не ти се занимава със с",https://selestre.com/products/kristal-premahvane-kosmi-selestre/
https://www.facebook.com/ads/library/?id=1337397755048940,Sèlestre - България,C. Hair-removal & hair-growth products,True,True,2026-08-28,2026-10-06,40,All,18,65,Bulgaria,56382,90.2,9.3,0.5,2.0,21.9,47.6,21.9,5.6,1.0,1000,11375,24288,11516,3034,518,130,1126,2894,961,176,73,other,"Ако можеше да запазиш час за бъдещето… би ли отишла?  Деси го направи! И беше убедена, че там ще намери това, което търси.  Но дали бъдещето ще ѝ даде всички отговори?  Гледай докрай. 👀  SÈLESTRE Решението не е в бъдещето. То вече е тук!  https://selestre.com  —  Concept · Creative Direction · AI Production Deyan Simeonov · @bachevv",https://selestre.com/products/kristal-premahvane-kosmi-selestre/
https://www.facebook.com/ads/library/?id=1040625452199877,Sèlestre - България,C. Hair-removal & hair-growth products,True,False,2026-08-31,2026-09-28,29,All,18,65,Bulgaria,28568,93.9,5.5,0.6,3.4,15.0,34.8,28.4,14.2,4.3,921,4161,9681,7768,3961,1175,56,225,518,529,207,86,testimonial/story; social proof/reviews,"„Имах стария кристал на SÈLESTRE и честно казано още тогава много ми хареса, но новият е още по-добър! Първия път май натисках прекалено силно и минавах по една и съща зона по няколко пъти, а после разбрах, че тайната е в леките кръгови движения върху СУХА кожа. Без натиск, без бързане и без да търкаш едно място 100 пъти. 😄 Когато се използва правилно, кожата остава супер гладка и мека. А черната част за петите… е това вече ме спечели напълно! Върши страхотна работа, особено ако петите са по-сух",https://selestre.com/products/kristal-premahvane-kosmi-selestre/
https://www.facebook.com/ads/library/?id=3099216327136374,Sèlestre - България,C. Hair-removal & hair-growth products,True,False,2026-09-04,2026-09-30,27,All,18,65,Bulgaria,17480,93.1,6.2,0.8,5.7,17.5,35.3,27.9,11.0,2.7,953,2956,5894,4654,1882,453,61,175,428,333,84,31,failed/painful alternatives; mechanism/education; discount/urgency; summer/beach,"Един от онези продукти, за които си казваш: „Това ще е пълна глупост“… докато не го пробваш. 😅“  А после разбираш защо толкова жени не искат да остават без него. ✨  Кристалът за обезкосмяване на SÈLESTRE е създаден за моментите, в които просто искаш гладка и мека кожа без излишно усложняване.  Използва се директно върху СУХА кожа с леки кръгови движения - без бръснач, без ток, без батерии и без да превръщаш всяко обезкосмяване в цяла процедура.  💛 Премахва нежеланите косъмчета 💛 Ексфолира кожата",https://selestre.com/products/kristal-premahvane-kosmi-selestre/
https://www.facebook.com/ads/library/?id=3567602820069483,Sèlestre - България,C. Hair-removal & hair-growth products,True,True,2026-09-30,2026-10-06,7,All,18,65,Bulgaria,9820,94.7,4.6,0.7,4.5,18.2,43.5,25.0,7.3,1.6,408,1695,4026,2298,686,142,31,74,198,117,22,10,mechanism/education; discount/urgency,"Още в Древен Египет гладката и мека кожа е била знак за красота. За да я постигнат, са търкали кожата с пемза. Днес същият принцип се побира в дланта ти – в нещо изключително нежно и ефикасно 👇  Кристалът на SÈLESTRE ✨ Бялата му страна има фина кристална повърхност. Минаваш с леки кръгови движения по суха кожа и космите изчезват – без дърпане и без болка. В същото време кристалът ексфолира и премахва мъртвите клетки, под които се крият подкожните косъмчета. Точно това съветват и дерматолозите – ",https://selestre.com/products/kristal-premahvane-kosmi-selestre/
https://www.facebook.com/ads/library/?id=37351294337850142,Veloura,C. Hair-removal & hair-growth products,True,False,2026-08-06,2026-08-21,16,All,18,65,Bulgaria,30538,88.7,10.7,0.6,38.0,37.7,16.7,5.1,1.7,0.8,10713,10187,4506,1376,485,221,971,1420,658,197,50,29,other,"Всеки път след бръснене едно и също?  Зачервяване. Малки пъпчици. Болезнени врастнали косъмчета.  VELOURA™ е създадена не само да подпомага забавянето на растежа, но и да се грижи за кожата след обезкосмяване.  Циперус Ротундус помага косъмчетата да растат по-фини и по-бавно, а пантенолът, хиалуронът и серамидите успокояват раздразнението и поддържат кожната бариера.  По-спокойна кожа. По-малко пъпчици. По-малко борба с врастналите косъмчета. 👇 https://velourabg.com/products/veloura-hair-removal",https://velourabg.com/products/veloura-hair-removal-serum
https://www.facebook.com/ads/library/?id=677035671010623,Waxx.me - България,C. Hair-removal & hair-growth products,True,False,2024-01-17,2026-02-02,748,All,18,65,Bulgaria,460587,84.1,15.0,1.0,27.8,37.8,22.8,8.5,2.2,0.9,114660,152690,97442,37363,10062,3876,21266,32721,14284,4213,940,665,shame/hiding & confidence,"Гладка кожа до 4 седмици? Възможно е - с WaXx!   ⭐⭐⭐⭐⭐ - Ивана Р. ""WaXx не само ми спести време, но и ми даде увереността, че кожата ми може да изглежда страхотно с минимални усилия.”  Довери се на WaXx за съвършена гладкост - по цялото тяло:  🍓 Интимна зона 🎀 Деликатни части 🙌 Ръце 🩰 Крака  Без болка. Лесно и бързо. От вкъщи.  Открий WaXx - обичана от ХИЛЯДИ жени по целия свят! 👩👩‍🦱👩‍🦰  ⌚️ Не губи време, поръчай сега! https://waxx.bg/",https://waxx.bg/
https://www.facebook.com/ads/library/?id=432581536163107,Waxx.me - България,C. Hair-removal & hair-growth products,True,False,2024-05-15,2025-12-29,594,All,18,65,Bulgaria,846825,84.1,14.6,1.3,21.7,34.1,26.8,12.0,3.9,1.5,155755,242202,205241,95942,31634,11344,31011,55277,29310,9258,2517,1668,shame/hiding & confidence,"Гладка кожа до 4 седмици? Възможно е - с WaXx!   ⭐⭐⭐⭐⭐ - Ивана Р. ""WaXx не само ми спести време, но и ми даде увереността, че кожата ми може да изглежда страхотно с минимални усилия.”  Довери се на WaXx за съвършена гладкост - по цялото тяло:  🍓 Интимна зона 🎀 Деликатни части 🙌 Ръце 🩰 Крака  Без болка. Лесно и бързо. От вкъщи.  Открий WaXx - обичана от ХИЛЯДИ жени по целия свят! 👩👩‍🦱👩‍🦰  ⌚️ Не губи време, поръчай сега! https://waxx.bg/",https://waxx.bg/
https://www.facebook.com/ads/library/?id=1915747318930804,Waxx.me - България,C. Hair-removal & hair-growth products,True,False,2024-07-26,2026-02-04,559,All,18,65,Bulgaria,165171,86.4,12.7,0.9,38.8,32.4,20.8,6.0,1.3,0.8,58019,46511,30366,8754,1923,1198,7187,8045,4608,1305,240,184,mechanism/education,"🌟 Представяме ти WaXx - твоето решение за обезкосмяване без болка в домашни условия! 💖 Хипоалергенна и нежна към кожата ти, с нея ще кажеш ""Здравей"" на неустоимата гладкост! 🌸 Освободи богинята в себе си с WaXx - защото заслужаваш да сияеш! 💃 https://waxx.bg/",https://waxx.bg/
https://www.facebook.com/ads/library/?id=916539101118410,Waxx.me - България,C. Hair-removal & hair-growth products,True,False,2026-02-23,2026-05-20,87,All,18,65,Bulgaria,70522,89.4,9.9,0.7,29.8,37.5,24.1,7.0,1.1,0.5,18616,22347,14642,4255,682,296,1516,2959,1641,481,63,56,mechanism/education,"🌟 Представяме ти WaXx - твоето решение за обезкосмяване без болка в домашни условия! 💖 Хипоалергенна и нежна към кожата ти, с нея ще кажеш ""Здравей"" на неустоимата гладкост! 🌸 Освободи богинята в себе си с WaXx - защото заслужаваш да сияеш! 💃 https://waxx.bg/",https://waxx.bg/
https://www.facebook.com/ads/library/?id=1024666830108437,Waxx.me - България,C. Hair-removal & hair-growth products,True,False,2026-06-01,2026-07-01,31,All,18,65,Bulgaria,49598,92.3,6.7,1.0,34.0,38.1,20.0,6.2,1.1,0.6,15535,17243,9115,2747,484,246,963,1316,621,250,76,42,dynamic/catalog (copy not visible),{{product.brand}},https://waxx.bg/
https://www.facebook.com/ads/library/?id=1712791543295959,Waxx.me - България,C. Hair-removal & hair-growth products,True,False,2026-07-22,2026-08-04,14,All,18,65,Bulgaria,132500,93.1,6.2,0.7,21.3,39.7,29.0,8.0,1.4,0.6,26012,47777,34832,9465,1634,661,1341,3243,2379,791,180,80,dynamic/catalog (copy not visible),{{product.brand}},https://waxx.bg/
https://www.facebook.com/ads/library/?id=702333062895944,Carnium Botanicals Bulgaria,D. Intimate care,True,False,2025-10-09,2025-10-21,13,Women,18,65,Bulgaria,55978,100.0,0.0,0.0,5.7,13.4,20.0,28.6,20.4,11.8,3242,7666,11403,16332,11657,6744,0,0,0,0,0,0,other,"🌸Миризмата на вагината никога не прилича на аромата на рози, но ние, жените, се чудим каква е тази странна миризма „“там долу“ и дали е нормална.  Нашите женски тела заслужават само най-доброто 👉https://zdrave.carniumbotanicals.bg/kozmetika/intimno-zdrave",https://zdrave.carniumbotanicals.bg/kozmetika/intimno-zdrave
https://www.facebook.com/ads/library/?id=1246277880765285,Carnium Botanicals Bulgaria,D. Intimate care,True,False,2026-02-07,2026-06-29,143,Women,18,65,Bulgaria,91011,100.0,0.0,0.0,3.7,16.5,34.4,31.8,10.6,3.0,3378,14969,31265,28889,9664,2734,0,0,0,0,0,0,other,"Спортът, движението или интензивните тренировки често водят и до дискомфорт, сърбеж и неприятна миризма в интимната зона. FemFRESH 🌸 предлага лесно и надеждно решение. FemFRESH е интимен крем 2 в 1 – грижа и дезодорант, който помага да се запази свежестта и комфортът през целия ден. 🌹 Успокоява раздразненията след спорт, триене или бръснене, подпомага контрола на миризмите и поддържа естествения баланс на интимната зона.  💗 След тренировка, при раздразнения или просто за ежедневен комфорт – FemF",https://zdrave.carniumbotanicals.bg/kozmetika/femfresh
https://www.facebook.com/ads/library/?id=1288515696071047,Carnium Botanicals Bulgaria,D. Intimate care,True,False,2026-04-22,2026-05-19,28,Women,18,65,Bulgaria,138686,97.0,2.4,0.6,7.6,24.5,33.5,25.0,7.2,2.3,10260,32987,44943,33269,9510,2999,172,697,1028,1023,321,110,other,"Спортът, движението или интензивните тренировки често водят и до дискомфорт, сърбеж и неприятна миризма в интимната зона. FemFRESH 🌸 предлага лесно и надеждно решение. FemFRESH е интимен крем 2 в 1 – грижа и дезодорант, който помага да се запази свежестта и комфортът през целия ден. 🌹 Успокоява раздразненията след спорт, триене или бръснене, подпомага контрола на миризмите и поддържа естествения баланс на интимната зона.  💗 След тренировка, при раздразнения или просто за ежедневен комфорт – FemF",https://zdrave.carniumbotanicals.bg/kozmetika/femfresh
https://www.facebook.com/ads/library/?id=854896031025832,Carnium Botanicals Bulgaria,D. Intimate care,True,False,2026-05-23,2026-06-21,30,Women,18,65,Bulgaria,87068,97.5,2.1,0.4,21.4,39.8,23.8,11.5,2.4,1.1,18245,33845,20119,9686,1971,878,264,669,480,280,124,50,other,"За интимната грижа не се говори често, но всички знаем колко е неприятно, когато „там долу“ нещо не е в баланс. Сърбеж, сухота или просто онзи дискомфорт, при който не се чувствате напълно свежи… FemFRESH е лесното решение за всеки ден – без излишно усложняване. Подхранва и успокоява кожата (особено след бръснене), като същевременно запазва естествения баланс, без агресивни съставки и силни аромати. Точно това, от което имате нужда, за да се чувствате уверени през целия ден.  👉 Погрижете се за е",https://zdrave.carniumbotanicals.bg/kozmetika/femfresh
https://www.facebook.com/ads/library/?id=907011019083707,Carnium Botanicals Bulgaria,D. Intimate care,True,False,2026-06-17,2026-09-12,88,Women,18,65,Bulgaria,59570,96.7,2.8,0.5,9.6,23.3,32.4,24.6,7.6,2.5,5583,13436,18655,14123,4353,1436,100,381,509,453,157,51,other,"Спортът, движението или интензивните тренировки често водят и до дискомфорт, сърбеж и неприятна миризма в интимната зона. FemFRESH 🌸 предлага лесно и надеждно решение. FemFRESH е интимен крем 2 в 1 – грижа и дезодорант, който помага да се запази свежестта и комфортът през целия ден. 🌹 Успокоява раздразненията след спорт, триене или бръснене, подпомага контрола на миризмите и поддържа естествения баланс на интимната зона.  💗 След тренировка, при раздразнения или просто за ежедневен комфорт – FemF",https://zdrave.carniumbotanicals.bg/kozmetika/femfresh
https://www.facebook.com/ads/library/?id=1920743455552454,Carnium Botanicals Bulgaria,D. Intimate care,True,False,2026-08-01,2026-09-19,50,Women,18,65,Bulgaria,88490,96.3,3.1,0.6,23.5,31.5,21.4,15.2,5.8,2.6,20136,26768,18061,12836,4906,2188,408,817,654,533,213,78,other,"Тъй като и интимната ни зона се нуждае от специални грижи, в сътрудничество с експерти създадохме формула на интимен крем 2 в 1 – грижа и дезодорант едновременно! 🤩Съставен от естествени, безопасни, проверени съставки, които вагината Ви ще обикне веднага ⤵️ 🌿 Алое вера + хиалуронова киселина ще се погрижат за хидратацията. 🤍 Млечната киселина поддържа здравословното pH и се бори с възпаленията. 🌹 Антимикробното дуо (глицерил каприлат + ферментиран екстракт от мая) осигурява приятен аромат без из",https://zdrave.carniumbotanicals.bg/kozmetika/femfresh
https://www.facebook.com/ads/library/?id=2088005648740661,Carnium Botanicals Bulgaria,D. Intimate care,True,False,2026-08-05,2026-09-08,35,Women,18,65,Bulgaria,73618,96.5,2.8,0.7,32.5,37.5,16.7,9.4,2.6,1.3,23160,26650,11776,6637,1860,896,529,743,438,239,63,27,other,"Тъй като и интимната ни зона се нуждае от специални грижи, в сътрудничество с експерти създадохме формула на интимен крем 2 в 1 – грижа и дезодорант едновременно! 🤩Съставен от естествени, безопасни, проверени съставки, които вагината Ви ще обикне веднага ⤵️ 🌿 Алое вера + хиалуронова киселина ще се погрижат за хидратацията. 🤍 Млечната киселина поддържа здравословното pH и се бори с възпаленията. 🌹 Антимикробното дуо (глицерил каприлат + ферментиран екстракт от мая) осигурява приятен аромат без из",https://zdrave.carniumbotanicals.bg/kozmetika/femfresh
https://www.facebook.com/ads/library/?id=1362083595729522,InaEssentials - Семеен Онлайн Органичен Магазин за Био Козметика,D. Intimate care,True,True,2026-10-02,2026-10-06,5,All,18,65,Bulgaria,1129,96.0,3.4,0.6,4.6,33.7,39.9,18.3,2.6,0.9,50,367,433,197,28,9,2,14,14,8,0,0,other,"🌼 Ново от INA: FloraSync Active, интимна пяна с лайка.  Душ гелът е създаден за тялото. За интимната зона е нужна различна, по-нежна грижа.  FloraSync Active не измива всичко подред. Работи заедно с естествената флора, а не срещу нея.  🌿 Вода от лайка вместо обикновена вода, млечна киселина и 2 патентовани френски съставки.  👉 Пробвай първата интимна пяна на INA.",https://inaessentials.com/products/florasync-active-intimna-pyana-layka
https://www.facebook.com/ads/library/?id=1074699982034568,InaEssentials - Семеен Онлайн Органичен Магазин за Био Козметика,D. Intimate care,True,True,2026-10-02,2026-10-06,5,All,18,65,Bulgaria,445,97.6,2.0,0.4,5.8,25.1,37.3,24.0,6.2,1.6,26,110,162,107,27,7,0,3,5,0,1,0,other,"🌼 Ново от INA: FloraSync Active, интимна пяна с лайка.  Душ гелът е създаден за тялото. За интимната зона е нужна различна, по-нежна грижа.  FloraSync Active не измива всичко подред. Работи заедно с естествената флора, а не срещу нея.  🌿 Вода от лайка вместо обикновена вода, млечна киселина и 2 патентовани френски съставки.  👉 Пробвай първата интимна пяна на INA.",https://inaessentials.com/products/florasync-active-intimna-pyana-layka
https://www.facebook.com/ads/library/?id=1057293263840084,Kinnzy,D. Intimate care,True,True,2026-09-08,2026-10-06,29,Women,18,65,"Blagoevgrad, Bulgaria; Burgas, Bulgaria; Gabrovo, Bulgaria; Plovdiv, Bulgaria; Ruse, Bulgaria; Schumen, Shumen, Bulgaria; Sofia, Bulgaria; Stara Zagora, Bulgaria; Veliko Tarnovo, Bulgaria; Varna, Bulgaria",1266,92.9,6.4,0.7,6.9,33.3,39.6,15.8,3.4,1.0,75,403,479,183,43,12,13,24,27,17,1,1,other,Чисто. Свежо. Под ръка. ON.THE.GO.,http://kinnzy.com/
https://www.facebook.com/ads/library/?id=1435825221724029,Leyra ,D. Intimate care,True,True,2026-08-11,2026-10-06,57,Women,18,65,Bulgaria,579,100.0,0.0,0.0,10.3,16.8,31.3,23.4,11.6,6.7,60,98,183,137,68,39,0,0,0,0,0,0,shame/hiding & confidence,"🌸 Свежест, баланс и увереност – всеки ден!  Flora е създаден за ежедневна грижа за женската интимна зона и поддържане на естествения баланс на вагиналната микрофлора.  ✨ Подпомага естествения pH баланс 🌿 Поддържа полезните лактобацили 💗 Допринася за свежест и интимен комфорт 🌱 С натурални съставки 🔬 Формула, разработена с научен подход  За повече свежест, комфорт и увереност – всеки ден. 🌸  Опитайте Flora днес!",https://leyra.bg/products/flora
https://www.facebook.com/ads/library/?id=1066517199226937,Leyra ,D. Intimate care,True,True,2026-08-11,2026-10-06,57,Women,18,65,Bulgaria,136815,100.0,0.0,0.0,28.5,35.4,23.2,10.0,2.2,0.8,40056,49734,32625,14103,3065,1059,0,0,0,0,0,0,shame/hiding & confidence,"🌸 Свежест, баланс и увереност – всеки ден!  Flora е създаден за ежедневна грижа за женската интимна зона и поддържане на естествения баланс на вагиналната микрофлора.  ✨ Подпомага естествения pH баланс 🌿 Поддържа полезните лактобацили 💗 Допринася за свежест и интимен комфорт 🌱 С натурални съставки 🔬 Формула, разработена с научен подход  За повече свежест, комфорт и увереност – всеки ден. 🌸  Опитайте Flora днес!",https://leyra.bg/products/flora
https://www.facebook.com/ads/library/?id=1067157216308795,NONA-Свежест на всяка възраст,D. Intimate care,True,,,,,Women,18,65,Bulgaria,575,89.8,9.3,0.9,1.4,7.0,32.4,31.6,15.3,12.3,8,37,175,166,77,41,0,2,5,10,8,27,dynamic/catalog (copy not visible),,
https://www.facebook.com/ads/library/?id=1191200709556100,NONA-Свежест на всяка възраст,D. Intimate care,True,False,2025-10-13,2026-01-20,100,Women,18,65,Bulgaria,92741,93.3,5.7,0.9,0.6,3.1,13.5,34.8,31.7,16.3,425,2420,11513,29877,27389,13934,115,379,744,1725,1458,829,shame/hiding & confidence; failed/painful alternatives; testimonial/story,"Няма да забравя първия път, когато дъщеря ми ми каза: „Мамо, миришеш на баба.“  Стисна ми се гърлото. А аз бях на 47. Душ всеки ден. Нови дрехи. Скъп парфюм. И все пак… миризма, която не можех да скрия.  Първо си мислех, че е от праховете. После смених козметиката. Даже си купих онзи био ролон за 40 лева. Нищо. Никаква промяна. Дори косата ми започна да задържа този странен, сладникав мирис, който се появяваше няколко часа след баня.  Започнах да избягвам близост. С мъжа ми. С приятелките. Тази ",https://greece-books.com/nona
https://www.facebook.com/ads/library/?id=1477373863500233,NONA-Свежест на всяка възраст,D. Intimate care,True,False,2025-10-17,2026-05-27,223,Women,18,65,Bulgaria,215717,94.7,4.5,0.8,0.9,7.4,28.2,36.8,19.9,6.8,1650,15285,59174,77083,41756,14125,222,939,2512,3631,1902,803,shame/hiding & confidence; failed/painful alternatives; testimonial/story,"Няма да забравя първия път, когато дъщеря ми ми каза: „Мамо… миришеш различно.“  Стисна ми се гърлото. А аз бях на 47. Душ всеки ден. Нови дрехи. Скъп парфюм. И все пак – имаше аромат, който не можех да скрия.  Първо си мислех, че е от праха. После смених козметиката. Дори си купих онзи био ролон за 40 лева. Нищо. Никаква промяна.  Дори косата ми започна да задържа този сладникав мирис, който се появяваше няколко часа след баня. Започнах да избягвам близост – с мъжа ми, с приятелките... Беше ужа",https://nonaelixir.com/nona-2
https://www.facebook.com/ads/library/?id=1244002507287042,NONA-Свежест на всяка възраст,D. Intimate care,True,False,2025-10-17,2026-01-21,97,Women,18,65,Bulgaria,137616,86.3,12.7,1.0,0.6,4.2,29.3,43.8,16.3,5.8,608,4927,35074,51634,18928,6649,176,786,4484,7655,3128,1177,shame/hiding & confidence; failed/painful alternatives; testimonial/story,"Няма да забравя първия път, когато дъщеря ми ми каза: „Мамо, миришеш на баба.“  Стисна ми се гърлото. А аз бях на 47. Душ всеки ден. Нови дрехи. Скъп парфюм. И все пак… миризма, която не можех да скрия.  Първо си мислех, че е от праховете. После смених козметиката. Даже си купих онзи био ролон за 40 лева. Нищо. Никаква промяна. Дори косата ми започна да задържа този странен, сладникав мирис, който се появяваше няколко часа след баня.  Започнах да избягвам близост. С мъжа ми. С приятелките. Тази ",https://greece-books.com/nona
https://www.facebook.com/ads/library/?id=1946447495919775,NONA-Свежест на всяка възраст,D. Intimate care,True,False,2025-10-18,2026-05-27,222,Women,18,65,Bulgaria,120476,93.9,5.2,0.9,0.5,3.7,19.3,35.8,28.1,12.5,516,4097,22553,41856,33129,14539,124,484,1184,2252,1623,838,other,"„NONA ELIXIR е българска формула, създадена по японска технология. Не прикрива, а неутрализира източника на миризмата – с натурални съставки и научна прецизност. Открий NONA!“",https://nonaelixir.com/nona-2
https://www.facebook.com/ads/library/?id=1507513590489072,NONA-Свежест на всяка възраст,D. Intimate care,True,False,2025-11-10,2026-05-28,200,Women,18,65,Bulgaria,265457,90.9,8.3,0.7,0.5,3.6,15.8,35.1,30.1,14.9,1044,8612,39983,87844,75721,37343,273,1168,3240,8227,6674,3399,other,"„NONA ELIXIR е българска формула, създадена по японска технология. Не прикрива, а неутрализира източника на миризмата – с натурални съставки и научна прецизност. Открий NONA!“",https://nonaelixir.com/nona-2
https://www.facebook.com/ads/library/?id=876202478181519,NONA-Свежест на всяка възраст,D. Intimate care,True,False,2025-12-19,2025-12-27,9,All,18,65,Bulgaria,148617,89.4,9.8,0.8,0.5,3.1,22.5,38.4,20.6,14.9,518,3907,30634,51302,27574,18420,183,609,2346,5024,2826,3514,shame/hiding & confidence; failed/painful alternatives; testimonial/story,"Няма да забравя първия път, когато дъщеря ми ми каза: „Мамо, миришеш на баба.“  Стисна ми се гърлото. А аз бях на 47. Душ всеки ден. Нови дрехи. Скъп парфюм. И все пак… миризма, която не можех да скрия.  Първо си мислех, че е от праховете. После смених козметиката. Даже си купих онзи био ролон за 40 лева. Нищо. Никаква промяна. Дори косата ми започна да задържа този странен, сладникав мирис, който се появяваше няколко часа след баня.  Започнах да избягвам близост. С мъжа ми. С приятелките. Тази ",https://greece-books.com/nona
https://www.facebook.com/ads/library/?id=1531429851473511,NONA-Свежест на всяка възраст,D. Intimate care,True,False,2025-12-27,2026-01-08,13,All,18,65,Bulgaria,166256,90.5,8.5,1.0,0.5,3.3,25.4,38.3,19.0,13.4,646,4829,39993,59220,29400,18459,193,657,2239,4775,2461,3994,shame/hiding & confidence; failed/painful alternatives; testimonial/story,"Няма да забравя първия път, когато дъщеря ми ми каза: „Мамо, миришеш на баба.“  Стисна ми се гърлото. А аз бях на 47. Душ всеки ден. Нови дрехи. Скъп парфюм. И все пак… миризма, която не можех да скрия.  Първо си мислех, че е от праховете. После смених козметиката. Даже си купих онзи био ролон за 40 лева. Нищо. Никаква промяна. Дори косата ми започна да задържа този странен, сладникав мирис, който се появяваше няколко часа след баня.  Започнах да избягвам близост. С мъжа ми. С приятелките. Тази ",https://greece-books.com/nona
https://www.facebook.com/ads/library/?id=1574340166940042,NONA-Свежест на всяка възраст,D. Intimate care,True,False,2025-12-30,2026-01-24,26,All,18,65,Bulgaria,57033,88.1,11.6,0.3,0.5,2.3,9.3,24.0,24.7,39.2,194,1058,4869,12594,12726,18511,77,263,360,955,1234,3675,shame/hiding & confidence; failed/painful alternatives; testimonial/story,"Няма да забравя първия път, когато дъщеря ми ми каза: „Мамо, миришеш на баба.“  Стисна ми се гърлото. А аз бях на 47. Душ всеки ден. Нови дрехи. Скъп парфюм. И все пак… миризма, която не можех да скрия.  Първо си мислех, че е от праховете. После смених козметиката. Даже си купих онзи био ролон за 40 лева. Нищо. Никаква промяна. Дори косата ми започна да задържа този странен, сладникав мирис, който се появяваше няколко часа след баня.  Започнах да избягвам близост. С мъжа ми. С приятелките. Тази ",https://greece-books.com/nona
https://www.facebook.com/ads/library/?id=25394867526842126,NONA-Свежест на всяка възраст,D. Intimate care,True,False,2025-12-30,2026-02-17,50,Women,18,65,Bulgaria,17327,93.7,5.6,0.7,0.7,4.0,22.9,36.2,24.6,11.5,93,611,3739,5840,4003,1835,30,66,171,352,218,120,other,"Понякога проблемът не е в хигиената. Нито в парфюма. А в нещо, за което никой не говори.  NONA ELIXIR не прикрива миризмата. Тя неутрализира източника ѝ – нежно и естествено.  Българска формула. Вдъхновена от японска прецизност. Без аромат. Без маскиране.  👉 Открий NONA",https://nonaelixir.com/nona-2
https://www.facebook.com/ads/library/?id=853979344063961,NONA-Свежест на всяка възраст,D. Intimate care,True,False,2026-01-13,2026-01-29,17,Women,18,65,Bulgaria,57625,95.4,3.7,0.9,0.8,10.1,41.8,34.5,9.7,3.0,387,5491,22938,18671,5254,1601,63,238,642,819,248,104,dynamic/catalog (copy not visible),{{product.brand}},https://nonaelixir.com/nona-2
https://www.facebook.com/ads/library/?id=25668313312854742,NONA-Свежест на всяка възраст,D. Intimate care,True,False,2026-01-20,2026-02-05,17,Women,18,65,Bulgaria,59398,79.3,19.9,0.8,0.6,3.6,29.1,41.8,18.0,6.8,237,1628,14307,19850,8356,3196,98,484,3027,5035,2392,870,shame/hiding & confidence; failed/painful alternatives; testimonial/story,"Няма да забравя първия път, когато дъщеря ми ми каза: „Мамо, миришеш на баба.“  Стисна ми се гърлото. А аз бях на 47. Душ всеки ден. Нови дрехи. Скъп парфюм. И все пак… миризма, която не можех да скрия.  Първо си мислех, че е от праховете. После смених козметиката. Даже си купих онзи био ролон за 40 лева. Нищо. Никаква промяна. Дори косата ми започна да задържа този странен, сладникав мирис, който се появяваше няколко часа след баня.  Започнах да избягвам близост. С мъжа ми. С приятелките. Тази ",https://nonaelixir.com/nona-2
https://www.facebook.com/ads/library/?id=754361530764682,NONA-Свежест на всяка възраст,D. Intimate care,True,False,2026-02-19,2026-03-09,19,All,18,65,Bulgaria,45816,85.6,13.8,0.5,0.6,3.1,13.6,28.3,23.9,30.6,181,1074,5580,11556,9345,10279,98,272,392,903,1232,3236,discount/urgency,Изкъпана си. Чиста блуза. Любим парфюм.  …и пак към обяд нещо не е наред.  Това не е липса на хигиена. Това е 2-ноненал – естествен процес след 35+.  NONA ELIXIR не прикрива. Не замазва. Действа в дълбочина.  ✨ Само до 8 март 🎁 При поръчка над 30€ получаваш специален продукт подарък.  Малък жест от нас. Голяма разлика за теб.  Поръчай днес.,https://nonaelixir.com/nona-2
https://www.facebook.com/ads/library/?id=1296671085760526,NONA-Свежест на всяка възраст,D. Intimate care,True,False,2026-04-20,2026-07-08,80,Women,18,65,Bulgaria,52951,91.4,8.1,0.4,0.9,3.8,6.7,16.7,26.0,46.0,363,1593,3198,8448,13222,22802,108,434,403,571,816,2091,mechanism/education,"Има зони от тялото, за които почти не говорим.  Не защото са „проблем“. А защото са… лични.  Много жени след определена възраст започват да усещат, че под гърдите комфортът не е същият – дори след душ и чисти дрехи.  Това не е въпрос на хигиена. И със сигурност не е „само при теб“.  NONA е създаден специално за тази зона – с грижа, дискретност и уважение към тялото.  👉 Виж решението за зоната под гърдите.",https://nonaelixir.com/nona-2
https://www.facebook.com/ads/library/?id=2205142166917819,NONA-Свежест на всяка възраст,D. Intimate care,True,False,2026-05-14,2026-07-31,79,Women,18,65,Bulgaria,129023,90.0,9.5,0.5,1.2,7.1,20.5,30.0,24.9,16.2,1121,7716,23583,34831,28795,17827,379,1232,2183,2945,2589,2629,dynamic/catalog (copy not visible),{{product.brand}},https://nonaelixir.com/nona-2
https://www.facebook.com/ads/library/?id=1700480334325599,NONA-Свежест на всяка възраст,D. Intimate care,True,False,2026-05-28,2026-08-11,76,Women,18,65,Bulgaria,117906,87.5,11.9,0.6,0.6,3.1,14.1,30.7,30.8,20.8,473,2830,14545,32607,32511,21639,249,834,2093,3821,4143,3098,other,"„NONA ELIXIR е българска формула, създадена по японска технология. Не прикрива, а неутрализира източника на миризмата – с натурални съставки и научна прецизност. Открий NONA!“",https://nonaelixir.com/nona-2
https://www.facebook.com/ads/library/?id=1558371019211836,NONA-Свежест на всяка възраст,D. Intimate care,True,False,2026-05-29,2026-08-11,75,Women,18,65,Bulgaria,271649,88.9,10.5,0.6,0.5,3.3,14.7,33.6,29.1,18.8,939,7374,36438,83031,71611,44642,368,1578,3572,8565,7841,6795,other,"„NONA ELIXIR е българска формула, създадена по японска технология. Не прикрива, а неутрализира източника на миризмата – с натурални съставки и научна прецизност. Открий NONA!“",https://nonaelixir.com/nona-2
https://www.facebook.com/ads/library/?id=1774839977232828,NONA-Свежест на всяка възраст,D. Intimate care,True,False,2026-05-31,2026-09-04,97,All,18,65,Bulgaria,74323,88.7,10.9,0.5,1.2,4.6,14.2,29.0,28.3,22.5,687,2783,9764,20143,19497,14364,242,700,956,1756,1918,2672,shame/hiding & confidence; failed/painful alternatives; testimonial/story,"Няма да забравя първия път, когато дъщеря ми ми каза: „Мамо, миришеш на баба.“  Стисна ми се гърлото. А аз бях на 47. Душ всеки ден. Нови дрехи. Скъп парфюм. И все пак… миризма, която не можех да скрия.  Първо си мислех, че е от праховете. После смених козметиката. Даже си купих онзи био ролон за 40 лева. Нищо. Никаква промяна. Дори косата ми започна да задържа този странен, сладникав мирис, който се появяваше няколко часа след баня.  Започнах да избягвам близост. С мъжа ми. С приятелките. Тази ",https://nonaelixir.com/nona-2
https://www.facebook.com/ads/library/?id=960997227016752,NONA-Свежест на всяка възраст,D. Intimate care,True,False,2026-06-07,2026-06-15,9,Women,18,65,Bulgaria,53581,48.2,51.5,0.3,1.2,5.5,12.6,24.2,27.3,29.2,191,1001,3480,7491,7095,6110,422,1855,3139,5184,7257,9242,failed/painful alternatives,"Сменяш сутиена, пробваш друг модел, а усещането се връща. Понякога проблемът не е в сутиена. В жегата има едно място — точно под гърдите — където кожата стои на кожа и топлината просто няма къде да излезе. NONA ELIXIR помага да се неутрализира усещането там и поддържа кожата суха и спокойна цял ден. Не маскира — помага. 🇧🇬 Българска натурална козметика. ✅ 60 дни гаранция. 👉 Научи повече Заглавие: Понякога не сутиенът е виновен",https://nonaelixir.com/nona-2
https://www.facebook.com/ads/library/?id=2426006094545897,NONA-Свежест на всяка възраст,D. Intimate care,True,False,2026-06-07,2026-06-27,21,Women,18,65,Bulgaria,52107,80.7,18.9,0.4,0.5,2.3,5.4,19.0,34.8,38.1,127,731,1975,8264,15846,16122,122,466,863,1796,2700,4144,failed/painful alternatives,"Сменяш сутиена, пробваш друг модел, а усещането се връща. Понякога проблемът не е в сутиена. В жегата има едно място — точно под гърдите — където кожата стои на кожа и топлината просто няма къде да излезе. NONA ELIXIR помага да се неутрализира усещането там и поддържа кожата суха и спокойна цял ден. Не маскира — помага. 🇧🇬 Българска натурална козметика. ✅ 60 дни гаранция. 👉 Научи повече Заглавие: Понякога не сутиенът е виновен",https://nonaelixir.com/nona-2
https://www.facebook.com/ads/library/?id=973597392173239,NONA-Свежест на всяка възраст,D. Intimate care,True,False,2026-06-20,2026-07-10,21,Women,18,65,Bulgaria,39626,76.2,23.5,0.3,0.8,4.5,14.9,26.6,26.9,26.3,190,1085,4125,8061,8256,8149,122,669,1679,2319,2259,2155,other,"Къпеш се. Переш дрехите. Слагаш хубав парфюм.  И въпреки това след няколко часа усещането пак се връща?  Това не винаги е липса на хигиена. След 35 тялото може да започне да задържа по-специфична миризма, която обикновените душ гелове и парфюми само прикриват за кратко.  NONA ELIXIR е създаден точно за този момент — когато не искаш да маскираш, а да започнеш грижа от източника.  Свежест без тежък парфюм. 60 дни гаранция.",https://nonaelixir.com/nona-2
https://www.facebook.com/ads/library/?id=1346703314198067,NONA-Свежест на всяка възраст,D. Intimate care,True,False,2026-07-27,2026-08-11,16,Women,18,65,Bulgaria,122648,91.7,7.9,0.5,4.0,14.2,30.5,28.6,15.0,7.6,4684,16337,35741,33331,17347,8204,384,1552,2494,2568,1580,1341,dynamic/catalog (copy not visible),{{product.brand}},https://nonaelixir.com/nona2
https://www.facebook.com/ads/library/?id=1604944721346747,NONA-Свежест на всяка възраст,D. Intimate care,True,False,2026-07-30,2026-08-12,14,Women,18,65,Bulgaria,56366,94.7,4.8,0.5,0.6,4.9,20.2,31.4,26.9,16.0,263,2463,10782,16759,14466,8447,75,247,485,762,619,500,other,"Подмишници. Под гърди. Врат. Деколте. Има зони, в които обикновеният продукт просто не е достатъчен.  NONA Elixir е концентрирана формула за точна грижа — без да покриваш цялото тяло, без тежък аромат, без излишен продукт.  Само там, където е нужно.",https://nonaelixir.com/nona-2
https://www.facebook.com/ads/library/?id=1741498720516293,NONA-Свежест на всяка възраст,D. Intimate care,True,False,2026-08-08,2026-08-17,10,Women,18,65,Bulgaria,66848,93.8,5.5,0.7,0.6,4.8,19.0,33.1,24.9,17.6,327,3010,12287,21251,15867,9807,61,166,281,619,685,1870,dynamic/catalog (copy not visible),{{product.brand}},https://nonaelixir.com/nona5
https://www.facebook.com/ads/library/?id=2883131222044354,NONA-Свежест на всяка възраст,D. Intimate care,True,True,2026-08-21,2026-10-06,47,Women,18,65,Bulgaria,117093,95.0,4.2,0.8,0.4,3.2,16.0,34.8,30.1,15.4,419,3547,18380,39710,34560,17633,81,312,675,1775,1480,741,other,"„NONA ELIXIR е българска формула, създадена по японска технология. Не прикрива, а неутрализира източника на миризмата – с натурални съставки и научна прецизност. Открий NONA!“",https://nonaelixir.com/nona-2
https://www.facebook.com/ads/library/?id=1088633280517900,NONA-Свежест на всяка възраст,D. Intimate care,True,False,2026-08-21,2026-09-22,33,Women,18,65,Bulgaria,29471,95.7,3.7,0.6,1.0,6.1,22.3,33.7,24.4,12.4,240,1675,6332,9574,6989,3514,45,123,226,349,222,137,other,"Дезодорантът е за подмишниците. А останалата кожа?  Тил. Зад ушите. Под гърдите. Деколте.  Точно за тези зони е създаден NONA Elixir — ежедневна грижа за свежестта на кожата след 40.  Нанася се след душ и остава върху кожата там, където има нужда.",https://nonaelixir.com/nona6
https://www.facebook.com/ads/library/?id=4432972193616800,NONA-Свежест на всяка възраст,D. Intimate care,True,True,2026-08-21,2026-10-06,47,Women,18,65,Bulgaria,45852,96.4,2.9,0.7,0.6,5.6,26.4,34.9,22.8,9.7,233,2467,11911,15641,10284,4338,39,130,256,500,305,141,other,"Подмишници. Под гърди. Врат. Деколте. Има зони, в които обикновеният продукт просто не е достатъчен.  NONA Elixir е концентрирана формула за точна грижа — без да покриваш цялото тяло, без тежък аромат, без излишен продукт.  Само там, където е нужно.",https://nonaelixir.com/nona-2
https://www.facebook.com/ads/library/?id=2580471312406197,NONA-Свежест на всяка възраст,D. Intimate care,True,True,2026-08-26,2026-10-06,42,Women,18,65,Bulgaria,91069,96.9,2.5,0.6,4.8,22.9,37.8,25.5,7.0,2.1,4274,20596,34022,22837,6244,1839,110,527,788,632,180,69,other,"Пудра. Влажни кърпички. Още парфюм. Резервно бельо в чантата.  Всяко от тях е спешна мярка. Действа час-два, после започваш отначало — и цял ден носиш в главата си една допълнителна задача.  Има и друг начин: една стъпка сутрин, преди изобщо да е започнало.  NONA Elixir се нанася върху чиста и суха кожа след душа и остава там. Не носиш нищо, не търсиш място, не проверяваш.  👉 Поръчай с плащане при доставка",https://nonaelixir.com/nona2
https://www.facebook.com/ads/library/?id=29162339116686972,NONA-Свежест на всяка възраст,D. Intimate care,True,True,2026-08-28,2026-10-06,40,Women,18,65,Bulgaria,182228,93.1,6.4,0.5,0.5,3.8,13.3,28.3,31.9,22.3,866,6548,23546,49889,55963,38416,148,547,1218,3012,3839,3360,mechanism/education,"Никой не го казва на глас.  Свалям сутиена вечер и първото, което правя, е да отида до банята. Не защото е мръсно. Къпя се всеки ден.  Просто под гърдите става друго. Топло е, не диша, и към пет следобед вече го усещам.  Години си мислех, че съм само аз. После разбрах, че след 40 кожата отделя молекула, която обикновеният душ гел не хваща — 2-ноненал. Не се маскира с парфюм. Връща се.  NONA е направен точно за нея. Неутрализира я от източника, вместо да я прикрива.  Без аромат. Без алуминий.  🚚 ",https://nonaelixir.com/nona3
https://www.facebook.com/ads/library/?id=1686179092444176,NONA-Свежест на всяка възраст,D. Intimate care,True,False,2026-09-04,2026-09-13,10,Women,18,65,Bulgaria,44840,89.1,10.2,0.6,1.0,9.5,35.2,35.6,13.6,5.2,393,3632,13892,14113,5213,1875,54,498,1416,1410,727,371,other,"Прашката не е проблемът. И ти не си.  Жега, движение и часове в тесни дрехи могат да променят усещането за свежест — дори след сутрешния душ. Това не е липса на хигиена.  NONA Elixir е деликатна козметична грижа за външната интимна зона — там, където обикновеният дезодорант няма място.  Само за външна употреба. Дискретна доставка и плащане при получаване.  Виж предложението.",https://nonaelixir.com/nona2
https://www.facebook.com/ads/library/?id=28398712359724719,NONA-Свежест на всяка възраст,D. Intimate care,True,True,2026-09-12,2026-10-06,25,Women,18,65,Bulgaria,126,90.5,8.7,0.8,0.0,6.3,37.3,38.9,13.5,4.0,0,7,43,46,13,5,0,1,4,2,4,0,other,"Прашката не е проблемът. И ти не си.  Жега, движение и часове в тесни дрехи могат да променят усещането за свежест — дори след сутрешния душ. Това не е липса на хигиена.  NONA Elixir е деликатна козметична грижа за външната интимна зона — там, където обикновеният дезодорант няма място.  Само за външна употреба. Дискретна доставка и плащане при получаване.  Виж предложението.",https://nonaelixir.com/nona2
https://www.facebook.com/ads/library/?id=1079360854697631,NONA-Свежест на всяка възраст,D. Intimate care,True,True,2026-09-21,2026-10-06,16,Women,18,65,Bulgaria,20542,92.0,7.4,0.6,4.1,15.6,34.4,28.9,12.2,4.8,731,2930,6628,5573,2338,907,124,287,469,401,191,72,mechanism/education,"Дезодорантът е направен за подмишници: алкохол, парфюм, алуминиеви соли. Там върши работа. В интимната зона дразни и не решава нищо — защото проблемът там не е потта, а запарването: топло, притиснато, без въздух по цял ден.  NONA Elixir е направен точно за там. Деликатен натурален серум за външната интимна зона: една помпичка сутрин върху чиста и суха кожа, попива за секунди, свежест до вечерта.  Над 10 000 поръчки. 60 дни гаранция · плащане при доставка.  👉 Виж защо",https://nonaelixir.com/nona2
https://www.facebook.com/ads/library/?id=1085271337577697,NONA-Свежест на всяка възраст,D. Intimate care,True,True,2026-09-21,2026-10-06,16,Women,18,65,Bulgaria,247,82.6,17.0,0.4,0.4,7.7,32.0,30.4,15.8,13.8,1,17,66,65,30,25,0,2,13,9,9,9,shame/hiding & confidence; failed/painful alternatives,"Има един признак на възрастта, който огледалото не показва.  Не е бръчка. Не е побеляла коса. Не е нещо, което се крие с грим.  С годините кожата променя не само как изглежда — променя и естествения си аромат. Това е биология, не хигиена. Случва се и на жени, които се къпят всеки ден и носят скъп парфюм.  И се усеща само отблизо. При прегръдка. Когато някой се приближи.  NONA Elixir не е парфюм. Не прикрива с по-силен аромат — грижи се за самата кожа, в зоните, които обикновеният дезодорант не п",https://nonaelixir.com/nonaa
https://www.facebook.com/ads/library/?id=1414040494218350,NONA-Свежест на всяка възраст,D. Intimate care,True,True,2026-09-21,2026-10-06,16,Women,18,65,Bulgaria,1768,92.1,7.1,0.9,1.1,5.8,19.2,34.6,26.2,13.0,13,79,322,592,459,215,7,26,25,32,18,21,other,"Дезодорантът е за подмишниците. А останалата кожа?  Тил. Зад ушите. Под гърдите. Деколте.  Точно за тези зони е създаден NONA Elixir — ежедневна грижа за свежестта на кожата след 40.  Нанася се след душ и остава върху кожата там, където има нужда.",https://nonaelixir.com/nona6
https://www.facebook.com/ads/library/?id=1389566290020375,NONA-Свежест на всяка възраст,D. Intimate care,True,True,2026-09-21,2026-10-06,16,Women,18,65,Bulgaria,227,88.1,10.6,1.3,2.6,11.9,26.4,29.5,20.7,8.8,3,21,56,63,41,16,3,6,4,2,6,3,other,"„Помен нямам от миризмата.“  Това ни написа клиентка на NONA Elixir.  Нежният крем за външната интимна зона се нанася в тънък слой и помага за свежест и комфорт при топлина, влага и триене.  Имаш 60 дни да го опиташ. Ако не усетиш разликата — връщаме парите.",https://nonaelixir.com/nona2
https://www.facebook.com/ads/library/?id=1021611070799995,So Healthy,D. Intimate care,True,True,2026-07-17,2026-10-06,82,Women,18,65,Bulgaria,415580,100.0,0.0,0.0,14.5,28.9,32.3,17.8,4.9,1.4,64099,127921,142850,78850,21860,6392,0,0,0,0,0,0,shame/hiding & confidence; mechanism/education; summer/beach,"Бяло течение или неприятна интимна миризма, която се връща отново и отново?  Не си единствената.  Като фармацевт, това е един от проблемите, за които жените ми споделят най-често - обикновено шепнешком, сякаш е нещо срамно.  Не е.  Повечето жени минават през едно и също:  ⛔️ Сменят измивния гел.  ⛔️После пробват друг — ""по-нежен"", за ""за чувствителна зона"".  ⛔️ Добавят мокри кърпички в чантата ""за всеки случай"".  ⛔️ Стигат и до дезодориращи спрейове.  🔄 После проблемът се връща. Понякога по-упор",https://sohealthy.bg/products/pro-vagi-discharge-bad-odor
https://www.facebook.com/ads/library/?id=27667048609622212,So Healthy,D. Intimate care,True,True,2026-07-22,2026-10-06,77,Women,18,65,Bulgaria,275191,100.0,0.0,0.0,19.4,31.3,27.8,15.9,4.2,1.4,53054,85722,76129,43498,11581,3723,0,0,0,0,0,0,shame/hiding & confidence; mechanism/education; summer/beach,"Бяло течение или неприятна интимна миризма, която се връща отново и отново?  Не си единствената.  Като фармацевт, това е един от проблемите, за които жените ми споделят най-често - обикновено шепнешком, сякаш е нещо срамно.  Не е.  Повечето жени минават през едно и също:  ⛔️ Сменят измивния гел.  ⛔️После пробват друг — ""по-нежен"", за ""за чувствителна зона"".  ⛔️ Добавят мокри кърпички в чантата ""за всеки случай"".  ⛔️ Стигат и до дезодориращи спрейове.  🔄 После проблемът се връща. Понякога по-упор",https://sohealthy.bg/products/pro-vagi-discharge-bad-odor
https://www.facebook.com/ads/library/?id=1144171514846167,So Healthy,D. Intimate care,True,True,2026-09-11,2026-10-06,26,All,18,65,Bulgaria,138185,79.0,20.4,0.6,23.9,30.0,27.6,13.7,3.6,1.2,27023,30591,30972,16549,4458,1516,6372,11261,7672,2590,533,216,shame/hiding & confidence; mechanism/education; summer/beach,"Бяло течение или неприятна интимна миризма, която се връща отново и отново?  Не си единствената.  Това е един от проблемите, за които жените споделят най-често - обикновено шепнешком, сякаш е нещо срамно.  Не е.  Повечето жени минават през едно и също:  ⛔️ Сменят измивния гел.  ⛔️После пробват друг — ""по-нежен"", ""за чувствителна зона"".  ⛔️ Добавят мокри кърпички в чантата ""за всеки случай"".  ⛔️ Стигат и до дезодориращи спрейове.  🔄 После проблемът се връща. Понякога по-упорито.  Причината е, че ",https://sohealthy.bg/products/pro-vagi-discharge-bad-odor
https://www.facebook.com/ads/library/?id=1072916705715629,So Healthy,D. Intimate care,True,True,2026-09-11,2026-10-06,26,All,18,65,Bulgaria,6866,94.3,5.2,0.5,13.0,25.1,34.7,19.2,5.4,2.4,831,1604,2276,1258,359,158,61,119,102,59,12,8,shame/hiding & confidence; mechanism/education; summer/beach,"Бяло течение или неприятна интимна миризма, която се връща отново и отново?  Не си единствената.  Това е един от проблемите, за които жените споделят най-често - обикновено шепнешком, сякаш е нещо срамно.  Не е.  Повечето жени минават през едно и също:  ⛔️ Сменят измивния гел.  ⛔️После пробват друг — ""по-нежен"", ""за чувствителна зона"".  ⛔️ Добавят мокри кърпички в чантата ""за всеки случай"".  ⛔️ Стигат и до дезодориращи спрейове.  🔄 После проблемът се връща. Понякога по-упорито.  Причината е, че ",https://sohealthy.bg/products/pro-vagi-discharge-bad-odor
https://www.facebook.com/ads/library/?id=880148415181187,So Healthy,D. Intimate care,True,True,2026-09-11,2026-10-06,26,All,18,65,Bulgaria,4972,91.7,7.5,0.8,15.8,27.1,33.5,15.7,5.1,2.8,689,1162,1512,711,232,130,63,139,99,43,15,4,shame/hiding & confidence; mechanism/education; summer/beach,"Бяло течение или неприятна интимна миризма, която се връща отново и отново?  Не си единствената.  Това е един от проблемите, за които жените споделят най-често - обикновено шепнешком, сякаш е нещо срамно.  Не е.  Повечето жени минават през едно и също:  ⛔️ Сменят измивния гел.  ⛔️После пробват друг — ""по-нежен"", ""за чувствителна зона"".  ⛔️ Добавят мокри кърпички в чантата ""за всеки случай"".  ⛔️ Стигат и до дезодориращи спрейове.  🔄 После проблемът се връща. Понякога по-упорито.  Причината е, че ",https://sohealthy.bg/products/pro-vagi-discharge-bad-odor
https://www.facebook.com/ads/library/?id=3326259537571621,So Healthy,D. Intimate care,True,True,2026-09-11,2026-10-06,26,All,18,65,Bulgaria,1303,91.0,8.4,0.6,14.3,27.0,35.6,16.2,4.3,2.6,168,308,444,205,55,34,22,48,30,10,1,1,shame/hiding & confidence; mechanism/education; summer/beach,"Бяло течение или неприятна интимна миризма, която се връща отново и отново?  Не си единствената.  Това е един от проблемите, за които жените споделят най-често - обикновено шепнешком, сякаш е нещо срамно.  Не е.  Повечето жени минават през едно и също:  ⛔️ Сменят измивния гел.  ⛔️После пробват друг — ""по-нежен"", ""за чувствителна зона"".  ⛔️ Добавят мокри кърпички в чантата ""за всеки случай"".  ⛔️ Стигат и до дезодориращи спрейове.  🔄 После проблемът се връща. Понякога по-упорито.  Причината е, че ",https://sohealthy.bg/products/pro-vagi-discharge-bad-odor
https://www.facebook.com/ads/library/?id=1347228890819917,So Healthy,D. Intimate care,True,True,2026-09-15,2026-10-05,21,Women,18,65,Bulgaria,642,100.0,0.0,0.0,19.6,26.5,30.4,15.2,5.2,3.1,125,169,194,97,33,20,0,0,0,0,0,0,shame/hiding & confidence; mechanism/education; summer/beach,"Бяло течение или неприятна интимна миризма, която се връща отново и отново?  Не си единствената.  Като фармацевт, това е един от проблемите, за които жените ми споделят най-често - обикновено шепнешком, сякаш е нещо срамно.  Не е.  Повечето жени минават през едно и също:  ⛔️ Сменят измивния гел.  ⛔️После пробват друг — ""по-нежен"", за ""за чувствителна зона"".  ⛔️ Добавят мокри кърпички в чантата ""за всеки случай"".  ⛔️ Стигат и до дезодориращи спрейове.  🔄 После проблемът се връща. Понякога по-упор",https://sohealthy.bg/products/pro-vagi-discharge-bad-odor
https://www.facebook.com/ads/library/?id=1743442153596877,So Healthy,D. Intimate care,True,True,2026-09-15,2026-10-06,22,Women,18,65,Bulgaria,51959,100.0,0.0,0.0,35.7,36.0,20.2,6.2,1.3,0.6,18701,18817,10592,3232,668,306,0,0,0,0,0,0,shame/hiding & confidence; mechanism/education; summer/beach,"Бяло течение или неприятна интимна миризма, която се връща отново и отново?  Не си единствената.  Като фармацевт, това е един от проблемите, за които жените ми споделят най-често - обикновено шепнешком, сякаш е нещо срамно.  Не е.  Повечето жени минават през едно и също:  ⛔️ Сменят измивния гел.  ⛔️После пробват друг — ""по-нежен"", за ""за чувствителна зона"".  ⛔️ Добавят мокри кърпички в чантата ""за всеки случай"".  ⛔️ Стигат и до дезодориращи спрейове.  🔄 После проблемът се връща. Понякога по-упор",https://sohealthy.bg/products/pro-vagi-discharge-bad-odor
https://www.facebook.com/ads/library/?id=2283103365595881,So Healthy,D. Intimate care,True,True,2026-09-15,2026-10-06,22,Women,18,65,Bulgaria,466,100.0,0.0,0.0,26.3,25.7,27.4,13.1,5.1,2.4,123,120,128,61,24,11,0,0,0,0,0,0,shame/hiding & confidence; mechanism/education; summer/beach,"Бяло течение или неприятна интимна миризма, която се връща отново и отново?  Не си единствената.  Като фармацевт, това е един от проблемите, за които жените ми споделят най-често - обикновено шепнешком, сякаш е нещо срамно.  Не е.  Повечето жени минават през едно и също:  ⛔️ Сменят измивния гел.  ⛔️После пробват друг — ""по-нежен"", за ""за чувствителна зона"".  ⛔️ Добавят мокри кърпички в чантата ""за всеки случай"".  ⛔️ Стигат и до дезодориращи спрейове.  🔄 После проблемът се връща. Понякога по-упор",https://sohealthy.bg/products/pro-vagi-discharge-bad-odor
https://www.facebook.com/ads/library/?id=2919914801705726,So Healthy,D. Intimate care,True,True,2026-09-15,2026-10-06,22,Women,18,65,Bulgaria,49075,100.0,0.0,0.0,29.0,35.0,25.4,8.3,1.7,0.6,14210,17139,12429,4054,832,302,0,0,0,0,0,0,shame/hiding & confidence; mechanism/education; summer/beach,"Бяло течение или неприятна интимна миризма, която се връща отново и отново?  Не си единствената.  Като фармацевт, това е един от проблемите, за които жените ми споделят най-често - обикновено шепнешком, сякаш е нещо срамно.  Не е.  Повечето жени минават през едно и също:  ⛔️ Сменят измивния гел.  ⛔️После пробват друг — ""по-нежен"", за ""за чувствителна зона"".  ⛔️ Добавят мокри кърпички в чантата ""за всеки случай"".  ⛔️ Стигат и до дезодориращи спрейове.  🔄 После проблемът се връща. Понякога по-упор",https://sohealthy.bg/products/pro-vagi-discharge-bad-odor
https://www.facebook.com/ads/library/?id=28282853761408370,So Healthy,D. Intimate care,True,True,2026-09-24,2026-10-06,13,All,18,65,Bulgaria,35344,93.6,5.9,0.5,13.8,25.5,36.0,17.9,4.8,2.0,4549,8260,11769,5858,1578,642,247,607,724,356,90,45,shame/hiding & confidence; mechanism/education; summer/beach,"Бяло течение или неприятна интимна миризма, която се връща отново и отново?  Не си единствената.  Това е един от проблемите, за които жените споделят най-често - обикновено шепнешком, сякаш е нещо срамно.  Не е.  Повечето жени минават през едно и също:  ⛔️ Сменят измивния гел.  ⛔️После пробват друг — ""по-нежен"", ""за чувствителна зона"".  ⛔️ Добавят мокри кърпички в чантата ""за всеки случай"".  ⛔️ Стигат и до дезодориращи спрейове.  🔄 После проблемът се връща. Понякога по-упорито.  Причината е, че ",https://sohealthy.bg/products/pro-vagi-discharge-bad-odor
https://www.facebook.com/ads/library/?id=4314138778803517,So Healthy,D. Intimate care,True,True,2026-09-24,2026-10-06,13,All,18,65,Bulgaria,8320,93.7,5.8,0.5,16.4,29.0,32.9,14.9,4.5,2.2,1264,2208,2572,1159,354,167,79,175,128,66,20,13,shame/hiding & confidence; mechanism/education; summer/beach,"Бяло течение или неприятна интимна миризма, която се връща отново и отново?  Не си единствената.  Това е един от проблемите, за които жените споделят най-често - обикновено шепнешком, сякаш е нещо срамно.  Не е.  Повечето жени минават през едно и също:  ⛔️ Сменят измивния гел.  ⛔️После пробват друг — ""по-нежен"", ""за чувствителна зона"".  ⛔️ Добавят мокри кърпички в чантата ""за всеки случай"".  ⛔️ Стигат и до дезодориращи спрейове.  🔄 После проблемът се връща. Понякога по-упорито.  Причината е, че ",https://sohealthy.bg/products/pro-vagi-discharge-bad-odor
https://www.facebook.com/ads/library/?id=1562455171709083,So Healthy,D. Intimate care,True,True,2026-09-24,2026-10-06,13,All,18,65,Bulgaria,1286,94.2,5.3,0.5,12.4,23.3,33.6,19.4,7.3,3.9,152,276,414,231,85,46,6,21,14,16,7,4,shame/hiding & confidence; mechanism/education; summer/beach,"Бяло течение или неприятна интимна миризма, която се връща отново и отново?  Не си единствената.  Това е един от проблемите, за които жените споделят най-често - обикновено шепнешком, сякаш е нещо срамно.  Не е.  Повечето жени минават през едно и също:  ⛔️ Сменят измивния гел.  ⛔️После пробват друг — ""по-нежен"", ""за чувствителна зона"".  ⛔️ Добавят мокри кърпички в чантата ""за всеки случай"".  ⛔️ Стигат и до дезодориращи спрейове.  🔄 После проблемът се връща. Понякога по-упорито.  Причината е, че ",https://sohealthy.bg/products/pro-vagi-discharge-bad-odor
https://www.facebook.com/ads/library/?id=1076633615084763,So Healthy,D. Intimate care,True,True,2026-09-24,2026-10-06,13,All,18,65,Bulgaria,955,91.7,7.4,0.9,9.1,20.7,35.7,22.7,6.6,5.2,81,181,321,205,58,46,8,19,21,15,5,4,shame/hiding & confidence; mechanism/education; summer/beach,"Бяло течение или неприятна интимна миризма, която се връща отново и отново?  Не си единствената.  Това е един от проблемите, за които жените споделят най-често - обикновено шепнешком, сякаш е нещо срамно.  Не е.  Повечето жени минават през едно и също:  ⛔️ Сменят измивния гел.  ⛔️После пробват друг — ""по-нежен"", ""за чувствителна зона"".  ⛔️ Добавят мокри кърпички в чантата ""за всеки случай"".  ⛔️ Стигат и до дезодориращи спрейове.  🔄 После проблемът се връща. Понякога по-упорито.  Причината е, че ",https://sohealthy.bg/products/pro-vagi-discharge-bad-odor
https://www.facebook.com/ads/library/?id=1796370131780020,Натурпродукт България,D. Intimate care,True,False,2026-08-03,2026-09-01,30,Women,24,64,Bulgaria,46727,100.0,0.0,0.0,0.5,6.4,12.2,28.2,52.7,0.0,213,2962,5592,12960,24217,0,0,0,0,0,0,0,other,"IntimoHelp Деликатна пяна почиства, освежава и подпомага естествения баланс на интимната зона. С грижа за микробиома. За комфорт, който остава с теб през целия ден.  Научи повече на - https://shorturl.at/IVutS",https://naturprodukt.bg/katalog/brand/intimohelp/?utm_source=meta&utm_medium=paid&utm_campaign=aug26&utm_term=traffic&utm_content=single_image
https://www.facebook.com/ads/library/?id=1082129697807203,Натурпродукт България,D. Intimate care,True,False,2026-08-03,2026-09-01,30,Women,24,64,Bulgaria,124505,100.0,0.0,0.0,1.9,18.8,18.7,25.2,35.4,0.0,2461,24156,24033,32422,45620,0,0,0,0,0,0,0,other,"IntimoHelp – грижа за всяка нужда.  Открий цялата серия IntimoHelp – ежедневна интимна хигиена, специализирана грижа и продукти, създадени да поддържат комфорта и естествения баланс на интимната зона. Научете повече за серията https://naturprodukt.bg/katalog/brand/intimohelp/",https://naturprodukt.bg/katalog/brand/intimohelp/?utm_source=meta&utm_medium=paid&utm_campaign=aug26&utm_term=traffic&utm_content=carousel
https://www.facebook.com/ads/library/?id=1735020534418205,Натурпродукт България,D. Intimate care,True,False,2026-08-13,2026-09-01,20,Women,18,65,Bulgaria,143123,100.0,0.0,0.0,1.2,3.9,7.5,18.1,32.2,37.1,1695,5717,11108,26563,47451,54603,0,0,0,0,0,0,dynamic/catalog (copy not visible),{{product.brand}},https://naturprodukt.bg/katalog/produkti/intimohelp-%d0%b4%d0%b5%d0%bb%d0%b8%d0%ba%d0%b0%d1%82%d0%bd%d0%b0-%d0%bf%d1%8f%d0%bd%d0%b0-%d0%b7%d0%b0-%d0%b8%d0%bd%d1%82%d0%b8%d0%bc%d0%bd%d0%b0-%d1%85%d0%b8%d0%b3%d0%b8%d0%b5%d0%bd%d0%b0-150/?utm_source=facebook&utm_medium=cpc&utm_campaign=instagram_august&utm_term=remarketing
https://www.facebook.com/ads/library/?id=1778373863350796,Натурпродукт България,D. Intimate care,True,False,2026-09-01,2026-10-01,31,Women,24,64,Bulgaria,124916,100.0,0.0,0.0,0.5,7.6,13.4,28.2,50.2,0.0,687,9627,16941,35622,63350,0,0,0,0,0,0,0,other,"Нежност там, където е най-необходима. 💗  IntimoHelp Деликатна пяна е създадена за ежедневната интимна грижа – с нежна формула, подходящо pH и съставки, които се грижат за естествения баланс на интимната зона.  Открий онлайн или в близката аптека.",https://naturprodukt.bg/katalog/produkti/intimohelp-%d0%b4%d0%b5%d0%bb%d0%b8%d0%ba%d0%b0%d1%82%d0%bd%d0%b0-%d0%bf%d1%8f%d0%bd%d0%b0-%d0%b7%d0%b0-%d0%b8%d0%bd%d1%82%d0%b8%d0%bc%d0%bd%d0%b0-%d1%85%d0%b8%d0%b3%d0%b8%d0%b5%d0%bd%d0%b0-150/?utm_source=facebook&utm_medium=cpc&utm_campaign=intimohelp_september_traffic&utm_term=single+images
https://www.facebook.com/ads/library/?id=1616630997166889,Натурпродукт България,D. Intimate care,True,False,2026-09-14,2026-10-01,18,All,20,60,Bulgaria,61189,83.6,16.2,0.3,0.7,7.2,14.6,37.7,39.7,0.0,375,3367,7466,19247,20626,0,80,1013,1442,3754,3584,0,other,"Търсиш нежна грижа за всеки ден? 💗  Избери IntimoHelp Деликатна пяна за нежно почистване, комфорт и поддържане на естествения баланс на интимната зона.   Открий онлайн или в близката аптека.",https://naturprodukt.bg/katalog/produkti/intimohelp-%d0%b4%d0%b5%d0%bb%d0%b8%d0%ba%d0%b0%d1%82%d0%bd%d0%b0-%d0%bf%d1%8f%d0%bd%d0%b0-%d0%b7%d0%b0-%d0%b8%d0%bd%d1%82%d0%b8%d0%bc%d0%bd%d0%b0-%d1%85%d0%b8%d0%b3%d0%b8%d0%b5%d0%bd%d0%b0-150/?utm_source=facebook&utm_medium=cpc&utm_campaign=intimohelp_september&utm_term=single+image
https://www.facebook.com/ads/library/?id=1735584977465250,ASIA health & beauty,E. Laser clinics,True,False,2026-05-12,2026-05-28,17,Women,18,65,"Lovech, Bulgaria; Pleven, Bulgaria; Veliko Tarnovo, Bulgaria; Vratza, Bulgaria",29601,100.0,0.0,0.0,6.8,10.2,17.8,31.9,16.8,16.6,2002,3017,5262,9428,4972,4900,0,0,0,0,0,0,discount/urgency; summer/beach,🔥 ПРОМО ОФЕРТА ЗА ЛАЗЕРНА ЕПИЛАЦИЯ 🔥  Погрижи се за себе си преди лятото с професионална лазерна епилация и специални пакетни цени! 💎  ✔️ Подходяща за всички зони ✔️ Бързи и комфортни процедури ✔️ Видим резултат още след първите процедури ✔️ Подходящо и за кожа с тен ✔️ Без врастнали косми и постоянно бръснене  📲За повече информация относно тази промоция и запазване на часове - пишете ни тук на страницата или на 0877 633 482😘,
https://www.facebook.com/ads/library/?id=1384507296687245,Abi Beauty,E. Laser clinics,True,False,2026-01-13,2026-02-02,21,Women,18,65,"Sofia, Bulgaria",106995,53.4,46.1,0.5,5.7,12.8,11.1,11.4,23.9,35.2,1942,3882,3579,5096,15421,26385,3966,9490,7985,6879,9639,10569,shame/hiding & confidence; mechanism/education,"Лазерната епилация не е просто удобство – тя е усещане за свобода, комфорт и увереност 💫 След процедурата кожата остава: ✔️ гладка ✔️ нежна ✔️ сияйна ✔️ без врастнали косми ✔️ без раздразнения  Забрави за бръснене, порязвания и постоянни притеснения 🌸 С лазерната епилация в Abi Beauty се радваш на дълготраен резултат и видимо по-здрава кожа още след първите процедури.  ✨ Погрижи се за себе си – защото го заслужаваш.  🫶🏻Искаш да запишеш час или имаш въпроси? Обади ни се на тел: 0890 200 100 Пиши ",https://reservation.abibeauty.bg/
https://www.facebook.com/ads/library/?id=1167757538465190,Abi Beauty,E. Laser clinics,True,False,2026-01-15,2026-05-21,127,Women,18,65,"Sofia, Bulgaria",191788,36.1,63.5,0.3,1.7,4.6,9.8,19.1,30.5,34.3,1643,2694,4368,9284,20630,30812,1617,6039,14299,27285,37819,34949,shame/hiding & confidence; mechanism/education,"Лазерната епилация не е просто удобство – тя е усещане за свобода, комфорт и увереност 💫 След процедурата кожата остава: ✔️ гладка ✔️ нежна ✔️ сияйна ✔️ без врастнали косми ✔️ без раздразнения  Забрави за бръснене, порязвания и постоянни притеснения 🌸 С лазерната епилация в Abi Beauty се радваш на дълготраен резултат и видимо по-здрава кожа още след първите процедури.  ✨ Погрижи се за себе си – защото го заслужаваш.  🫶🏻Искаш да запишеш час или имаш въпроси? Обади ни се на тел: 0890 200 100 Пиши ",https://abibeauty.bg/lazerna-epilacia/
https://www.facebook.com/ads/library/?id=2305166276913777,Abi Beauty,E. Laser clinics,True,True,2026-09-26,2026-10-06,11,Men,18,54,"Sofia, Bulgaria",7846,0.0,100.0,0.0,22.6,37.0,28.1,12.3,0.0,0.0,0,0,0,0,0,0,1791,2932,2228,979,0,0,discount/urgency,"💙 Мъже, време е да забравите за ежедневното бръснене!  Вземете своя ПОДАРЪК – лазерна епилация само за 0 € като нов клиент в Abi Beauty.  Изберете: ✔ Гърди или ✔ Подмишници  Лазерната епилация е бърз, ефективен и дълготраен начин да се отървете от нежеланото окосмяване, без ежедневно бръснене, раздразнения и враснали косми.  📲 Запиши се онлайн и вземи своя подарък още сега!  🫶🏻Искаш да запишеш час или имаш въпроси? Обади ни се на тел: 0890 200 100 Пиши ни тук www.abibeauty.bg  Имаме 6 локации в ",https://abibeauty.bg/giftpage/
https://www.facebook.com/ads/library/?id=1601202371743561,Abi Beauty,E. Laser clinics,True,True,2026-09-26,2026-10-06,11,Women,18,54,"Sofia, Bulgaria",4659,100.0,0.0,0.0,23.5,32.1,30.1,14.3,0.0,0.0,1112,1516,1420,676,0,0,0,0,0,0,0,0,discount/urgency,"Перфектен подарък за рожден ден, специален повод или просто за човек, когото искаш да зарадваш без причина.  За повече информация и закупуване на ваучер: 📲 0890 200 100 🌐 www.abibeauty.bg  #AbiBeauty #GiftVoucher #Подарък #Красота #BeautyGift ПодаръкЗаНея София",https://abibeauty.bg/giftpage/
https://www.facebook.com/ads/library/?id=1548701947059399,Abi Beauty,E. Laser clinics,True,True,2026-09-26,2026-10-06,11,All,25,54,"Sofia, Bulgaria",9961,89.8,9.0,1.2,0.0,40.3,39.1,20.6,0.0,0.0,0,3608,3521,1888,0,0,0,393,355,155,0,0,discount/urgency,"Запиши се през сайта ни и вземи БЕЗПЛАТНА лазерна епилация на избрана зона – за мъже и жени! 🤍  Кажи „сбогом“ на ежедневното бръснене, раздразненията и врасналите косъмчета и се наслади на гладка кожа с най-новото поколение лазерна технология.  💎 Подходящо за жени и мъже 💎 Бърза и комфортна процедура 💎 Дълготрайни резултати 💎 Безплатен подарък за всеки нов клиент след регистрация  🎁 Регистрирай се още днес и вземи своя подарък!  🌐 Запази час само през сайта: www.abibeauty.bg  #AbiBeauty #Лазерна",https://abibeauty.bg/giftpage/
https://www.facebook.com/ads/library/?id=1753947122537593,Abi Beauty,E. Laser clinics,True,True,2026-09-26,2026-10-06,11,Women,18,54,"Sofia, Bulgaria",9303,100.0,0.0,0.0,32.8,41.2,20.0,6.0,0.0,0.0,3096,3886,1890,569,0,0,0,0,0,0,0,0,other,"@yanitsavlladova ни се довери и избра да си направи лазерна епилация при нас.🤍  А ти готова ли си за кожа, която остава гладка години наред? ✨  🫶🏻Искаш да запишеш час или имаш въпроси? Обади ни се на тел: 0890 200 100 Пиши ни тук www.abibeauty.bg  Имаме 6 локации в гр. София: 📍ж.к. Дружба 2, сграда “Авигея” 📍ж.к. Дружба 1, ул. Тирана 187 📍ж.к. Лозенец, ул. Златовръх 5 📍Бул. Гоце Делчев 98 📍Бул. Ал. Стамболийски 27 📍Бул. Ломско Шосе 65",https://abibeauty.bg/giftpage/
https://www.facebook.com/ads/library/?id=1419568556966783,Abi Beauty,E. Laser clinics,True,True,2026-09-26,2026-10-06,11,Women,18,54,"Sofia, Bulgaria",13346,100.0,0.0,0.0,38.3,33.4,19.3,9.0,0.0,0.0,5007,4357,2527,1171,0,0,0,0,0,0,0,0,discount/urgency,"✨ ПОДАРЪК ЛАЗЕРНА ЕПИЛАЦИЯ ЗА НОВИ КЛИЕНТИ ✨  Мечтаеш за гладка кожа без ежедневно бръснене, раздразнения и враснали косми? Сега е идеалният момент да започнеш! 💖  🎁 Получи БЕЗПЛАТНА процедура лазерна епилация на: ✔ Пълен интим или ✔ Подмишници  Лазерната епилация е инвестиция в твоя комфорт, самочувствие и свободно време. Само няколко минути днес могат да ти спестят години бръснене утре.  📲 Запиши се онлайн и вземи своя подарък още сега!  🫶🏻Искаш да запишеш час или имаш въпроси? Обади ни се на ",https://abibeauty.bg/giftpage/
https://www.facebook.com/ads/library/?id=1428920112763079,Abi Beauty,E. Laser clinics,True,True,2026-09-26,2026-10-06,11,Women,25,54,"Sofia, Bulgaria",3161,100.0,0.0,0.0,0.0,35.9,44.2,19.9,0.0,0.0,0,1126,1386,623,0,0,0,0,0,0,0,0,failed/painful alternatives,"✨ Защо да избереш лазерна епилация:  ✔️ Дълготрайно намаляване на космите ✔️ По-гладка и мека кожа ✔️ По-малко враснали косъмчета и раздразнения ✔️ Спестява време от постоянно бръснене и кола маска ✔️ Подходяща за различни зони – лице, крака, подмишници, бикини и др.   След няколко процедури космите стават значително по-тънки, по-редки и растат много по-бавно.  А ти готова ли си за кожа, която остава гладка месеци наред? ✨  🫶🏻Искаш да запишеш час или имаш въпроси? Обади ни се на тел: 0890 200 10",http://reservation.abibeauty.bg/
https://www.facebook.com/ads/library/?id=1604756073895745,Allúre Beauty Studio,E. Laser clinics,True,False,2026-02-03,2026-02-14,12,Women,18,65,"Burgas Province, Bulgaria; Yambol, Yambol, Bulgaria",27916,100.0,0.0,0.0,9.0,10.2,7.6,9.4,20.7,43.1,2513,2860,2137,2639,5810,12096,0,0,0,0,0,0,shame/hiding & confidence; failed/painful alternatives; discount/urgency,"🔥 -50% ЛАЗЕРНА ЕПИЛАЦИЯ за МЪЖЕ и ЖЕНИ 🔥 Гладка кожа. Чист вид. Пълна увереност. Независимо дали искаш: ✔ перфектно гладки крака ✔ чист гръб и гърди ✔ оформена брада или врат ✔ поддържани подмишници и интимна зона 💥 САМО СЕГА – 50% ОТСТЪПКА ✅ Подходящо за жени и мъже ✅ Бързи процедури, дълготраен резултат ✅ Без болка и раздразнения ⏳ Ограничен брой часове! 📩 Запази своя час с ЛС или 📞 087 730 7877 📍 Бургас,ул.Трайко Китанчев 51  👉 Изглеждай добре. Чувствай се уверен. ДЕЙСТВАЙ СЕГА. Промоцията е ",
https://www.facebook.com/ads/library/?id=4387207808228130,BOMI Laser Studio,E. Laser clinics,True,False,2026-01-21,2026-02-18,29,Women,20,40,"Sofia City Province, Bulgaria",22267,100.0,0.0,0.0,21.2,53.1,25.7,0.0,0.0,0.0,4661,11654,5643,0,0,0,0,0,0,0,0,0,other,"🔥 Най-ниските цени за лазерна епилация с Elysion Pro в България  Лазерна епилация без компромис с резултата – с медицинския диоден лазер Elysion Pro, подходящ и за чувствителна кожа.  💥 Специални цени:  Интимна зона: 25€ → 20€  Цели ръце: 25€ → 20€  Цели крака: 40€ → 32€  📌 Повечето жени идват при нас със страх, съмнение или лош опит. Затова първо говорим – с безплатна консултация и индивидуална оценка. После ти решаваш.  ✔️ Сертифицирани специалисти ✔️ Индивидуален подход ✔️ Видими резултати с ",
https://www.facebook.com/ads/library/?id=1630704358295830,Beauty Derm,E. Laser clinics,True,True,2026-02-09,2026-10-06,240,Women,18,50,"Varna, Bulgaria",75344,100.0,0.0,0.0,24.6,38.0,26.0,11.3,0.0,0.0,18819,29068,19895,8609,0,0,0,0,0,0,0,0,shame/hiding & confidence,"Промо на диоден лазер за жени! Омръзна ли ти постоянното бръснене? Само след ден космите пак са там, а кожата е раздразнена.  Лазерната епилация на цели крака ти дава 👉 дълготрайна гладкост 👉 по-малко грижи 👉 повече увереност всеки ден  Гладка кожа. Без компромиси.",
https://www.facebook.com/ads/library/?id=824973963322210,CLINIC Varna Esthetic Dermatology,E. Laser clinics,False,False,2025-10-13,2025-11-13,32,All,19,65,"Varna Province, Bulgaria",19461,44.8,54.3,1.0,3.3,10.1,14.7,22.3,26.0,23.7,235,635,948,1661,2435,2804,398,1312,1884,2639,2567,1770,other,"Открийте специално подбрани предложения, създадени да подчертаят Вашата естествена красота.",https://fb.com/messenger_doc/
https://www.facebook.com/ads/library/?id=1331237678984594,Derma-Act,E. Laser clinics,True,False,2026-05-26,2026-07-06,42,Women,25,55,"Sofia, Bulgaria",97386,100.0,0.0,0.0,0.0,35.8,27.2,33.4,3.6,0.0,0,35186,26783,32910,3537,0,0,0,0,0,0,0,dynamic/catalog (copy not visible),{{product.brand}},https://derma-act.bg/p/lazerna-epilatsiya-intim-i-bikini-liniya-zheni-onlayn
https://www.facebook.com/ads/library/?id=1553064466201025,Derma-Act,E. Laser clinics,True,False,2026-08-12,2026-08-26,15,Women,22,47,"Sofia, Bulgaria",29502,100.0,0.0,0.0,3.4,25.5,49.5,21.6,0.0,0.0,1000,7462,14495,6315,0,0,0,0,0,0,0,0,shame/hiding & confidence; discount/urgency,"🔥 -50% на лазерна епилация Гладка и копринена кожа, без притеснения за косъмчета Elite+ комбинира два лазера за прецизен резултат, подходящ за всички типове кожа — без болка, без възстановителен период. ⏰ Часовете са ограничени Офертата е валидна за предплащане до 03.09.2026 и може да се използва до 15.10.2026 📞 Записване: 0700 700 23",https://derma-act.bg/shop/laserna-epilacia-categoria
https://www.facebook.com/ads/library/?id=1540699243656951,Dr Kamberova Aesthetic,E. Laser clinics,True,False,2026-02-13,2026-02-23,11,All,22,65,"Smolyan Province, Bulgaria",65106,34.2,65.1,0.6,10.4,28.4,19.0,17.9,15.2,9.1,2338,4376,3242,4056,4701,3278,4261,13708,8888,7410,5040,2557,discount/urgency,"✨ Само през март: -50% на пакет от 6 процедури за зона по избор  🔬 Лазерната епилация прекъсва порочния кръг на: • постоянни пъпки • сърбеж и раздразнение • врастнали косми • потъмняване на кожата  Като лекар дерматолог се уверявам, че екипът ми работи с медицинска, лицензирана апаратура и индивидуален подход към всяка кожа.  Лазерната епилация не е просто естетична процедура- тя е медицинско решение при фоликулити и псевдофоликулити.  ✨ Време е за гладка кожа. ✨ Време е за комфорт през цялата г",
https://www.facebook.com/ads/library/?id=2749615792066733,Dr Kamberova Aesthetic,E. Laser clinics,True,False,2026-03-24,2026-03-31,8,All,22,65,"Smolyan Province, Bulgaria",68445,33.7,65.5,0.8,12.5,32.3,17.3,16.3,12.9,8.7,3225,5599,2988,3700,4184,3323,5178,16225,8712,7369,4581,2591,discount/urgency,"✨ Само през март: -50% на пакет от 6 процедури за зона по избор  🔬 Лазерната епилация прекъсва порочния кръг на: • постоянни пъпки • сърбеж и раздразнение • врастнали косми • потъмняване на кожата  Като лекар дерматолог се уверявам, че екипът ми работи с медицинска, лицензирана апаратура и индивидуален подход към всяка кожа.  Лазерната епилация не е просто естетична процедура- тя е медицинско решение при фоликулити и псевдофоликулити.  ✨ Време е за гладка кожа. ✨ Време е за комфорт през цялата г",
https://www.facebook.com/ads/library/?id=1112073164832176,Dr Kamberova Aesthetic,E. Laser clinics,True,True,2026-09-13,2026-10-06,24,Women,22,65,"Smolyan Province, Bulgaria",117481,41.4,58.1,0.5,5.3,20.5,21.5,21.4,18.0,13.3,2259,7105,8848,10283,10574,8832,3805,16480,15864,14300,10243,6450,other,"Гладка кожа без ежедневното бръснене. ✨  Лазерната епилация е дългосрочен подход за редуциране на нежеланото окосмяване, който при правилно проведен курс може да Ви помогне да забравите за:  • честото бръснене • врастналите косъмчета • раздразнението и зачервяването • неприятното усещане след традиционна епилация  Всяка процедура започва с индивидуална преценка на кожата и окосмяването, за да бъде избран подходящ и безопасен протокол.  При работа в зоната на лицето лазерната епилация се извършва",
https://www.facebook.com/ads/library/?id=1482128346242731,G Point,E. Laser clinics,True,False,2026-05-27,2026-06-01,6,Women,20,45,Bulgaria,59739,100.0,0.0,0.0,19.7,49.8,29.0,1.5,0.0,0.0,11877,30020,17498,910,0,0,0,0,0,0,0,0,discount/urgency,"Пише се лазерна епилация - чете се СВО-БО-ДА.🆓 Без бръснене всеки ден. Без врастнали косми. 💬 Без ""чакай само да мина до банята"".  ✨Лазерната епилация на мишници в G Point е твоят летен life hack — гладка кожа без драма и без ежедневни грижи. Ела и се убеди сама, а ако си нов клиент - ще получиш 🎁подарък безплатна зона мишници или интим при регистрацията в сайта.📲https://gpoint.bg/",
https://www.facebook.com/ads/library/?id=2452080245306350,G Point,E. Laser clinics,True,True,2026-05-29,2026-10-06,131,Women,18,55,"Svilengrad, Bulgaria",26792,100.0,0.0,0.0,11.2,29.9,27.8,28.3,2.9,0.0,3129,8372,7773,7912,810,0,0,0,0,0,0,0,discount/urgency,"📣Внимание, Свиленград! В G Point чудесата са реалност: само сега ти 🔥ПОДАРЯВАМЕ ВАУЧЕР при 😍ВСЯКО посещение! Лазерната епилация никога не е била по-изгодна:   ✅ Направи си процедура цели крака – 45 € и ще 🎁 получиш ваучер за 15 €. ✅ Направи си процедура мишници – 19 € и ще 🎁 получиш ваучер за 5 €. ✅ Направи си процедура интим – 24 € и ще 🎁 получиш ваучер за 10 €.  💡 Как работи? 👉 При всяко посещение получаваш ваучер за следващата си процедура – спестявай, докато се грижиш за себе си!  Наслади се",https://gpoint.bg/?city=%D1%81%D0%B2%D0%B8%D0%BB%D0%B5%D0%BD%D0%B3%D1%80%D0%B0%D0%B4
https://www.facebook.com/ads/library/?id=1886767128684041,G Point,E. Laser clinics,True,True,2026-05-29,2026-10-06,131,Women,18,55,"Kardzhali, Kŭrdzhali, Bulgaria",36864,100.0,0.0,0.0,13.5,33.2,26.9,24.1,2.3,0.0,4889,12029,9724,8708,835,0,0,0,0,0,0,0,discount/urgency,"Кърджали, време е за истински резултати! Всяка регистрация = БЕЗПЛАТНА зона!🎁 Мишници или интим? Ти избираш! Ела на📲 сайта ни и вземи своя ПОДАРЪК!🤩 Твоята завинаги гладка кожа е в G Point и очаква ТЕБ!  Запази час с ✌️2 клика и се наслади на: ✔️ Лазерна епилация с ОКОНЧАТЕЛНИ резултати; ✔️ ТОП апаратура; ✔️ Цени без аналог; ✔️ Терапевти с експертиза;  ✔️ Грижа и лично отношение.  Без болка. Без компромиси. Само комфорт и красота. Убеди се сама!  📍 G Point Кърджали е на минути от теб - вземи без",https://gpoint.bg/?city=%D0%9A%D1%8A%D1%80%D0%B4%D0%B6%D0%B0%D0%BB%D0%B8
https://www.facebook.com/ads/library/?id=1710428573305905,G Point,E. Laser clinics,True,True,2026-05-29,2026-10-06,131,Women,18,55,"Sliwen, Sliven, Bulgaria",26129,100.0,0.0,0.0,14.1,31.8,25.6,26.1,2.5,0.0,3805,8571,6905,7033,664,0,0,0,0,0,0,0,discount/urgency,Лесно е като 1 + 2 = 3😉 По-малко косми и бръснене + трайно гладка кожа = Повече време за себе си. Красотата и свободата са бонус.  Сметката е ясна: ✔️Цели крака - 45 € ✔️Мишници - 19 € ✔️Пълен интим - 24 €  Лазерна епилация ❣G Point - просто си заслужава.📲 Запиши своя час и се убеди сама. След регистрацията ще ти подарим и 🎁ПОДАРЪК - зона по избор: мишници или интим.,https://gpoint.bg/?city=%D0%A1%D0%BB%D0%B8%D0%B2%D0%B5%D0%BD
https://www.facebook.com/ads/library/?id=1515952620236218,G Point,E. Laser clinics,True,True,2026-05-29,2026-10-06,131,Women,18,55,"Sliwen, Sliven, Bulgaria",13815,100.0,0.0,0.0,11.2,29.0,26.5,30.3,2.9,0.0,1573,4054,3716,4247,406,0,0,0,0,0,0,0,discount/urgency,"Сливен, време е за истински резултати! Всяка регистрация = БЕЗПЛАТНА зона!🎁 Мишници или интим? Ти избираш! Ела на📲 сайта ни и вземи своя ПОДАРЪК!🤩 Твоята завинаги гладка кожа е в G Point и очаква ТЕБ!  Запази час с ✌️2 клика и се наслади на: ✔️ Лазерна епилация с ОКОНЧАТЕЛНИ резултати; ✔️ ТОП апаратура; ✔️ Цени без аналог; ✔️ Терапевти с експертиза;  ✔️ Грижа и лично отношение.  Без болка. Без компромиси. Само комфорт и красота. Убеди се сама!  📍 G Point Сливен е на минути от теб - вземи безплат",https://gpoint.bg/?city=%D0%A1%D0%BB%D0%B8%D0%B2%D0%B5%D0%BD
https://www.facebook.com/ads/library/?id=994230673100736,G Point,E. Laser clinics,True,True,2026-05-29,2026-10-06,131,Women,18,55,"Kardzhali, Kŭrdzhali, Bulgaria",16123,100.0,0.0,0.0,9.4,29.4,29.4,28.9,2.9,0.0,1482,4632,4639,4559,454,0,0,0,0,0,0,0,discount/urgency,Лесно е като 1 + 2 = 3😉 По-малко косми и бръснене + трайно гладка кожа = Повече време за себе си. Красотата и свободата са бонус.  Сметката е ясна: ✔️Цели крака - 45 € ✔️Мишници - 19 € ✔️Пълен интим - 24 €  Лазерна епилация ❣G Point - просто си заслужава.📲 Запиши своя час и се убеди сама. След регистрацията ще ти подарим и 🎁ПОДАРЪК - зона по избор: мишници или интим.,https://gpoint.bg/?city=%D0%9A%D1%8A%D1%80%D0%B4%D0%B6%D0%B0%D0%BB%D0%B8
https://www.facebook.com/ads/library/?id=2190068601822876,G Point,E. Laser clinics,True,False,2026-06-02,2026-06-13,12,Women,20,45,Bulgaria,194900,100.0,0.0,0.0,13.6,43.4,39.7,3.4,0.0,0.0,26995,85860,78535,6651,0,0,0,0,0,0,0,0,discount/urgency,"Пише се лазерна епилация - чете се СВО-БО-ДА.🆓 Без бръснене всеки ден. Без врастнали косми. 💬 Без ""чакай само да мина до банята"".  ✨Лазерната епилация на мишници в G Point е твоят летен life hack — гладка кожа без драма и без ежедневни грижи. Ела и се убеди сама, а ако си нов клиент - ще получиш 🎁подарък безплатна зона мишници или интим при регистрацията в сайта.📲https://gpoint.bg/",
https://www.facebook.com/ads/library/?id=1564779031980285,G Point,E. Laser clinics,True,True,2026-06-02,2026-10-06,127,Women,18,55,"Svilengrad, Bulgaria",9717,100.0,0.0,0.0,11.2,30.8,26.1,28.9,3.1,0.0,1106,3049,2584,2857,304,0,0,0,0,0,0,0,discount/urgency,"📣Внимание, Свиленград! В G Point чудесата са реалност: само сега ти 🔥ПОДАРЯВАМЕ ВАУЧЕР при 😍ВСЯКО посещение! Лазерната епилация никога не е била по-изгодна:   ✅ Направи си процедура цели крака – 45 € и ще 🎁 получиш ваучер за 15 €. ✅ Направи си процедура мишници – 19 € и ще 🎁 получиш ваучер за 5 €. ✅ Направи си процедура интим – 24 € и ще 🎁 получиш ваучер за 10 €.  💡 Как работи? 👉 При всяко посещение получаваш ваучер за следващата си процедура – спестявай, докато се грижиш за себе си!  Наслади се",https://gpoint.bg/?city=%D1%81%D0%B2%D0%B8%D0%BB%D0%B5%D0%BD%D0%B3%D1%80%D0%B0%D0%B4
https://www.facebook.com/ads/library/?id=877066782128445,G Point,E. Laser clinics,True,True,2026-07-10,2026-10-06,89,Women,18,55,"Sofia, Bulgaria",543098,100.0,0.0,0.0,12.1,29.3,32.5,24.4,1.8,0.0,63837,155039,171948,128958,9722,0,0,0,0,0,0,0,discount/urgency,Лесно е като 1 + 2 = 3😉 По-малко косми и бръснене + трайно гладка кожа = Повече време за себе си. Красотата и свободата са бонус.  Сметката е ясна: ✔️Цели крака - 45 € ✔️Мишници - 19 € ✔️Пълен интим - 24 €  Лазерна епилация ❣G Point - просто си заслужава.📲 Запиши своя час и се убеди сама. След регистрацията ще ти подарим и 🎁ПОДАРЪК - зона по избор: мишници или интим.,https://gpoint.bg/#club
https://www.facebook.com/ads/library/?id=1328683552710904,G Point,E. Laser clinics,True,True,2026-07-10,2026-10-06,89,Women,18,55,"Sofia, Bulgaria",172985,100.0,0.0,0.0,9.6,28.2,33.9,26.3,2.1,0.0,16448,48208,57962,44910,3540,0,0,0,0,0,0,0,shame/hiding & confidence,"1 000 000 епилирани зони. Милион причини да избереш G Point.❣️ Понякога числата говорят по-силно от думите. Защото опитът не се обещава. Той се натрупва - зона по зона, резултат след резултат.  Това са милион доказателства. Зад тях стоят експертиза, прецизност и технология, която работи в твоя полза.✔ Зад тях стои увереността да знаеш, че си на правилното място.  G Point - твоето място за ✨лазерна епилация.",https://gpoint.bg/#club
https://www.facebook.com/ads/library/?id=1635856134184628,G Point,E. Laser clinics,False,True,2026-07-10,2026-10-06,89,Women,18,55,"Sofia, Bulgaria",587224,100.0,0.0,0.0,11.0,27.4,33.5,26.2,1.8,0.0,63475,158101,192984,151098,10488,0,0,0,0,0,0,0,shame/hiding & confidence,"📣Истинска лазерна революция в София!❣ G Point вече е навсякъде - с още 5 нови локации, за да сте само на една крачка от любимата си гладкост.🥰 Повече удобство. Повече достъпност. Същото безкомпромисно качество.  Открий G Point и тук: 📍 Дружба 1 - бл. 186 📍 Красно село / Белите брези - ул. Лерин 14 📍 Левски Г - ул. Могилите 2, магазин 59 📍 Овча Купел 1 - Мизия, ул. 761, магазин 1 📍 Красна Поляна - бл. 87, вх. 4  Повече локации = по-лесно да бъдеш с безупречна визия, увереност и в пълна готовност ",https://gpoint.bg/#club
https://www.facebook.com/ads/library/?id=1058135240247429,G Point,E. Laser clinics,True,True,2026-07-30,2026-10-06,69,Women,18,55,"Varna, Bulgaria",32556,100.0,0.0,0.0,8.8,28.3,39.2,22.4,1.4,0.0,2894,9289,12869,7358,454,0,0,0,0,0,0,0,shame/hiding & confidence,"1 000 000 епилирани зони. Милион причини да избереш G Point.❣️ Понякога числата говорят по-силно от думите. Защото опитът не се обещава. Той се натрупва - зона по зона, резултат след резултат.  Това са милион доказателства. Зад тях стоят експертиза, прецизност и технология, която работи в твоя полза.✔ Зад тях стои увереността да знаеш, че си на правилното място.  G Point - твоето място за ✨лазерна епилация.",https://gpoint.bg/?city=%D0%92%D0%B0%D1%80%D0%BD%D0%B0
https://www.facebook.com/ads/library/?id=1023345210341323,G Point,E. Laser clinics,True,True,2026-07-30,2026-10-06,69,Women,18,55,"Varna, Bulgaria",348432,100.0,0.0,0.0,13.5,30.9,32.7,21.6,1.3,0.0,47733,109315,115660,76362,4482,0,0,0,0,0,0,0,discount/urgency,Лесно е като 1 + 2 = 3😉 По-малко косми и бръснене + трайно гладка кожа = Повече време за себе си. Красотата и свободата са бонус.  Сметката е ясна: ✔️Цели крака - 45 € ✔️Мишници - 19 € ✔️Пълен интим - 24 €  Лазерна епилация ❣G Point - просто си заслужава.📲 Запиши своя час и се убеди сама. След регистрацията ще ти подарим и 🎁ПОДАРЪК - зона по избор: мишници или интим.,https://gpoint.bg/?city=%D0%92%D0%B0%D1%80%D0%BD%D0%B0
https://www.facebook.com/ads/library/?id=1411702257536650,G Point,E. Laser clinics,False,True,2026-07-30,2026-10-06,69,Women,18,55,"Varna, Bulgaria",255246,100.0,0.0,0.0,13.6,30.2,32.3,22.4,1.4,0.0,35305,78425,83950,58181,3710,0,0,0,0,0,0,0,other,Още по-близо до теб! Още едно студио във Варна!  📍 ул. Генерал Столетов №86 - до Медицинския университет! Повече локации. Повече удобство. Същото безкомпромисно качество.  🌊 Морската столица на България вече те очаква с цели 5️⃣ локации! ❣G Point — трайно гладка кожа. Бързо. Лесно. Удобно.,https://gpoint.bg/?city=%D0%92%D0%B0%D1%80%D0%BD%D0%B0
https://www.facebook.com/ads/library/?id=3184009808654340,G Point,E. Laser clinics,True,True,2026-07-30,2026-10-06,69,Women,18,55,"Plovdiv, Bulgaria",86851,100.0,0.0,0.0,7.4,27.3,38.1,25.6,1.6,0.0,6578,24358,33971,22831,1458,0,0,0,0,0,0,0,shame/hiding & confidence,"1 000 000 епилирани зони. Милион причини да избереш G Point.❣️ Понякога числата говорят по-силно от думите. Защото опитът не се обещава. Той се натрупва - зона по зона, резултат след резултат.  Това са милион доказателства. Зад тях стоят експертиза, прецизност и технология, която работи в твоя полза.✔ Зад тях стои увереността да знаеш, че си на правилното място.  G Point - твоето място за ✨лазерна епилация.",https://gpoint.bg/?city=%D0%9F%D0%BB%D0%BE%D0%B2%D0%B4%D0%B8%D0%B2
https://www.facebook.com/ads/library/?id=2144026433122255,G Point,E. Laser clinics,True,True,2026-07-30,2026-10-06,69,Women,18,55,"Plovdiv, Bulgaria",458983,100.0,0.0,0.0,14.8,32.2,31.2,20.5,1.3,0.0,67986,147870,143114,94388,6025,0,0,0,0,0,0,0,discount/urgency,"Пловдив, време е за истински резултати! Всяка регистрация = БЕЗПЛАТНА зона!🎁 Мишници или интим? Ти избираш! Ела на📲 сайта ни и вземи своя ПОДАРЪК!🤩 Твоята завинаги гладка кожа е в G Point и очаква ТЕБ!  Запази час с ✌️2 клика и се наслади на: ✔️ Лазерна епилация с ОКОНЧАТЕЛНИ резултати; ✔️ ТОП апаратура; ✔️ Цени без аналог; ✔️ Терапевти с експертиза;  ✔️ Грижа и лично отношение.  Без болка. Без компромиси. Само комфорт и красота. Убеди се сама!  📍 G Point Пловдив е на минути от теб - вземи безпл",https://gpoint.bg/?city=%D0%9F%D0%BB%D0%BE%D0%B2%D0%B4%D0%B8%D0%B
https://www.facebook.com/ads/library/?id=867250366238707,G Point,E. Laser clinics,True,True,2026-07-30,2026-10-06,69,Women,18,55,"Ruse, Bulgaria",74024,100.0,0.0,0.0,15.0,33.2,30.0,20.7,1.2,0.0,11460,25393,22911,15806,909,0,0,0,0,0,0,0,discount/urgency,Лесно е като 1 + 2 = 3😉 По-малко косми и бръснене + трайно гладка кожа = Повече време за себе си. Красотата и свободата са бонус.  Сметката е ясна: ✔️Цели крака - 45 € ✔️Мишници - 19 € ✔️Пълен интим - 24 €  Лазерна епилация ❣G Point - просто си заслужава.📲 Запиши своя час и се убеди сама. След регистрацията ще ти подарим и 🎁ПОДАРЪК - зона по избор: мишници или интим.,https://gpoint.bg/?city=%D0%A0%D1%83%D1%81%D0%B5
https://www.facebook.com/ads/library/?id=2867030886965280,G Point,E. Laser clinics,True,True,2026-07-30,2026-10-06,69,Women,18,55,"Ruse, Bulgaria",154697,100.0,0.0,0.0,16.0,34.4,28.6,19.7,1.3,0.0,24814,53346,44436,30541,2038,0,0,0,0,0,0,0,discount/urgency,"Русе, време е за истински резултати! Всяка регистрация = БЕЗПЛАТНА зона!🎁 Мишници или интим? Ти избираш! Ела на📲 сайта ни и вземи своя ПОДАРЪК!🤩 Твоята завинаги гладка кожа е в G Point и очаква ТЕБ!  Запази час с ✌️2 клика и се наслади на: ✔️ Лазерна епилация с ОКОНЧАТЕЛНИ резултати; ✔️ ТОП апаратура; ✔️ Цени без аналог; ✔️ Терапевти с експертиза;  ✔️ Грижа и лично отношение.  Без болка. Без компромиси. Само комфорт и красота. Убеди се сама!  📍 G Point Русе е на минути от теб - вземи безплатната",https://gpoint.bg/?city=%D0%A0%D1%83%D1%81%D0%B5
https://www.facebook.com/ads/library/?id=1618654506329389,G Point,E. Laser clinics,True,True,2026-09-16,2026-10-06,21,Women,18,55,"Shumen, Bulgaria",42758,100.0,0.0,0.0,14.0,30.6,31.4,22.5,1.4,0.0,6135,13440,13794,9883,609,0,0,0,0,0,0,0,discount/urgency,"Шумен, време е за истински резултати! Всяка регистрация = БЕЗПЛАТНА зона!🎁 Мишници или интим? Ти избираш! Ела на📲 сайта ни и вземи своя ПОДАРЪК!🤩 Твоята завинаги гладка кожа е в G Point и очаква ТЕБ!  Запази час с ✌️2 клика и се наслади на: ✔️ Лазерна епилация с ОКОНЧАТЕЛНИ резултати; ✔️ ТОП апаратура; ✔️ Цени без аналог; ✔️ Терапевти с експертиза;  ✔️ Грижа и лично отношение.  Без болка. Без компромиси. Само комфорт и красота. Убеди се сама!  📍 G Point Шумен е на минути от теб - вземи безплатна",https://gpoint.bg/?city=%D0%A8%D1%83%D0%BC%D0%B5%D0%BD
https://www.facebook.com/ads/library/?id=1755346522424439,G Point,E. Laser clinics,True,True,2026-09-16,2026-10-06,21,Women,18,55,"Vidin, Bulgaria",24118,100.0,0.0,0.0,18.3,37.8,25.9,16.7,1.2,0.0,4562,9419,6460,4152,307,0,0,0,0,0,0,0,discount/urgency,"Видин, време е за истински резултати! Всяка регистрация = БЕЗПЛАТНА зона!🎁 Мишници или интим? Ти избираш! Ела на📲 сайта ни и вземи своя ПОДАРЪК!🤩 Твоята завинаги гладка кожа е в G Point и очаква ТЕБ!  Запази час с ✌️2 клика и се наслади на: ✔️ Лазерна епилация с ОКОНЧАТЕЛНИ резултати; ✔️ ТОП апаратура; ✔️ Цени без аналог; ✔️ Терапевти с експертиза;  ✔️ Грижа и лично отношение.  Без болка. Без компромиси. Само комфорт и красота. Убеди се сама!  📍 G Point Видин е на минути от теб - вземи безплатна",https://gpoint.bg/?city=%D0%92%D0%B8%D0%B4%D0%B8%D0%BD
https://www.facebook.com/ads/library/?id=1613755617023255,G Point,E. Laser clinics,True,True,2026-09-16,2026-10-06,21,Women,18,55,"Veliko Tarnovo, Bulgaria",78710,100.0,0.0,0.0,14.4,34.7,29.8,19.9,1.2,0.0,11081,26775,23033,15371,914,0,0,0,0,0,0,0,discount/urgency,Лесно е като 1 + 2 = 3😉 По-малко косми и бръснене + трайно гладка кожа = Повече време за себе си. Красотата и свободата са бонус.  Сметката е ясна: ✔️Цели крака - 45 € ✔️Мишници - 19 € ✔️Пълен интим - 24 €  Лазерна епилация ❣G Point - просто си заслужава.📲 Запиши своя час и се убеди сама. След регистрацията ще ти подарим и 🎁ПОДАРЪК - зона по избор: мишници или интим.,https://gpoint.bg/?city=%D0%92%D0%B5%D0%BB%D0%B8%D0%BA%D0%BE%20%D0%A2%D1%8A%D1%80%D0%BD%D0%BE%D0%B2%D0%BE
https://www.facebook.com/ads/library/?id=3228323574165649,G Point,E. Laser clinics,True,True,2026-09-16,2026-10-06,21,Women,18,55,"Pleven, Bulgaria",30222,100.0,0.0,0.0,13.0,30.0,31.6,23.8,1.5,0.0,3949,9112,9614,7234,468,0,0,0,0,0,0,0,discount/urgency,"Плевен, време е за истински резултати! Всяка регистрация = БЕЗПЛАТНА зона!🎁 Мишници или интим? Ти избираш! Ела на📲 сайта ни и вземи своя ПОДАРЪК!🤩 Твоята завинаги гладка кожа е в G Point и очаква ТЕБ!  Запази час с ✌️2 клика и се наслади на: ✔️ Лазерна епилация с ОКОНЧАТЕЛНИ резултати; ✔️ ТОП апаратура; ✔️ Цени без аналог; ✔️ Терапевти с експертиза;  ✔️ Грижа и лично отношение.  Без болка. Без компромиси. Само комфорт и красота. Убеди се сама!  📍 G Point Плевен е на минути от теб - вземи безплат",https://gpoint.bg/?city=%D0%9F%D0%BB%D0%B5%D0%B2%D0%B5%D0%BD
https://www.facebook.com/ads/library/?id=2200865590489664,G Point,E. Laser clinics,True,True,2026-09-17,2026-10-06,20,Women,18,55,"Pazardjik, Bulgaria",28821,100.0,0.0,0.0,15.4,31.8,30.4,21.0,1.3,0.0,4455,9167,8777,6069,383,0,0,0,0,0,0,0,discount/urgency,"Пазарджик, време е за истински резултати! Всяка регистрация = БЕЗПЛАТНА зона!🎁 Мишници или интим? Ти избираш! Ела на📲 сайта ни и вземи своя ПОДАРЪК!🤩 Твоята завинаги гладка кожа е в G Point и очаква ТЕБ!  Запази час с ✌️2 клика и се наслади на: ✔️ Лазерна епилация с ОКОНЧАТЕЛНИ резултати; ✔️ ТОП апаратура; ✔️ Цени без аналог; ✔️ Терапевти с експертиза;  ✔️ Грижа и лично отношение.  Без болка. Без компромиси. Само комфорт и красота. Убеди се сама!  📍 G Point Пазарджик е на минути от теб - вземи б",https://gpoint.bg/?city=%D0%9F%D0%B0%D0%B7%D0%B0%D1%80%D0%B4%D0%B6%D0%B8%D0%BA
https://www.facebook.com/ads/library/?id=28442043795425867,G Point,E. Laser clinics,True,True,2026-09-17,2026-10-06,20,Women,18,55,"Gabrovo, Bulgaria",13328,100.0,0.0,0.0,14.2,31.9,28.8,23.6,1.5,0.0,1933,4345,3913,3204,210,0,0,0,0,0,0,0,discount/urgency,"Габрово, време е за истински резултати! Всяка регистрация = БЕЗПЛАТНА зона!🎁 Мишници или интим? Ти избираш! Ела на📲 сайта ни и вземи своя ПОДАРЪК!🤩 Твоята завинаги гладка кожа е в G Point и очаква ТЕБ!  Запази час с ✌️2 клика и се наслади на: ✔️ Лазерна епилация с ОКОНЧАТЕЛНИ резултати; ✔️ ТОП апаратура; ✔️ Цени без аналог; ✔️ Терапевти с експертиза;  ✔️ Грижа и лично отношение.  Без болка. Без компромиси. Само комфорт и красота. Убеди се сама!  📍 G Point Габрово е на минути от теб - вземи безпл",https://gpoint.bg/?city=%D0%93%D0%B0%D0%B1%D1%80%D0%BE%D0%B2%D0%BE
https://www.facebook.com/ads/library/?id=3846408255501822,G Point,E. Laser clinics,True,True,2026-09-17,2026-10-06,20,Women,18,55,"Vratza, Bulgaria",18593,100.0,0.0,0.0,13.4,31.6,30.4,22.9,1.7,0.0,2469,5840,5619,4237,310,0,0,0,0,0,0,0,discount/urgency,"Враца, време е за истински резултати! Всяка регистрация = БЕЗПЛАТНА зона!🎁 Мишници или интим? Ти избираш! Ела на📲 сайта ни и вземи своя ПОДАРЪК!🤩 Твоята завинаги гладка кожа е в G Point и очаква ТЕБ!  Запази час с ✌️2 клика и се наслади на: ✔️ Лазерна епилация с ОКОНЧАТЕЛНИ резултати; ✔️ ТОП апаратура; ✔️ Цени без аналог; ✔️ Терапевти с експертиза;  ✔️ Грижа и лично отношение.  Без болка. Без компромиси. Само комфорт и красота. Убеди се сама!  📍 G Point Враца е на минути от теб - вземи безплатна",https://gpoint.bg/?city=%D0%92%D1%80%D0%B0%D1%86%D0%B0
https://www.facebook.com/ads/library/?id=2132597200666669,G Point,E. Laser clinics,True,True,2026-09-17,2026-10-06,20,Women,18,55,"Kazanluk, Stara Zagora, Bulgaria",13742,100.0,0.0,0.0,13.8,28.7,32.0,24.0,1.5,0.0,1889,3942,4393,3301,206,0,0,0,0,0,0,0,discount/urgency,"Казанлък, време е за истински резултати! Всяка регистрация = БЕЗПЛАТНА зона!🎁 Мишници или интим? Ти избираш! Ела на📲 сайта ни и вземи своя ПОДАРЪК!🤩 Твоята завинаги гладка кожа е в G Point и очаква ТЕБ!  Запази час с ✌️2 клика и се наслади на: ✔️ Лазерна епилация с ОКОНЧАТЕЛНИ резултати; ✔️ ТОП апаратура; ✔️ Цени без аналог; ✔️ Терапевти с експертиза;  ✔️ Грижа и лично отношение.  Без болка. Без компромиси. Само комфорт и красота. Убеди се сама!  📍 G Point Казанлък е на минути от теб - вземи без",https://gpoint.bg/?city=%D0%9A%D0%B0%D0%B7%D0%B0%D0%BD%D0%BB%D1%8A%D0%BA
https://www.facebook.com/ads/library/?id=1646566280419535,G Point,E. Laser clinics,True,True,2026-09-17,2026-10-06,20,Women,18,55,"Montana, Bulgaria",16235,100.0,0.0,0.0,15.5,33.9,29.6,19.9,1.2,0.0,2539,5565,4861,3265,199,0,0,0,0,0,0,0,discount/urgency,"Монтана, време е за истински резултати! Всяка регистрация = БЕЗПЛАТНА зона!🎁 Мишници или интим? Ти избираш! Ела на📲 сайта ни и вземи своя ПОДАРЪК!🤩 Твоята завинаги гладка кожа е в G Point и очаква ТЕБ!  Запази час с ✌️2 клика и се наслади на: ✔️ Лазерна епилация с ОКОНЧАТЕЛНИ резултати; ✔️ ТОП апаратура; ✔️ Цени без аналог; ✔️ Терапевти с експертиза;  ✔️ Грижа и лично отношение.  Без болка. Без компромиси. Само комфорт и красота. Убеди се сама!  📍 G Point Монтана е на минути от теб - вземи безпл",https://gpoint.bg/?city=%D0%9C%D0%BE%D0%BD%D1%82%D0%B0%D0%BD%D0%B0
https://www.facebook.com/ads/library/?id=1057150097191827,G Point,E. Laser clinics,True,True,2026-09-18,2026-10-06,19,Women,18,55,"Asenovgrad, Bulgaria",15069,100.0,0.0,0.0,13.9,31.5,33.1,20.5,1.0,0.0,2136,4834,5088,3152,146,0,0,0,0,0,0,0,discount/urgency,Лесно е като 1 + 2 = 3😉 По-малко косми и бръснене + трайно гладка кожа = Повече време за себе си. Красотата и свободата са бонус.  Сметката е ясна: ✔️Цели крака - 45 € ✔️Мишници - 19 € ✔️Пълен интим - 24 €  Лазерна епилация ❣G Point - просто си заслужава.📲 Запиши своя час и се убеди сама. След регистрацията ще ти подарим и 🎁ПОДАРЪК - зона по избор: мишници или интим.,https://gpoint.bg/?city=%D0%90%D1%81%D0%B5%D0%BD%D0%BE%D0%B2%D0%B3%D1%80%D0%B0%D0%B4
https://www.facebook.com/ads/library/?id=2078065119767117,G Point,E. Laser clinics,True,True,2026-09-18,2026-10-06,19,Women,18,55,"Dimitrovgrad, Bulgaria",13479,100.0,0.0,0.0,15.3,31.3,31.8,20.3,1.2,0.0,2111,4311,4380,2790,172,0,0,0,0,0,0,0,discount/urgency,Лесно е като 1 + 2 = 3😉 По-малко косми и бръснене + трайно гладка кожа = Повече време за себе си. Красотата и свободата са бонус.  Сметката е ясна: ✔️Цели крака - 45 € ✔️Мишници - 19 € ✔️Пълен интим - 24 €  Лазерна епилация ❣G Point - просто си заслужава.📲 Запиши своя час и се убеди сама. След регистрацията ще ти подарим и 🎁ПОДАРЪК - зона по избор: мишници или интим.,https://gpoint.bg/?city=%D0%94%D0%B8%D0%BC%D0%B8%D1%82%D1%80%D0%BE%D0%B2%D0%B3%D1%80%D0%B0%D0%B4
https://www.facebook.com/ads/library/?id=1742476680376141,G Point,E. Laser clinics,True,True,2026-09-23,2026-10-06,14,Women,18,55,"Stara Zagora, Bulgaria",25256,100.0,0.0,0.0,23.9,27.1,26.1,21.5,1.4,0.0,5963,6773,6520,5380,362,0,0,0,0,0,0,0,discount/urgency,"Стара Загора, време е за истински резултати! Всяка регистрация = БЕЗПЛАТНА зона!🎁 Мишници или интим? Ти избираш! Ела на📲 сайта ни и вземи своя ПОДАРЪК!🤩 Твоята завинаги гладка кожа е в G Point и очаква ТЕБ!  Запази час с ✌️2 клика и се наслади на: ✔️ Лазерна епилация с ОКОНЧАТЕЛНИ резултати; ✔️ ТОП апаратура; ✔️ Цени без аналог; ✔️ Терапевти с експертиза;  ✔️ Грижа и лично отношение.  Без болка. Без компромиси. Само комфорт и красота. Убеди се сама!  📍 G Point Стара Загора е на минути от теб - в",https://gpoint.bg/?city=%D0%A1%D1%82%D0%B0%D1%80%D0%B0%20%D0%97%D0%B0%D0%B3%D0%BE%D1%80%D0%B0
https://www.facebook.com/ads/library/?id=1077187928242103,G Point,E. Laser clinics,True,True,2026-09-23,2026-10-06,14,Women,18,55,"Turgovishte, Tŭrgovishte, Bulgaria",8741,100.0,0.0,0.0,17.3,30.5,27.4,22.8,2.0,0.0,1524,2692,2424,2013,180,0,0,0,0,0,0,0,discount/urgency,Лесно е като 1 + 2 = 3😉 По-малко косми и бръснене + трайно гладка кожа = Повече време за себе си. Красотата и свободата са бонус.  Сметката е ясна: ✔️Цели крака - 45 € ✔️Мишници - 19 € ✔️Пълен интим - 24 €  Лазерна епилация ❣G Point - просто си заслужава.📲 Запиши своя час и се убеди сама. След регистрацията ще ти подарим и 🎁ПОДАРЪК - зона по избор: мишници или интим.,https://gpoint.bg/?city=%D0%A2%D1%8A%D1%80%D0%B3%D0%BE%D0%B2%D0%B8%D1%89%D0%B5
https://www.facebook.com/ads/library/?id=1628354338655214,G Point,E. Laser clinics,True,True,2026-09-23,2026-10-06,14,Women,18,55,"Burgas, Bulgaria",137113,100.0,0.0,0.0,27.6,33.1,23.2,15.3,0.9,0.0,38558,46311,32411,21406,1229,0,0,0,0,0,0,0,discount/urgency,Лесно е като 1 + 2 = 3😉 По-малко косми и бръснене + трайно гладка кожа = Повече време за себе си. Красотата и свободата са бонус.  Сметката е ясна: ✔️Цели крака - 45 € ✔️Мишници - 19 € ✔️Пълен интим - 24 €  Лазерна епилация ❣G Point - просто си заслужава.📲 Запиши своя час и се убеди сама. След регистрацията ще ти подарим и 🎁ПОДАРЪК - зона по избор: мишници или интим.,https://gpoint.bg/?city=%D0%91%D1%83%D1%80%D0%B3%D0%B0%D1%81
https://www.facebook.com/ads/library/?id=1069762465660956,G Point,E. Laser clinics,True,True,2026-09-23,2026-10-06,14,Women,18,55,"Dobrich, Bulgaria",21998,100.0,0.0,0.0,23.1,27.6,25.2,22.5,1.5,0.0,5056,6043,5505,4928,337,0,0,0,0,0,0,0,discount/urgency,"Добрич, време е за истински резултати! Всяка регистрация = БЕЗПЛАТНА зона!🎁 Мишници или интим? Ти избираш! Ела на📲 сайта ни и вземи своя ПОДАРЪК!🤩 Твоята завинаги гладка кожа е в G Point и очаква ТЕБ!  Запази час с ✌️2 клика и се наслади на: ✔️ Лазерна епилация с ОКОНЧАТЕЛНИ резултати; ✔️ ТОП апаратура; ✔️ Цени без аналог; ✔️ Терапевти с експертиза;  ✔️ Грижа и лично отношение.  Без болка. Без компромиси. Само комфорт и красота. Убеди се сама!  📍 G Point Добрич е на минути от теб - вземи безплат",https://gpoint.bg/?city=%D0%94%D0%BE%D0%B1%D1%80%D0%B8%D1%87
https://www.facebook.com/ads/library/?id=984332561362430,G Point,E. Laser clinics,True,True,2026-09-23,2026-10-06,14,Women,18,55,"Burgas, Bulgaria",27805,100.0,0.0,0.0,33.1,28.5,19.8,17.3,1.2,0.0,9320,8039,5586,4878,342,0,0,0,0,0,0,0,shame/hiding & confidence,"1 000 000 епилирани зони. Милион причини да избереш G Point.❣️ Понякога числата говорят по-силно от думите. Защото опитът не се обещава. Той се натрупва - зона по зона, резултат след резултат.  Това са милион доказателства. Зад тях стоят експертиза, прецизност и технология, която работи в твоя полза.✔ Зад тях стои увереността да знаеш, че си на правилното място.  G Point - твоето място за ✨лазерна епилация.",https://gpoint.bg/?city=%D0%91%D1%83%D1%80%D0%B3%D0%B0%D1%81
https://www.facebook.com/ads/library/?id=1380730130841216,G Point,E. Laser clinics,True,True,2026-09-23,2026-10-06,14,Women,18,55,"Haskovo, Bulgaria",23306,100.0,0.0,0.0,21.3,28.8,26.6,21.7,1.5,0.0,5024,6784,6272,5106,363,0,0,0,0,0,0,0,discount/urgency,"Хасково, време е за истински резултати! Всяка регистрация = БЕЗПЛАТНА зона!🎁 Мишници или интим? Ти избираш! Ела на📲 сайта ни и вземи своя ПОДАРЪК!🤩 Твоята завинаги гладка кожа е в G Point и очаква ТЕБ!  Запази час с ✌️2 клика и се наслади на: ✔️ Лазерна епилация с ОКОНЧАТЕЛНИ резултати; ✔️ ТОП апаратура; ✔️ Цени без аналог; ✔️ Терапевти с експертиза;  ✔️ Грижа и лично отношение.  Без болка. Без компромиси. Само комфорт и красота. Убеди се сама!  📍 G Point Хасково е на минути от теб - вземи безпл",https://gpoint.bg/?city=%D0%A5%D0%B0%D1%81%D0%BA%D0%BE%D0%B2%D0%BE
https://www.facebook.com/ads/library/?id=1356596503212144,G Point,E. Laser clinics,True,True,2026-09-23,2026-10-06,14,Women,18,55,"Blagoevgrad, Bulgaria",56148,100.0,0.0,0.0,26.4,34.2,24.1,14.5,0.8,0.0,14887,19284,13556,8186,424,0,0,0,0,0,0,0,discount/urgency,Лесно е като 1 + 2 = 3😉 По-малко косми и бръснене + трайно гладка кожа = Повече време за себе си. Красотата и свободата са бонус.  Сметката е ясна: ✔️Цели крака - 45 € ✔️Мишници - 19 € ✔️Пълен интим - 24 €  Лазерна епилация ❣G Point - просто си заслужава.📲 Запиши своя час и се убеди сама. След регистрацията ще ти подарим и 🎁ПОДАРЪК - зона по избор: мишници или интим.,https://gpoint.bg/?city=%D0%91%D0%BB%D0%B0%D0%B3%D0%BE%D0%B5%D0%B2%D0%B3%D1%80%D0%B0%D0%B4
https://www.facebook.com/ads/library/?id=1084708804295660,GM Studio,E. Laser clinics,True,True,2026-09-28,2026-10-06,9,Women,18,65,"Plovdiv, Bulgaria",1331,83.7,15.7,0.5,16.3,26.9,28.4,12.6,6.6,9.1,187,335,335,135,51,80,30,23,44,34,38,42,other,"🌷Искаш ниски цени за лазерна епилация без да се обвързваш с големи пакети за процедури? Възползвай се докато имаме свободни часове  👉Повече информация може да получите на посочени телефон: 📍 Пловдив, кв. Тракия, бул. Освобождение №39. 📍 Пловдив, кв. Хр.Смирненски, ул. Лерин №8. 📞 Запази час на: 0896806618",https://www.fresha.com/a/gm-studio-2-plovdiv-trakiya-plovdiv-bulevard-osvobozhdenie-39-fovqcxe0
https://www.facebook.com/ads/library/?id=1965503000660572,GRAND Лазерен Център by Mariana Aleksieva,E. Laser clinics,True,False,2025-10-13,2026-01-02,82,Women,18,65,"Burgas, Bulgaria",54642,58.4,41.0,0.6,16.4,24.2,19.1,16.2,11.9,12.1,5360,7310,6238,5207,4197,4633,3795,6265,4492,3875,2501,2186,other,"💛 Лазерна епилация с александритен лазер – технологията, която дава резултати още от първата процедура и променя всичко, което си свикнала да очакваш от методите за обезкосмяване.  🌟 Забрави за ежедневното бръснене, порязванията и дразненето – избери дълготрайна гладкост и комфорт! 🌟",https://grandlasercenter.com/lazerna-epilaciq/
https://www.facebook.com/ads/library/?id=1014461401032354,GRAND Лазерен Център by Mariana Aleksieva,E. Laser clinics,True,False,2026-06-04,2026-08-07,65,Women,18,65,"Burgas, Bulgaria",110359,41.4,58.2,0.4,6.9,13.1,17.4,23.1,23.3,16.2,2746,4032,6025,9391,12486,11024,4838,10327,13028,16054,13186,6759,shame/hiding & confidence; discount/urgency; summer/beach,"☀️Сега е моментът за гладка кожа без усилие с до -60% лазерна епилация 💥  ❌ Без бръснене всеки ден ❌ Без раздразнения ✅ Само увереност на плажа  💡 Колкото повече зони → толкова по-ниска цена. Комбинирай желаните зони от нашия ценоразпис на място или във уебсайта ни.  ⚠️ Местата се запълват бързо! 📩 Запази своя час на лично съобщение или телефон.  📍 Бургас, ж.к. Славейков 55, вх.19 (до партер) 📞 За записване: +359 898 823 344 https://grandlasercenter.com/",
https://www.facebook.com/ads/library/?id=1805980517380444,La Belle Clinic,E. Laser clinics,True,True,2026-10-04,2026-10-06,3,Women,24,65,"Varna, Bulgaria",4988,69.7,30.1,0.2,1.9,13.8,11.5,15.6,20.7,36.5,68,461,369,526,650,1370,28,219,198,243,366,431,discount/urgency,"🎂 La Belle празнува рожден ден, а подаръците са за теб! От 5 до 10 октомври включително празнуваме с повече грижа, красота и специални предложения за нея и за него. Избери своя любим пакет и се наслади на процедура подарък към него! 🎁 ✨ DERMA GLOW DUO — 80 € За нея и за него: почистване на лице с DermaClear + подарък 30 минути лимфодренаж с BTL Lymphastim. Два ритуала за грижа и време за себе си. ✨ SILKY DUO За нея — 70 €: лазерна епилация на цяла интимна зона + подарък лазерна епилация на подми",https://labelle.bg/
https://www.facebook.com/ads/library/?id=1496602691599595,Laser Derm,E. Laser clinics,True,False,2025-12-02,2025-12-20,19,Women,18,65,"Dulovo, Bulgaria",34327,51.6,48.0,0.4,4.5,9.2,11.6,18.0,28.8,27.9,564,1074,1369,2606,5397,6439,936,2017,2534,3453,4311,2961,social proof/reviews,"Александритният лазер е златният стандарт 🏅в лазерната епилация – и не случайно. Това е технологията, която стои зад изключителните резултати на GentleLase Pro, известен с бързина, ефективност и комфорт. Но какво точно го прави толкова eфективен?  🔬 Дължина на вълната, създадена за максимално поглъщане Александритният лазер работи на 755 nm – дължина на вълната, която се абсорбира изключително добре от меланина в косъма. Това води до по-добри резултати, включително при по-светли и тънки косми, с",
https://www.facebook.com/ads/library/?id=1167511598814308,Laser Expert,E. Laser clinics,True,False,2025-11-01,2025-11-30,30,All,18,65,"Sofia, Bulgaria",126697,37.0,61.6,1.4,6.6,11.9,17.2,22.7,24.3,17.4,2721,3569,5189,8738,13766,12642,5182,10980,16203,19594,16623,9118,shame/hiding & confidence,"🌟 Започни ноември с увереност и самочувствие!  Лазерната епилация не е просто процедура – тя е инвестиция в комфорт.  Възползвай се от ноемврийските ни промоции и направи крачка към по-сияйна кожа!   📞 087 577 5777 📍 София, бул. Александър Стамболийски 108",https://laserexpert.bg/
https://www.facebook.com/ads/library/?id=4505736946379598,MORE laser center,E. Laser clinics,True,False,2026-04-04,2026-05-01,28,All,18,65,"Burgas, Bulgaria",32403,54.2,45.3,0.5,3.4,8.3,11.2,14.9,27.2,35.1,507,1033,1428,2056,4675,7515,539,1591,2104,2635,3914,3589,discount/urgency,"✨ Лазерна епилация с видим резултат още след първите процедури  Забрави за бръснене, раздразнения и враснали косми. С модерна апаратура и безопасна технология постигаме гладка кожа без болка и без възстановителен период.  🎯 Специални пакети: • 3 процедури + ПОДАРЪК още 3 процедури • Видим ефект още след първите посещения • Подходящо за жени и мъже  💎 Работим с премиум лазерна технология за максимален резултат и комфорт  ⏳ Местата са ограничени!  👉 Запиши се сега и се възползвай от офертата",https://morelasercenter.com/
https://www.facebook.com/ads/library/?id=2193828231410286,Orange Aesthetics,E. Laser clinics,True,True,2026-06-04,2026-10-06,125,Women,18,55,"Sofia, Bulgaria",41480,92.4,6.8,0.8,9.2,20.2,36.0,32.5,2.1,0.0,3590,8004,14359,12866,832,0,323,615,959,964,57,0,discount/urgency,"Защо да се примирявате с временното, когато можете да имате гладка кожа завинаги? ✨ В Orange Aesthetics работим с GentleLase Pro – „Златният стандарт“ в лазерната епилация, признат от дерматолозите по целия свят.   За разлика от старите методи, този александритен лазер: ✅ Унищожава косъма трайно след само 4-6 процедури. ✅ Ефективен е дори при светли и тънки косми (предизвикателство за повечето лазери). ✅ Гарантира 89% по-малко окосмяване след завършен курс.",http://fb.me/
https://www.facebook.com/ads/library/?id=2458411064668790,Satori Clinics,E. Laser clinics,True,True,2026-08-06,2026-10-06,62,Women,20,50,"Sofia, Bulgaria",15563,100.0,0.0,0.0,27.0,50.0,17.8,5.2,0.0,0.0,4322,8006,2852,832,0,0,0,0,0,0,0,0,other,"Гладката кожа не познава сезони.☀️  Лазерната епилация може да бъде част от вашата грижа през цялата година, когато се извършва с правилната технология и индивидуален подход към кожата.  В нашите клиники работим с висок клас лазерни системи, които ни позволяват да подберем най-подходящия метод според типа кожа и особеностите на окосмяването:  ✨ Candela GentleLase Pro – високотехнологичен александритен лазер с дължина на вълната 755 nm, който осигурява прецизност, ефективност и комфорт благодарен",https://satorilaser.bg/product-category/procedura-lazerna-epilaciya/?_pol=zheni
https://www.facebook.com/ads/library/?id=964886106634150,Skin Line,E. Laser clinics,True,True,2026-09-21,2026-10-06,16,Women,18,65,"Plovdiv, Bulgaria; Sofia, Bulgaria; Varna, Bulgaria",49537,39.6,60.0,0.4,0.6,2.0,2.5,10.1,26.3,58.5,169,415,440,1420,4104,12249,118,513,756,3335,8341,15410,failed/painful alternatives; discount/urgency,"95% още не са го направили. А ти?  👉🏻 Според скорошно потребителско проучване едва около 1 от 20 жени е правила лазерна епилация през последните 5 години.  ⏰ А това означава, че милиони жени все още губят време в бръснене, кола маска, раздразнена кожа и враснали косъмчета.  ℹ️ Лазерната епилация не е просто процедура за обезкосмяване. Тя е начин да си върнеш времето и да спреш да мислиш за косъмчетата всяка седмица.  ✅ Започни сега. След няколко месеца ще се радваш, че си го направила. Запази св",https://skinline.bg/bg/lazerna-epilacia-varna-sofia/
https://www.facebook.com/ads/library/?id=2334112813679471,VM Aesthetics - Sofia,E. Laser clinics,True,False,2025-11-29,2025-12-06,8,Women,18,65,"Sofia, Bulgaria",164970,33.9,65.6,0.5,7.8,18.0,19.2,20.8,20.9,13.3,3877,5281,6509,10463,16437,13504,8972,24399,24984,23676,17957,8429,discount/urgency,"🖤 ЧЕРЕН ПЕТЪК във VM AESTHETICS 🖤 ⭐Големите намаления идват! Подготвили сме специални промоционални цени за жени и мъже. А на всички останалите зони важи -50% от базовата цена!💎  🌟 Запази своя час СЕГА 🌟 📞 +359 877 787 376  *Офертата е валидна от 28 Ноември 2025 г. до 05 Декември 2025 г. (включително), а извършването на процедури до 31 Януари 2026 г. Цените са за една процедура лазерна епилация на посочената зона. Промоционалните цени не могат да се комбинират с други промоции и отстъпки. Не мож",
https://www.facebook.com/ads/library/?id=28617279941196091,VM Aesthetics - Sofia,E. Laser clinics,True,False,2026-07-06,2026-08-01,27,All,18,45,"Sofia, Bulgaria",173778,36.6,62.9,0.5,12.2,34.7,47.3,5.7,0.0,0.0,9943,20373,29958,3851,0,0,11363,40284,52451,6123,0,0,other,"🌊 Вълнуващият морски Юли е тук, както и нашите специални месечни предложения: 🌅 🌟 Запази своя час СЕГА 🌟 📞 +359 877 787 376  #vmaesthetics #лазернаепилация #deka #laserhairremovaltreatment #dekalaser #laserhairremoval #july #summer",
https://www.facebook.com/ads/library/?id=1017952507970707,VM Aesthetics - Sofia,E. Laser clinics,False,False,2026-08-20,2026-09-01,13,All,18,45,"Sofia, Bulgaria",131382,34.6,64.8,0.5,11.3,33.2,49.9,5.5,0.0,0.0,6544,13350,22177,2634,0,0,7974,29386,41886,4436,0,0,other,"🌊Специалните ни предложения за месец Август: за безгрижни летни дни със сияйна и гладка кожа, са тук!    📍 гр. София, ул. „Хенрик Ибсен“ 3 📱 0877 787 376",
https://www.facebook.com/ads/library/?id=1650959832645129,VM aesthetics - Център за лазерна епилация,E. Laser clinics,True,False,2026-07-06,2026-08-01,27,All,18,35,"Pazardzhik Province, Bulgaria",71631,42.4,57.2,0.4,30.1,63.6,6.4,0.0,0.0,0.0,10808,18341,1852,0,0,0,11059,27972,2783,0,0,0,other,"🌊 Вълнуващият морски Юли е тук, както и нашите специални месечни предложения: 🌅 🌟 Запази своя час СЕГА 🌟 📞 +359 877 077 513  #vmaesthetics #лазернаепилация #deka #laserhairremovaltreatment #dekalaser #laserhairremoval #july #summer",
https://www.facebook.com/ads/library/?id=4565071427045525,VM aesthetics - Център за лазерна епилация,E. Laser clinics,True,False,2026-09-05,2026-10-01,27,All,18,35,"Pazardzhik Province, Bulgaria",58013,40.5,58.9,0.6,29.0,64.6,6.4,0.0,0.0,0.0,8435,14989,1464,0,0,0,9251,24476,2424,0,0,0,other,🍁 Започни есента с кадифено гладка кожа. ✨ Възползвай се от нашите специални промоционални цени през целия месец Септември. 🍂 🌟 Запази своя час СЕГА 🌟 📞 +359 877 077 513  #vmaesthetics #лазернаепилация #deka #laserhairremovaltreatment #dekalaser #laserhairremoval #september #autumn,
https://www.facebook.com/ads/library/?id=537808006084546,Vitalaiz Естетичен център,E. Laser clinics,False,True,2025-07-18,2026-10-06,446,Women,18,65,"Nesebar, Bulgaria; Burgas, Bulgaria; Nesebar, Bulgaria; Pomorie, Bulgaria",58552,87.6,11.8,0.6,2.3,10.1,24.6,31.3,21.6,10.0,1164,5131,12501,16245,11345,5287,173,797,1902,2123,1368,604,dynamic/catalog (copy not visible),{{product.brand}},https://vitalaiz.com/powershape2/
https://www.facebook.com/ads/library/?id=822174593540723,Vitalaiz Естетичен център,E. Laser clinics,True,True,2025-10-16,2026-10-06,356,Women,18,65,"Burgas, Bulgaria",59851,79.9,19.6,0.5,4.7,9.7,18.2,24.8,21.7,20.9,2381,4545,8165,11637,11151,11048,492,1398,2892,3432,2092,1711,shame/hiding & confidence; social proof/reviews,"„Не знам дали някога в живота си съм била толкова доволна от друга козметична услуга! Страхотно отношение от целия екип и великолепни резултати само след 𝟐 процедури! Препоръчвам на всеки, който иска да се раздели с космите, да посети този център! Благодаря ви! ❤️“  Ако и вие искате да изживеете уникално преживяване и да се радвате на впечатляващи резултати както нашата доволна клиентка Анастасия, не губете време!   Питате се кое прави лазерната епилация при нас, така обещаваща, ние ще ви отгово",https://vitalaiz.com/lazerna-epilatsiya-burgas/
https://www.facebook.com/ads/library/?id=1507570524022211,Vitalaiz Естетичен център,E. Laser clinics,False,True,2025-11-13,2026-10-06,328,All,26,65,"Burgas, Bulgaria; Nesebar, Bulgaria; Sozopol, Bulgaria",44405,86.8,12.5,0.7,0.0,24.8,38.6,24.8,8.5,3.2,0,9953,15622,10247,3543,1277,0,1623,2322,1269,439,219,social proof/reviews,"До скоро, когато ни посетеше клиент с желание да работим върху подобряване на фигурата му, дали това ще бъде в областта на бедра и седалище, корем и брич или друга по-проблематични област, ние разполагахме с апаратура за работа в тези три направления:  • отслабване (редуциране на теглото) • целулит • стягане на отпусната кожа  За щастие, технологичния напредък работи в пълна сила и в областта на естетиката, и вече помагаме на нашите клиенти да постигнат идеалната фигура на ОЩЕ ЕДНО НИВО, а именн",https://vitalaiz.com/promotsii/#za%20tqlo
https://www.facebook.com/ads/library/?id=1145557050901749,Vitalaiz Естетичен център,E. Laser clinics,False,True,2025-12-09,2026-10-06,302,Women,18,65,"Burgas, Bulgaria",64034,75.2,24.2,0.6,22.3,33.7,23.9,13.4,4.8,1.9,11224,15865,10967,6302,2407,948,2822,5418,4127,2181,624,216,dynamic/catalog (copy not visible),{{product.brand}},https://vitalaiz.com/focus-dual-burgas/#_Focus_Dual_HIFU
https://www.facebook.com/ads/library/?id=1722639249010532,Vitalaiz Естетичен център,E. Laser clinics,False,True,2026-04-30,2026-10-06,160,Women,18,65,"Burgas, Bulgaria",29943,93.5,5.9,0.6,5.2,14.0,28.7,30.1,16.2,5.7,1468,3928,8028,8412,4569,1601,80,258,502,537,270,109,discount/urgency,"✓ Стегнете корема и талията   ✓ Оформете силуета си с PowerShape2®  🕒 Терапия, която съчетава три високоефективни технологии в една сесия. Подходяща е при отпусната кожа след раждане, рязко отслабване или при зони с намален тонус. Процедурата е комфортна и носи усещане за SPA релакс, докато работи в дълбочина за истинска промяна.  🔬 Уникалният механизъм на действие на PowerShape2® комбинира радиочестота, вакуум и LED светлина. Радиочестотата загрява дермата и активира синтеза на колаген и еласти",https://vitalaiz.com/powershape2/
https://www.facebook.com/ads/library/?id=1685320729307232,Vitalaiz Естетичен център,E. Laser clinics,False,True,2026-04-30,2026-10-06,160,Women,18,65,"Burgas, Bulgaria",9241,91.6,7.6,0.8,4.8,18.9,36.3,27.1,9.9,3.1,403,1599,3044,2292,838,254,30,128,262,180,74,26,discount/urgency; social proof/reviews,"Ако тренираш, но не виждаш резултат - вероятно не активираш правилните мускули.  Coresculpt® е технология за интензивна мускулна стимулация, която активира дълбоките мускулни слоеве на корема. Точно тези слоеве поддържат коремната стена и са ключови за възстановяването при диастаза.  ✅Една сесия отговаря на хиляди мускулни контракции, които няма как да постигнете с упражнения, особено в период след раждане, когато тялото е по-деликатно.  CoreSculpt®:  ✔ Активира дълбоки мускули ✔ Подобрява тонус",https://vitalaiz.com/coresculpt-procedura-za-tqlo/
https://www.facebook.com/ads/library/?id=964968862556654,Vitalaiz Естетичен център,E. Laser clinics,False,True,2026-04-30,2026-10-06,160,Women,18,65,"Burgas, Bulgaria",13084,93.2,6.1,0.6,8.3,16.2,27.1,27.5,15.0,5.9,1044,2004,3357,3418,1875,736,52,146,233,226,113,47,discount/urgency,"✓ Стегнете корема и талията   ✓ Оформете силуета си с PowerShape2®  🕒 Терапия, която съчетава три високоефективни технологии в една сесия. Подходяща е при отпусната кожа след раждане, рязко отслабване или при зони с намален тонус. Процедурата е комфортна и носи усещане за SPA релакс, докато работи в дълбочина за истинска промяна.  🔬 Уникалният механизъм на действие на PowerShape2® комбинира радиочестота, вакуум и LED светлина. Радиочестотата загрява дермата и активира синтеза на колаген и еласти",https://vitalaiz.com/powershape2/
https://www.facebook.com/ads/library/?id=956410694047120,Vitalaiz Естетичен център,E. Laser clinics,False,True,2026-05-03,2026-10-06,157,Women,18,65,"Burgas, Bulgaria",49937,94.0,5.4,0.6,3.6,13.5,26.5,30.6,17.1,8.6,1634,6289,12376,14234,7920,3976,106,375,657,798,481,264,dynamic/catalog (copy not visible),{{product.brand}},https://vitalaiz.com/kavitatsia/
https://www.facebook.com/ads/library/?id=1308350500623779,Vitalaiz Естетичен център,E. Laser clinics,False,True,2026-05-03,2026-10-06,157,Women,18,65,"Aitos, Bulgaria; Burgas, Bulgaria; Karnobat, Bulgaria; Nesebar, Bulgaria; Pomorie, Bulgaria; Sozopol, Bulgaria; Sveti Vlas, Bulgaria",48989,95.8,3.7,0.5,0.9,5.4,15.0,27.1,28.2,23.4,360,2437,6829,12411,13061,10773,48,148,291,476,426,400,failed/painful alternatives,"Овалът на лицето вече не е същият? 👀    След 30-те кожата започва да губи еластичност, появява се двойна брадичка и фини бръчки – но филъри и     операции не са единствената опция.      Радиочестотният лифтинг загрява дълбоките слоеве на кожата до 39–43°C и стимулира собствените ти    фибробласти да произведат нов колаген и еластин.     ✔ Безболезнено – без инжекции и анестезия   ✔ Без възстановителен период   ✔ Видим резултат още след първата процедура    ✔ Подходящо целогодишно     Ефектът про",https://vitalaiz.com/radiochestoten-lifting/
https://www.facebook.com/ads/library/?id=26738795719070770,Vitalaiz Естетичен център,E. Laser clinics,False,True,2026-05-03,2026-10-06,157,Women,18,65,"Burgas, Bulgaria",19303,94.8,4.5,0.6,2.7,10.9,27.7,34.4,17.5,6.8,484,2032,5151,6386,3268,1253,35,100,254,292,144,64,discount/urgency; social proof/reviews,"Ако имаш целулит, проблемът не е само в мазнините. Истинската причина често е комбинация от: задържани течности, слаба циркулация и структура на кожата.  С иновативната технология на  3-MAX™ комбинираме:  ✔ Кавитация ✔ RF стягане ✔ Вакуум + лимфен дренаж  🎁 Вземете промо пакет с 20% отстъпка!  Защо да изберете Естетичен център Vitalaiz:   ✔ Над 10 години опит в сферата ✔ Екип от професионалисти ✔ 10 000+ доволни клиенти  📍 гр. Бургас, Лазур, бл. 160 вх. А, ет.1 до хотел АКВА 📞 0877893230 🌐 https",https://vitalaiz.com/kavitatsia/
https://www.facebook.com/ads/library/?id=3053038838222818,Vitalaiz Естетичен център,E. Laser clinics,False,True,2026-05-14,2026-10-06,146,All,18,65,"Aitos, Bulgaria; Burgas, Bulgaria; Nesebar, Bulgaria; Pomorie, Bulgaria; Sozopol, Bulgaria; Sveti Vlas, Bulgaria",22681,95.5,4.1,0.5,0.8,7.9,27.9,35.2,19.4,8.9,142,1704,6118,7646,4260,1942,27,93,224,348,156,82,other,"Ботоксът – вашето оръжие срещу бръчките само за 7 евро/единица! 💉  Все повече жени започват да се грижат за кожата си още в началото на 30-те години с превантивно инжектиране на ботулинов токсин. А за жените на по-зряла възраст (45+) това е №1 процедура за изглаждане на бръчки породени от силна мимика и за освежаване на цялостния вид на кожата на лицето.  ✅Това е една от най-ефективните и безопасни процедури за премахване на мимическите бръчки, като се поставя в зоните на челото, между веждите и",https://vitalaiz.com/botoks/
https://www.facebook.com/ads/library/?id=1012260861253725,Vitalaiz Естетичен център,E. Laser clinics,False,True,2026-05-23,2026-10-06,137,Women,18,65,"Burgas, Bulgaria",35510,93.4,5.9,0.7,3.9,15.1,28.9,29.6,15.5,6.9,1292,5014,9848,10070,5352,2321,120,436,583,568,268,178,summer/beach,"💉 Какво са скинбустерите? Инжекционни препарати на базата на хиалуронова киселина -създадени не за запълване на бръчки, а за дълбока хидратация и биоревитализация отвътре. 🌊 За разлика от класическите филъри, скинбустерите действат като „биологична гъба"" -разпределят се равномерно в дермата, задържат вода и събуждат клетъчните процеси. ✨  🔬 Защо са иновативни? 🎯 Подобряват текстурата, тона и еластичността, не само обема. 🔬 Активират фибробластите да произвеждат собствен колаген с дългосрочен ефе",https://vitalaiz.com/estetika-promo/#i
https://www.facebook.com/ads/library/?id=1478997523972704,Vitalaiz Естетичен център,E. Laser clinics,False,True,2026-05-23,2026-10-05,136,Women,18,65,"Burgas, Bulgaria",31008,95.2,4.3,0.5,2.1,12.6,32.8,32.5,14.3,5.7,600,3795,9977,9957,4395,1725,62,226,444,371,167,101,summer/beach,"💉 Какво са скинбустерите? Инжекционни препарати на базата на хиалуронова киселина -създадени не за запълване на бръчки, а за дълбока хидратация и биоревитализация отвътре. 🌊 За разлика от класическите филъри, скинбустерите действат като „биологична гъба"" -разпределят се равномерно в дермата, задържат вода и събуждат клетъчните процеси. ✨  🔬 Защо са иновативни? 🎯 Подобряват текстурата, тона и еластичността, не само обема. 🔬 Активират фибробластите да произвеждат собствен колаген с дългосрочен ефе",https://vitalaiz.com/estetika-promo/#i
https://www.facebook.com/ads/library/?id=1863268157678177,Vitalaiz Естетичен център,E. Laser clinics,False,True,2026-05-23,2026-10-06,137,All,18,65,"Aitos, Bulgaria; Burgas, Bulgaria; Karnobat, Bulgaria; Nesebar, Bulgaria; Pomorie, Bulgaria; Sozopol, Bulgaria; Sveti Vlas, Bulgaria",80355,43.0,56.4,0.7,10.4,30.7,32.9,18.6,5.2,2.2,4102,11195,11228,6138,1803,681,4240,13776,15527,9021,2456,1090,social proof/reviews,"Имате татуировка, която вече не ви харесва? Стара, избледняла или направена в неподходящ момент?  Време е за промяна - безопасна, контролирана и щадяща за кожата.  ✨ В Vitalaiz използваме иновативен пикосекунден лазер – най-съвременната технология за премахване на татуировки с минимален дискомфорт и отлични резултати.  ⚡ Пикосекундният лазер работи 1000 пъти по-бързо от стандартните Q-switch системи. Излъчва ултра кратки и фокусирани импулси, които разбиват мастилото на микро и нано частици чрез",https://vitalaiz.com/premahvane-na-tatuirovki/
https://www.facebook.com/ads/library/?id=2139831000129683,Vitalaiz Естетичен център,E. Laser clinics,False,True,2026-06-01,2026-10-06,128,All,18,65,"Aitos, Bulgaria; Burgas, Bulgaria; Nesebar, Bulgaria; Pomorie, Bulgaria; Sozopol, Bulgaria; Sveti Vlas, Bulgaria",28591,95.8,3.4,0.7,8.8,19.7,32.6,25.8,9.6,3.5,2450,5469,9106,7212,2701,950,76,212,319,248,95,50,other,"Чувствате се неуверени заради формата или обема на устните си? 👄  Какво, ако ви кажем, че промяната може да бъде по-лесна, отколкото си мислите?🤩  Хиалуроновите филъри могат да възстановят естествения контур и обем, който ви липсва, като при това запазват естествения ви вид. Процедурата е бърза и не изисква дълго възстановяване, а резултатите ще ви накарат да се почувствате по-самоуверени.   ✅ Нашите специалисти с 𝟏𝟎+ години опит ще се погрижат за вас, за да постигнете красиви  резултати!  👉 Зап",https://vitalaiz.com/ugolemyavane-na-ustni/
https://www.facebook.com/ads/library/?id=26658727160465792,Vitalaiz Естетичен център,E. Laser clinics,False,True,2026-06-02,2026-10-06,127,All,18,65,"Aitos, Bulgaria; Burgas, Bulgaria; Nesebar, Bulgaria; Pomorie, Bulgaria; Sozopol, Bulgaria; Sveti Vlas, Bulgaria",47355,95.5,3.8,0.6,12.9,25.0,30.1,22.8,6.8,2.3,5948,11449,13888,10546,3146,1073,198,531,567,386,123,39,other,"Чувствате се неуверени заради формата или обема на устните си? 👄  Какво, ако ви кажем, че промяната може да бъде по-лесна, отколкото си мислите?🤩  Хиалуроновите филъри могат да възстановят естествения контур и обем, който ви липсва, като при това запазват естествения ви вид. Процедурата е бърза и не изисква дълго възстановяване, а резултатите ще ви накарат да се почувствате по-самоуверени.   ✅ Нашите специалисти с 𝟏𝟎+ години опит ще се погрижат за вас, за да постигнете красиви  резултати!  👉 Зап",https://vitalaiz.com/ugolemyavane-na-ustni/
https://www.facebook.com/ads/library/?id=2719376111789092,Vitalaiz Естетичен център,E. Laser clinics,False,True,2026-06-02,2026-10-06,127,Women,18,65,"Burgas, Bulgaria",16826,94.6,4.7,0.6,1.6,9.8,28.9,34.7,17.9,7.0,245,1591,4769,5704,2959,1150,26,108,222,273,133,57,summer/beach,"💉 Какво са скинбустерите? Инжекционни препарати на базата на хиалуронова киселина -създадени не за запълване на бръчки, а за дълбока хидратация и биоревитализация отвътре. 🌊 За разлика от класическите филъри, скинбустерите действат като „биологична гъба"" -разпределят се равномерно в дермата, задържат вода и събуждат клетъчните процеси. ✨  🔬 Защо са иновативни? 🎯 Подобряват текстурата, тона и еластичността, не само обема. 🔬 Активират фибробластите да произвеждат собствен колаген с дългосрочен ефе",https://vitalaiz.com/estetika-promo/#i
https://www.facebook.com/ads/library/?id=977433621867994,Vitalaiz Естетичен център,E. Laser clinics,False,True,2026-06-02,2026-10-06,127,All,18,65,"Aitos, Bulgaria; Burgas, Bulgaria; Karnobat, Bulgaria; Nesebar, Bulgaria; Pomorie, Bulgaria; Sozopol, Bulgaria; Sveti Vlas, Bulgaria",102752,36.1,63.4,0.5,5.7,24.3,36.6,23.0,7.4,3.0,2691,9508,13981,8478,2709,1073,3383,16246,24846,15936,5112,2086,social proof/reviews,"Имате татуировка, която вече не ви харесва? Стара, избледняла или направена в неподходящ момент?  Време е за промяна - безопасна, контролирана и щадяща за кожата.  ✨ В Vitalaiz използваме иновативен пикосекунден лазер – най-съвременната технология за премахване на татуировки с минимален дискомфорт и отлични резултати.  ⚡ Пикосекундният лазер работи 1000 пъти по-бързо от стандартните Q-switch системи. Излъчва ултра кратки и фокусирани импулси, които разбиват мастилото на микро и нано частици чрез",https://vitalaiz.com/premahvane-na-tatuirovki/
https://www.facebook.com/ads/library/?id=2504756623260913,Vitalaiz Естетичен център,E. Laser clinics,True,True,2026-06-02,2026-10-06,127,Women,18,65,"Burgas, Bulgaria",15334,88.2,11.1,0.7,24.2,28.7,25.0,14.9,4.7,2.5,3576,4125,3448,1937,608,317,230,412,497,414,145,69,shame/hiding & confidence,"Време е да изхвърлиш самобръсначката си! Подари си комфорта и спокойствието на постоянно меката и гладка кожа още сега...   ❌ Без бързане. ❌Без зачервяване, враснали косми и компромиси в последния момент. 🥹Само гладка кожа и увереност всеки ден, във всеки сезон.  С диодна лазерна епилация със SAPPHIRE® във Vitalaiz не просто премахваме космите. 😊Помагаме ти да оставиш един навик завинаги в миналото.  ✨ Щадяща технология ✨ Комфорт по време на процедурата ✨ Видимо намаляване на космите още след пъ",https://vitalaiz.com/lazerna-epilatsiya-burgas/
https://www.facebook.com/ads/library/?id=2099433714285620,Vitalaiz Естетичен център,E. Laser clinics,False,True,2026-06-03,2026-10-06,126,Women,18,65,"Burgas, Bulgaria",53341,94.1,5.2,0.7,1.5,16.7,35.3,30.0,12.1,4.3,764,8431,17620,15098,6148,2181,44,473,1051,810,265,114,other,"До всички майки, които са получили диастаза след бременност. Не се чудете повече дали е обратима и колко време ще отнеме. Решението е тук!  ✓ Стегнете корема ✓ Сбогувайте се с  диастазата ✓ Върнете тонуса и формата си с Coresculpt®  Coresculpt® е технология за интензивна мускулна стимулация, която активира дълбоките мускулни слоеве на корема. Точно тези слоеве поддържат коремната стена и са ключови за възстановяването при диастаза.   ✅Една сесия отговаря на хиляди мускулни контракции, които няма",https://vitalaiz.com/coresculpt-procedura-za-tqlo/
https://www.facebook.com/ads/library/?id=1578389539942482,Vitalaiz Естетичен център,E. Laser clinics,False,True,2026-06-03,2026-10-06,126,Women,18,65,"Burgas, Bulgaria",151554,91.9,7.4,0.6,2.6,26.7,42.7,20.3,5.7,2.0,3593,37003,57880,27845,7921,2707,195,2710,5283,2157,522,226,other,"До всички майки, които са получили диастаза след бременност. Не се чудете повече дали е обратима и колко време ще отнеме. Решението е тук!  ✓ Стегнете корема ✓ Сбогувайте се с  диастазата ✓ Върнете тонуса и формата си с Coresculpt®  Coresculpt® е технология за интензивна мускулна стимулация, която активира дълбоките мускулни слоеве на корема. Точно тези слоеве поддържат коремната стена и са ключови за възстановяването при диастаза.   ✅Една сесия отговаря на хиляди мускулни контракции, които няма",https://vitalaiz.com/coresculpt-procedura-za-tqlo/
https://www.facebook.com/ads/library/?id=1290914439865941,Vitalaiz Естетичен център,E. Laser clinics,False,True,2026-06-05,2026-10-05,123,All,25,65,"Burgas, Bulgaria",13767,93.9,5.6,0.5,0.0,10.3,26.3,31.8,19.6,11.9,0,1288,3440,4180,2593,1582,0,139,206,235,127,72,failed/painful alternatives,"БОТОКС само за 7€ + 🎁 Безплатен Скин-чек OpatraDome® за първите 𝟏𝟎 записали се  Ботокс за бързо справяне с мимическите бръчки само за 7€. за единица.   Една от най-ефективните, безболезнени и бързи процедури, които ще ви избавят от бръчиците край очите, между веждите и по челото.  ✔️Доверете се на специалисти с над 10 години опит  Ще се погрижим жизнерадостната ви мимика да се запази, а бръчките да изчезнат.  Попълнете формата, и нашия екип ще се свърже с вас. Ограничен брой ваучери!",http://fb.me/
https://www.facebook.com/ads/library/?id=1032684733045294,Vitalaiz Естетичен център,E. Laser clinics,False,True,2026-06-25,2026-10-06,104,Women,18,65,"Burgas, Bulgaria",14173,92.8,6.6,0.6,8.9,21.4,28.6,25.4,11.7,4.2,1166,2812,3737,3359,1571,553,86,218,291,220,87,36,other,"Всички имаме от тези „проблемни зони"", които бихме искали да подобрим... Независимо дали става дума за  редуциране на мастни натрупвания и целулит стягане и лифтиране на кожата или подобряване на релефа и еластичността на тялото,  намирането на ефективно решение, което да се вписва и в натоварения ни график, може да бъде предизвикателство. Сега си представете научно подкрепена, неинвазивна терапия, която едновременно топи мазнини, борби се с целулита и стяга кожата? Представяме ви PowerShape2® -",https://vitalaiz.com/powershape2/
https://www.facebook.com/ads/library/?id=2140560373559012,Vitalaiz Естетичен център,E. Laser clinics,False,True,2026-06-25,2026-10-06,104,All,18,65,"Nesebar, Bulgaria; Aitos, Bulgaria; Burgas, Bulgaria; Karnobat, Bulgaria; Pomorie, Bulgaria; Sozopol, Bulgaria",35822,93.2,6.2,0.6,5.3,28.2,39.8,18.9,6.1,1.8,1847,9876,13784,6526,2092,608,118,589,966,450,156,37,dynamic/catalog (copy not visible),{{product.brand}},https://vitalaiz.com/coresculpt-procedura-za-tqlo/
https://www.facebook.com/ads/library/?id=1033958752403458,Vitalaiz Естетичен център,E. Laser clinics,True,True,2026-06-30,2026-10-06,99,Women,18,65,"Burgas, Bulgaria",69189,92.6,6.9,0.5,5.7,11.8,23.8,27.1,19.5,12.1,3547,7331,14972,16885,12417,7638,291,650,1069,1364,786,507,shame/hiding & confidence; social proof/reviews,"„Не знам дали някога в живота си съм била толкова доволна от друга козметична услуга! Страхотно отношение от целия екип и великолепни резултати само след 𝟐 процедури! Препоръчвам на всеки, който иска да се раздели с космите, да посети този център! Благодаря ви! ❤️“  Ако и вие искате да изживеете уникално преживяване и да се радвате на впечатляващи резултати както нашата доволна клиентка Анастасия, не губете време!   Питате се кое прави лазерната епилация при нас, така обещаваща, ние ще ви отгово",https://vitalaiz.com/lazerna-epilatsiya-burgas/
https://www.facebook.com/ads/library/?id=1735867374363097,Vitalaiz Естетичен център,E. Laser clinics,True,True,2026-07-09,2026-10-06,90,Women,18,65,"Burgas, Bulgaria",7302,91.4,7.9,0.6,11.1,22.0,38.8,22.9,4.0,1.2,791,1524,2660,1562,286,83,38,130,252,155,18,7,failed/painful alternatives; discount/urgency; summer/beach,"Точно сега е последният шанс да влезете в лятото с гладка кожа ☀️  По повод дългите летни дни решихме да зарадваме жените в Бургас. Подаряваме ви 2 безплатни процедури лазерна епилация с александритен лазер на зона по избор. Офертата е 2+2, а сезонът на банските вече чука на вратата, така че не отлагайте 😉  Александритният лазер е златният стандарт в лазерната епилация и премахва до 90% от нежеланото окосмяване. Край на безкрайното бръснене, кола маска и кремчета, които издържат ден или два.  Св",https://vitalaiz.com/aleksandriten-lazer-promo-lp/
https://www.facebook.com/ads/library/?id=1326340846317860,Vitalaiz Естетичен център,E. Laser clinics,True,True,2026-07-09,2026-10-02,86,Women,18,65,"Burgas, Bulgaria",13727,94.7,4.7,0.6,7.2,13.8,29.2,30.5,13.8,5.5,934,1806,3834,3949,1828,730,43,86,186,235,71,26,failed/painful alternatives; discount/urgency; summer/beach,"Точно сега е последният шанс да влезете в лятото с гладка кожа ☀️  По повод дългите летни дни решихме да зарадваме жените в Бургас. Подаряваме ви 2 безплатни процедури лазерна епилация с александритен лазер на зона по избор. Офертата е 2+2, а сезонът на банските вече чука на вратата, така че не отлагайте 😉  Александритният лазер е златният стандарт в лазерната епилация и премахва до 90% от нежеланото окосмяване. Край на безкрайното бръснене, кола маска и кремчета, които издържат ден или два.  Св",https://vitalaiz.com/aleksandriten-lazer-promo-lp/
https://www.facebook.com/ads/library/?id=1591846702549777,Vitalaiz Естетичен център,E. Laser clinics,False,True,2026-08-05,2026-10-06,63,Women,18,65,"Burgas, Bulgaria",12740,94.9,4.5,0.6,3.1,18.4,37.0,30.1,8.6,2.8,360,2179,4428,3614,1039,329,25,133,204,144,47,17,discount/urgency,"😍Това е най-голямото НАМАЛЕНИЕ на колагенов биостимулатор RADIESSE, който възстановява плътността и жизнеността на лицето по напълно естествен начин.  ✓ Мигновено стегната кожа ✓ По-плътна и гладка структура ✓ Свеж и подмладен вид  ✓ Ефект, който не само се запазва месеци, но се и надгражда напълно естествено  Радиес, не само мигновено запълва фините линии, премахва бръчките и връща младежкия вид на лицето, но и стимулира образуването на нов колаген дългосрочно.   🎁Вземете един от лимитираните н",https://vitalaiz.com/estetika-promo/#i-12
https://www.facebook.com/ads/library/?id=2000780173772909,Vitalaiz Естетичен център,E. Laser clinics,True,True,2026-08-05,2026-10-06,63,Women,18,65,"Burgas, Bulgaria",17122,90.6,8.7,0.6,15.4,29.7,35.2,15.5,3.1,1.2,2462,4654,5444,2318,465,176,155,407,543,310,60,22,shame/hiding & confidence; social proof/reviews,"„Не знам дали някога в живота си съм била толкова доволна от друга козметична услуга! Страхотно отношение от целия екип и великолепни резултати само след 𝟐 процедури! Препоръчвам на всеки, който иска да се раздели с космите, да посети този център! Благодаря ви! ❤️“  Ако и вие искате да изживеете уникално преживяване и да се радвате на впечатляващи резултати както нашата доволна клиентка Анастасия, не губете време!   Питате се кое прави лазерната епилация при нас, така обещаваща, ние ще ви отгово",https://vitalaiz.com/aleksandriten-lazer-promo-lp/
https://www.facebook.com/ads/library/?id=1361691586161534,Vitalaiz Естетичен център,E. Laser clinics,False,True,2026-08-05,2026-10-06,63,Women,18,65,"Burgas, Bulgaria",8739,88.1,11.3,0.7,5.8,18.7,31.9,26.8,11.4,5.4,434,1436,2508,2152,893,384,73,215,295,205,119,92,discount/urgency,"😍Това е най-голямото НАМАЛЕНИЕ на колагенов биостимулатор RADIESSE, който възстановява плътността и жизнеността на лицето по напълно естествен начин.  ✓ Мигновено стегната кожа ✓ По-плътна и гладка структура ✓ Свеж и подмладен вид  ✓ Ефект, който не само се запазва месеци, но се и надгражда напълно естествено  Радиес, не само мигновено запълва фините линии, премахва бръчките и връща младежкия вид на лицето, но и стимулира образуването на нов колаген дългосрочно.   🎁Вземете един от лимитираните н",https://vitalaiz.com/radiesse-kontur-na-litseto-sled-40/
https://www.facebook.com/ads/library/?id=975425235609388,Vitalaiz Естетичен център,E. Laser clinics,True,True,2026-09-26,2026-10-06,11,All,25,65,"Burgas, Bulgaria",3870,76.5,23.1,0.4,0.0,37.4,37.1,17.5,4.9,3.2,0,1147,1115,492,144,86,0,303,326,186,46,39,failed/painful alternatives; mechanism/education; discount/urgency; summer/beach; social proof/reviews,"Колко пъти този месец се бръснахте заради едно събитие?  А колко пъти след това се появиха врастнали косъмчета точно там, където не искате?  Бръсненето и кола маската работят по повърхността. Косъмът се връща, защото коренът остава непокътнат.  💎 Александритен лазер SMARTRION COMBI®, 755 nm  Пигментът в корена поглъща светлината с тази дължина на вълната и я превръща в топлина. Фоликулът се разрушава и спира да произвежда косъм.  ✨ 755 nm, златният стандарт в лазерното обезкосмяване ✨ Апаратът е",
https://www.facebook.com/ads/library/?id=28551802791108252,Vitalaiz Естетичен център,E. Laser clinics,True,True,2026-09-26,2026-10-06,11,All,25,65,"Burgas, Bulgaria",395,90.3,9.2,0.5,0.0,18.7,39.7,28.4,8.5,4.7,0,65,150,98,32,17,0,9,9,15,2,2,failed/painful alternatives; mechanism/education; discount/urgency; summer/beach; social proof/reviews,"Колко пъти този месец се бръснахте заради едно събитие?  А колко пъти след това се появиха врастнали косъмчета точно там, където не искате?  Бръсненето и кола маската работят по повърхността. Косъмът се връща, защото коренът остава непокътнат.  💎 Александритен лазер SMARTRION COMBI®, 755 nm  Пигментът в корена поглъща светлината с тази дължина на вълната и я превръща в топлина. Фоликулът се разрушава и спира да произвежда косъм.  ✨ 755 nm, златният стандарт в лазерното обезкосмяване ✨ Апаратът е",http://fb.me/
https://www.facebook.com/ads/library/?id=1030626223359688,Vitalaiz Естетичен център,E. Laser clinics,True,True,2026-09-26,2026-10-05,10,All,25,65,"Burgas, Bulgaria",45,80.0,17.8,2.2,0.0,35.6,28.9,20.0,8.9,6.7,0,13,8,9,3,3,0,3,4,0,1,0,failed/painful alternatives; mechanism/education; discount/urgency; summer/beach; social proof/reviews,"Колко пъти този месец се бръснахте заради едно събитие?  А колко пъти след това се появиха врастнали косъмчета точно там, където не искате?  Бръсненето и кола маската работят по повърхността. Косъмът се връща, защото коренът остава непокътнат.  💎 Александритен лазер SMARTRION COMBI®, 755 nm  Пигментът в корена поглъща светлината с тази дължина на вълната и я превръща в топлина. Фоликулът се разрушава и спира да произвежда косъм.  ✨ 755 nm, златният стандарт в лазерното обезкосмяване ✨ Апаратът е",
https://www.facebook.com/ads/library/?id=1092752906876104,Vitalaiz Естетичен център,E. Laser clinics,True,True,2026-09-26,2026-10-06,11,All,25,65,"Burgas, Bulgaria",132,87.9,12.1,0.0,0.0,18.9,55.3,18.9,3.8,3.0,0,19,67,21,5,4,0,6,6,4,0,0,failed/painful alternatives; mechanism/education; discount/urgency; summer/beach; social proof/reviews,"Колко пъти този месец се бръснахте заради едно събитие?  А колко пъти след това се появиха врастнали косъмчета точно там, където не искате?  Бръсненето и кола маската работят по повърхността. Косъмът се връща, защото коренът остава непокътнат.  💎 Александритен лазер SMARTRION COMBI®, 755 nm  Пигментът в корена поглъща светлината с тази дължина на вълната и я превръща в топлина. Фоликулът се разрушава и спира да произвежда косъм.  ✨ 755 nm, златният стандарт в лазерното обезкосмяване ✨ Апаратът е",http://fb.me/
https://www.facebook.com/ads/library/?id=1464826518795084,Vitalaiz Естетичен център,E. Laser clinics,True,True,2026-09-26,2026-10-05,10,All,25,65,"Burgas, Bulgaria",43,81.4,18.6,0.0,0.0,34.9,41.9,9.3,7.0,7.0,0,13,15,4,2,1,0,2,3,0,1,2,failed/painful alternatives; mechanism/education; discount/urgency; summer/beach; social proof/reviews,"Колко пъти този месец се бръснахте заради едно събитие?  А колко пъти след това се появиха врастнали косъмчета точно там, където не искате?  Бръсненето и кола маската работят по повърхността. Косъмът се връща, защото коренът остава непокътнат.  💎 Александритен лазер SMARTRION COMBI®, 755 nm  Пигментът в корена поглъща светлината с тази дължина на вълната и я превръща в топлина. Фоликулът се разрушава и спира да произвежда косъм.  ✨ 755 nm, златният стандарт в лазерното обезкосмяване ✨ Апаратът е",
https://www.facebook.com/ads/library/?id=1054993244179383,Vitalaiz Естетичен център,E. Laser clinics,True,True,2026-09-26,2026-10-03,8,All,25,65,"Burgas, Bulgaria",51,78.4,21.6,0.0,0.0,37.3,35.3,11.8,9.8,5.9,0,16,15,4,3,2,0,3,3,2,2,1,failed/painful alternatives; mechanism/education; discount/urgency; summer/beach; social proof/reviews,"Колко пъти този месец се бръснахте заради едно събитие?  А колко пъти след това се появиха врастнали косъмчета точно там, където не искате?  Бръсненето и кола маската работят по повърхността. Косъмът се връща, защото коренът остава непокътнат.  💎 Александритен лазер SMARTRION COMBI®, 755 nm  Пигментът в корена поглъща светлината с тази дължина на вълната и я превръща в топлина. Фоликулът се разрушава и спира да произвежда косъм.  ✨ 755 nm, златният стандарт в лазерното обезкосмяване ✨ Апаратът е",http://fb.me/
https://www.facebook.com/ads/library/?id=1413175423537164,Vitalaiz Естетичен център,E. Laser clinics,True,True,2026-09-26,2026-10-04,9,All,25,65,"Burgas, Bulgaria",11,90.9,9.1,0.0,0.0,9.1,45.5,36.4,9.1,0.0,0,1,5,3,1,0,0,0,0,1,0,0,failed/painful alternatives; mechanism/education; discount/urgency; summer/beach; social proof/reviews,"Колко пъти този месец се бръснахте заради едно събитие?  А колко пъти след това се появиха врастнали косъмчета точно там, където не искате?  Бръсненето и кола маската работят по повърхността. Косъмът се връща, защото коренът остава непокътнат.  💎 Александритен лазер SMARTRION COMBI®, 755 nm  Пигментът в корена поглъща светлината с тази дължина на вълната и я превръща в топлина. Фоликулът се разрушава и спира да произвежда косъм.  ✨ 755 nm, златният стандарт в лазерното обезкосмяване ✨ Апаратът е",http://fb.me/
https://www.facebook.com/ads/library/?id=4416540778676672,Vitalaiz Естетичен център,E. Laser clinics,True,True,2026-09-27,2026-10-06,10,All,25,65,"Burgas, Bulgaria",1718,68.7,31.0,0.3,0.0,29.4,41.8,22.2,4.7,1.9,0,357,506,247,46,22,0,146,208,133,34,10,failed/painful alternatives; mechanism/education; discount/urgency; summer/beach; social proof/reviews,"Колко пъти този месец се бръснахте заради едно събитие?  А колко пъти след това се появиха врастнали косъмчета точно там, където не искате?  Бръсненето и кола маската работят по повърхността. Косъмът се връща, защото коренът остава непокътнат.  💎 Александритен лазер SMARTRION COMBI®, 755 nm  Пигментът в корена поглъща светлината с тази дължина на вълната и я превръща в топлина. Фоликулът се разрушава и спира да произвежда косъм.  ✨ 755 nm, златният стандарт в лазерното обезкосмяване ✨ Апаратът е",
https://www.facebook.com/ads/library/?id=1089853214012469,Vitalaiz Естетичен център,E. Laser clinics,True,True,2026-09-27,2026-10-05,9,All,25,65,"Burgas, Bulgaria",68,75.0,23.5,1.5,0.0,19.1,44.1,25.0,7.4,4.4,0,10,24,11,3,3,0,2,6,6,2,0,failed/painful alternatives; mechanism/education; discount/urgency; summer/beach; social proof/reviews,"Колко пъти този месец се бръснахте заради едно събитие?  А колко пъти след това се появиха врастнали косъмчета точно там, където не искате?  Бръсненето и кола маската работят по повърхността. Косъмът се връща, защото коренът остава непокътнат.  💎 Александритен лазер SMARTRION COMBI®, 755 nm  Пигментът в корена поглъща светлината с тази дължина на вълната и я превръща в топлина. Фоликулът се разрушава и спира да произвежда косъм.  ✨ 755 nm, златният стандарт в лазерното обезкосмяване ✨ Апаратът е",
https://www.facebook.com/ads/library/?id=28381578694785478,Vitalaiz Естетичен център,E. Laser clinics,True,True,2026-09-30,2026-10-06,7,Women,18,65,"Burgas, Bulgaria",45,82.2,17.8,0.0,24.4,24.4,28.9,20.0,2.2,0.0,10,9,9,9,0,0,1,2,4,0,1,0,failed/painful alternatives; mechanism/education; discount/urgency; summer/beach; social proof/reviews,"Колко пъти този месец се бръснахте заради едно събитие?  А колко пъти след това се появиха врастнали косъмчета точно там, където не искате?  Бръсненето и кола маската работят по повърхността. Косъмът се връща, защото коренът остава непокътнат.  💎 Александритен лазер SMARTRION COMBI®, 755 nm  Пигментът в корена поглъща светлината с тази дължина на вълната и я превръща в топлина. Фоликулът се разрушава и спира да произвежда косъм.  ✨ 755 nm, златният стандарт в лазерното обезкосмяване ✨ Апаратът е",https://vitalaiz.com/aleksandriten-lazer-promo-lp/
https://www.facebook.com/ads/library/?id=1836247857731794,Vitalaiz Естетичен център,E. Laser clinics,True,True,2026-09-30,2026-10-02,3,Women,18,65,"Burgas, Bulgaria",30,63.3,36.7,0.0,13.3,26.7,30.0,23.3,0.0,6.7,4,6,3,4,0,2,0,2,6,3,0,0,failed/painful alternatives; mechanism/education; discount/urgency; summer/beach; social proof/reviews,"Колко пъти този месец се бръснахте заради едно събитие?  А колко пъти след това се появиха врастнали косъмчета точно там, където не искате?  Бръсненето и кола маската работят по повърхността. Косъмът се връща, защото коренът остава непокътнат.  💎 Александритен лазер SMARTRION COMBI®, 755 nm  Пигментът в корена поглъща светлината с тази дължина на вълната и я превръща в топлина. Фоликулът се разрушава и спира да произвежда косъм.  ✨ 755 nm, златният стандарт в лазерното обезкосмяване ✨ Апаратът е",https://vitalaiz.com/aleksandriten-lazer-promo-lp/
https://www.facebook.com/ads/library/?id=831474772743303,Естетичен център Satori,E. Laser clinics,True,False,2025-09-30,2025-11-05,37,Men,20,55,"Sofia, Bulgaria",62610,0.0,100.0,0.0,15.5,42.5,25.7,15.0,1.0,0.3,0,0,0,0,0,0,9717,26591,16111,9411,603,202,other,"🔥 Есента е най-доброто време да започнеш! 🔥Комбинацията Александрит + Диоден лазер в Satori работи върху повърхностни и дълбоки фоликули за силни мъжки косми.  🧔🏻‍♂️ Подходящо за гръб, гърди, рамене, корем. По-малко бръснене, без дразнене и враснали косъмчета. 💪🏻Охлаждаща система за максимален комфорт. Резервирай час сега.    Какво получаваш от лазерите ни? ✔️ Висока ефикасност при гъсти и силни косми ✔️ Намалява изпотяването и дискомфорта ✔️ Без възпаления и враснали косъмчета ✔️ С охлаждаща си",https://satorilaser.bg/produkt-kategoriya/%d0%bc%d1%8a%d0%b6%d0%ba%d0%b0-%d0%bb%d0%b0%d0%b7%d0%b5%d1%80%d0%bd%d0%b0-%d0%b5%d0%bf%d0%b8%d0%bb%d0%b0%d1%86%d0%b8%d1%8f/
https://www.facebook.com/ads/library/?id=901604008901360,Естетичен център Satori,E. Laser clinics,True,False,2026-01-16,2026-02-13,29,Men,20,50,"Sofia, Bulgaria",28465,0.0,100.0,0.0,10.6,40.8,33.9,14.7,0.0,0.0,0,0,0,0,0,0,3126,11973,9961,4320,0,0,shame/hiding & confidence; discount/urgency,"Подари си Кожа, в която ще се влюби! 🔥 До -30% на ВСИЧКИ лазерни процедури в Satori. 💯  Забрави за постоянното раздразнение и врасналите космените фоликули, и заложи на гладка кожа и увереност през цялата година.  Запази час 👉 satorilaser.bg | 📲 0882 900 999  Очакваме те в нашите естетични клиники: 📍 Гр. София, ж.к. Иван Вазов, бул. Витоша 131 📍 Гр. София, Манастирски ливади запад, ул. Казбек 63",https://fb.com/canvas_doc/1538629847360390
https://www.facebook.com/ads/library/?id=1473198864811931,Естетичен център Елинор,E. Laser clinics,True,True,2026-01-13,2026-10-06,267,Women,18,65,"Sofia, Bulgaria",32340,53.8,45.8,0.4,2.2,6.0,11.0,19.6,30.0,31.2,232,551,1380,3044,5402,6396,451,1331,2067,3124,4060,3442,discount/urgency,"Само сега - плати 5 процедури и вземи 2 БЕЗПЛАТНО в Естетичен Център Елинор! Лимитирана оферта! ✨ Това е идеалният момент да започнеш лазерна епилация по правилния начин - с реален курс и реален резултат, а не с безкрайни процедури без ефект.  В Естетичен център Елинор предлагаме лазерна епилация с най-новата Elysion Pro технология, при която резултатът се вижда още след първата процедура. Косъмчетата забавят растежа си веднага, а в повечето случаи са необходими значително по-малко процедури - о",
https://www.facebook.com/ads/library/?id=2000530734061168,Лазерна Епилация Бургас /Микронидлинг/ Козметика - Център Under your Skin,E. Laser clinics,True,False,2025-12-03,2025-12-18,16,All,18,45,"Burgas, Bulgaria",27944,43.9,56.1,0.0,39.3,41.2,17.8,1.8,0.0,0.0,5057,4530,2271,258,0,0,5770,6834,2625,230,0,0,other,"🎄ЛАЗЕРНА ЕПИЛАЦИЯ ДЕКЕМВРИ🎄  🎅Soprano Ice изпълнява желания:  🌟гладка кожа  🌟без врастнали косми  🌟по-малко бръснене  *възползвайте се до края на декември  📲0888268482 или DM🌟  🎄Ул. Кавала 21, Бургас . . . #christmassale #лазернаепилацияжени #лазернаепилация #лазернаепилациямъже #лазернаепилация #лазернаепилациябургас #лазернокозметиченцентър #underyourskinburgas",http://instagram.com/under._your._skin
https://www.facebook.com/ads/library/?id=1634724104986114,Лоримар лазерна естетика,E. Laser clinics,True,True,2026-09-14,2026-10-06,23,Women,18,65,"Stara Zagora, Bulgaria",41871,52.3,47.4,0.4,3.4,12.3,25.1,26.2,19.2,13.7,741,2470,4787,5460,4684,3797,695,2681,5719,5495,3363,1931,failed/painful alternatives; mechanism/education; discount/urgency,"Истинската лазерна епилация се извършва единствено с лазерна апаратура от медицински клас.  Ето защо в Лоримар избираме да работим с най-доброто от света на медицинската естетика – Cynosure Elite+.  ⚡️ Тя комбинира двете най-доказани технологии в съвременната лазерна епилация – Nd:YAG (1064 nm) и Александритен лазер (755 nm).  🔹 Nd:YAG е изключително ефективен при по-тъмни фототипове кожа и кожа с тен, като освен за лазерна епилация се използва и за редица естетични процедури, терапии и лечения.",https://lorimar.bg/proceduri/lazerna-epilaciya
https://www.facebook.com/ads/library/?id=1507019794405557,Медико-естетичен център Grand,E. Laser clinics,True,False,2026-06-01,2026-06-30,30,Women,18,65,"Velingrad, Bulgaria",14549,71.9,27.7,0.3,9.6,20.0,24.2,17.4,16.2,12.6,1189,2215,2402,1808,1725,1390,243,760,1185,779,689,481,shame/hiding & confidence; discount/urgency; summer/beach,"☀️ Гладката кожа не е само летен детайл. Тя е удобство, увереност и спокойствие всеки ден.   През целия месец юни в Медико-естетичен център GRAND ви очаква: 💥 -30% намаление при пакет от 3 процедури лазерна епилация.  ✅ Ние работим с апарат PrimeLase - един от най-мощните диодни лазери в света, подходящ за различни типове кожа и ефективен дори през летните месеци.  ✨ По-малко време за бръснене. Повече време за лято.  📲 За консултация и записване: 0893 66 39 07",
https://www.facebook.com/ads/library/?id=1544847256572315,Нирвана Естетичен център,E. Laser clinics,True,False,2026-02-02,2026-02-16,15,Women,25,65,"Sofia Province, Bulgaria; Sofia, Bulgaria",55881,63.6,35.5,1.0,0.0,31.9,34.6,20.7,8.1,4.7,0,12836,12360,6629,2230,1271,0,4822,6618,4717,2231,1324,failed/painful alternatives,"💖 Гладка кожа за перфектния Свети Валентин в Нирвана! 💖  Подгответе се за романтичния ден с александритна епилация – безболезнена, бърза и трайна! Гладки крака, бикини зона или цялото тяло – идеални за твоята Валентинка.  Специална оферта в периода 02.02 до 15.02.2026!",https://nirvana.bg/shop/?filters=sveti-valentin-promotion[lazerna-epilazia-jeni-clarity-alexanndritenlaser-sales]
https://www.facebook.com/ads/library/?id=1450141163643829,д-р Лилия Гюдюлева,E. Laser clinics,True,True,2026-10-02,2026-10-06,5,Women,30,55,"Plovdiv, Bulgaria",5150,100.0,0.0,0.0,0.0,9.5,28.0,54.0,8.5,0.0,0,492,1456,2804,440,0,0,0,0,0,0,0,summer/beach,"🍂Още ли се чудите дали да започнете? Време е да кажете СБОГОМ на бръснача. ✨ Представете си:  ❌ Без ежедневно бръснене ❌ Без раздразнения ❌ Без врастнали косми  ⚡ И с по-малък брой процедури, нужни за постигане на траен резултат. ⚡ А сега е и с -115 € ОТСТЪПКА за лазерна епилация на цели крака.  Не отлагайте гладката кожа за следващото лято. 📲 Запазете своя час до края на ОКТОМВРИ и се възползвайте от специалната ни цена.",https://gyudyuleva.com/%D0%BF%D1%80%D0%BE%D1%86%D0%B5%D0%B4%D1%83%D1%80%D0%B8/%D0%BB%D0%B0%D0%B7%D0%B5%D1%80%D0%BD%D0%B0-%D0%B5%D0%BF%D0%B8%D0%BB%D0%B0%D1%86%D0%B8%D1%8F#last
https://www.facebook.com/ads/library/?id=1088609283870244,MED PRO - Козметична апаратура,"X. Excluded (B2B equipment, off-topic)",True,False,2026-08-31,2026-09-30,31,Women,22,55,Bulgaria,94134,100.0,0.0,0.0,2.3,15.6,30.2,45.9,5.9,0.0,2197,14740,28547,43352,5618,0,0,0,0,0,0,0,failed/painful alternatives; discount/urgency; social proof/reviews,"🚫СПРИ ДА ПЛАЩАШ НАЕМ ЗА ЛАЗЕР, КОЙТО НИКОГА НЯМА ДА БЪДЕ ТВОЙ!  💸Забрави за наема – плащаш всеки месец, а накрая не притежаваш нищо. Вземи DermaOne X на изплащане с 0% оскъпяване и инвестирай в собствен професионален лазер, който работи за развитието и приходите на твоя бизнес!  ✨DermaOne X е създаден за козметични салони, студиа и клиники, които искат да предлагат търсена услуга, да привличат повече клиенти и да изграждат постоянни приходи от лазерна епилация.  🔥4 дължини на вълната – 755 nm, 8",https://beautypro.bg/dermaone-x-lazer-4-vulni-epilacia.html
https://www.facebook.com/ads/library/?id=4473873756170689,Motif Architecture,"X. Excluded (B2B equipment, off-topic)",True,True,2026-09-18,2026-10-06,19,All,18,65,"Sofia, Bulgaria",9274,81.3,17.7,1.0,1.7,16.8,40.7,30.0,8.7,2.1,131,1242,2980,2370,720,171,26,329,781,413,88,25,other,"Интериор на апартамент | кв. Изгрев, София | 220 м²  Топли материали, приглушени тонове и прецизни детайли оформят атмосферата на този мезонет в кв. Изгрев.  Пространствата са обединени от обща естетика, но всяко от тях има собствен характер. Дневната и кухнята залагат на светлина и усещане за простор, докато мастър спалнята и прилежащата ѝ баня създават по-интимна зона за отдих.  В банята широкоформатният гранитогрес се среща с естествената топлина на дървото, превръщайки материалния контраст в",https://instagram.com/motif.architecture
https://www.facebook.com/ads/library/?id=1082025044702594,Motif Architecture,"X. Excluded (B2B equipment, off-topic)",True,True,2026-09-19,2026-10-06,18,All,18,65,"Sofia, Bulgaria",6057,50.0,49.4,0.6,7.4,12.0,17.7,23.8,21.0,18.1,197,287,368,649,686,760,235,415,668,746,548,300,other,"Интериор на апартамент | кв. Изгрев, София | 220 м²  Топли материали, приглушени тонове и прецизни детайли оформят атмосферата на този мезонет в кв. Изгрев.  Пространствата са обединени от обща естетика, но всяко от тях има собствен характер. Дневната и кухнята залагат на светлина и усещане за простор, докато мастър спалнята и прилежащата ѝ баня създават по-интимна зона за отдих.  В банята широкоформатният гранитогрес се среща с естествената топлина на дървото, превръщайки материалния контраст в",
https://www.facebook.com/ads/library/?id=1400798865097483,My Beauty Time - Козметична Лазерна Апаратура,"X. Excluded (B2B equipment, off-topic)",True,False,2025-12-18,2026-01-01,15,Women,18,65,Bulgaria,47602,64.4,35.3,0.3,13.1,23.5,23.3,18.0,12.9,9.2,3667,6539,6979,6120,4546,3466,2674,4853,4283,2600,1714,1013,shame/hiding & confidence; social proof/reviews,"❄️ КРАЯТ НА ГОДИНАТА = НАЙ-ДОБРИТЕ ЦЕНИ ЗА КОЗМЕТИЧНА АПАРАТУРА   Ако 2026 е годината, в която искаш: ✔️ повече клиенти ✔️ по-висока възвръщаемост ✔️ по-модерен и конкурентен салон  това е моментът да надградиш.  Подготвихме специална селекция от професионална апаратура с промо цени до изчерпване на количествата 👇  💎 Какво ще откриеш в каталога:  • Лазерна епилация (Diode, Nd:YAG, 2in1, 3in1, 4D) • CO₂ фракционен лазер • HIFU за лице, тяло и интимна зона • HIFEM / EMS за оформяне и стягане • Кис",
https://www.facebook.com/ads/library/?id=1555937489013903,Грижа за женското здраве,"X. Excluded (B2B equipment, off-topic)",True,False,2025-12-15,2026-01-16,33,Women,18,53,Bulgaria,140882,100.0,0.0,0.0,11.9,20.3,29.4,38.5,0.0,0.0,17549,29972,43376,56864,0,0,0,0,0,0,0,0,failed/painful alternatives,"Херпес симплекс тип 2 е вирусна инфекция, която се активира в периоди на отслабен имунитет или стрес. Симптомите могат да включват болезнени мехурчета, сърбеж и дискомфорт в интимната зона. Макар и често срещан, той изисква внимание и правилна грижа.​  За намаляване на риска от рецидиви помагат:​ ▪ здравословно хранене, богато на витамини и минерали​ ▪ достатъчно сън и редуциране на стреса​ ▪ добра интимна хигиена и поддържане на здрава лигавица​  Когато тези мерки не са достатъчни, на помощ идв",https://www.credoweb.bg/page/21374/silvergyn-plus-silvarzhin-plyus
